period,grouping,group,measure,estimate,se,se_bootstrap,cv,ci_low,ci_high,person_months,quality
2022,Canada,Canada,Unemployment rate,5.27284886551882,0.0764452070786001,0.0340927649581055,0.0144978945970753,5.11995845136162,5.42573927967602,42767,Acceptable
2022,Canada,Canada,Long-term share of unemployment,18.2775518087703,0.588868983560682,0.262621721032304,0.0322181542540134,17.0998138416489,19.4552897758916,7303,Acceptable
2022,Canada,Canada,Long-term unemployment rate,0.910496246336075,0.0324428441606097,0.0144687456913141,0.0356320460311208,0.845610558014855,0.975381934657294,7303,Acceptable
2022,Canada,Canada,Long-term unemployed (people),189732,6782.82645630553,3024.98111998939,0.0357495122399254,176166.347087389,203297.652912611,7303,Acceptable
2022,Canada,Canada,Unemployed (people),1098772.41666667,16098.7803037924,7179.67749691684,0.014651605791699,1066574.85605908,1130969.97727425,42767,Acceptable
2022,Province,Alberta,Unemployment rate,5.83672938254215,0.235410518154586,0.10498755606559,0.0403326079942488,5.36590834623298,6.30755041885132,3699,Acceptable
2022,Province,British Columbia,Unemployment rate,4.64711257529668,0.182290269695454,0.081297174229469,0.0392265663337877,4.28253203590577,5.01169311468759,4712,Acceptable
2022,Province,Manitoba,Unemployment rate,4.52537560343411,0.21116468307008,0.094174483692077,0.0466623550340962,4.10304623729395,4.94770496957427,2741,Acceptable
2022,Province,New Brunswick,Unemployment rate,7.20096760762967,0.325334870153375,0.145091702733051,0.0451793269849834,6.55029786732292,7.85163734793642,2823,Acceptable
2022,Province,Newfoundland and Labrador,Unemployment rate,11.3080638299752,0.478600335477084,0.213444496651228,0.0423238091571801,10.3508631590211,12.2652645009294,2946,Acceptable
2022,Province,Nova Scotia,Unemployment rate,6.54806779935675,0.30426054424251,0.135693048881661,0.0464656985183323,5.93954671087173,7.15658888784177,2553,Acceptable
2022,Province,Ontario,Unemployment rate,5.56324280030287,0.137049367948262,0.0611207957656904,0.0246347989594847,5.28914406440635,5.83734153619939,13947,Acceptable
2022,Province,Prince Edward Island,Unemployment rate,7.72746631668802,0.524743795047536,0.234023394683014,0.0679063192956679,6.67797872659295,8.77695390678309,1273,Acceptable
2022,Province,Quebec,Unemployment rate,4.33087933513512,0.161186118515893,0.0718852190094993,0.0372178733330755,4.00850709810334,4.65325157216691,5858,Acceptable
2022,Province,Saskatchewan,Unemployment rate,4.64058578896244,0.240418105246018,0.10722082216872,0.0518077062205916,4.1597495784704,5.12142199945447,2215,Acceptable
2022,Province,Alberta,Long-term share of unemployment,22.4898971970324,1.74619932920216,0.778763843746014,0.0776437221523879,18.9974985386281,25.9822958554368,810,Acceptable
2022,Province,British Columbia,Long-term share of unemployment,17.5887177359562,1.45068461637113,0.646971230039686,0.0824781338895175,14.687348503214,20.4900869686985,840,Acceptable
2022,Province,Manitoba,Long-term share of unemployment,16.2933492144893,1.82566551049,0.814203892171538,0.112049737991651,12.6420181935093,19.9446802354694,438,Acceptable
2022,Province,New Brunswick,Long-term share of unemployment,16.4809337375275,1.77407153028127,0.791194190089094,0.107643872521717,12.9327906769649,20.02907679809,440,Acceptable
2022,Province,Newfoundland and Labrador,Long-term share of unemployment,20.9041668267284,2.00095074466719,0.89237698526402,0.0957201863749357,16.9022653373941,24.9060683160628,564,Acceptable
2022,Province,Nova Scotia,Long-term share of unemployment,17.9402721748192,1.79987833841045,0.802703419738538,0.100326144490536,14.3405154979983,21.5400288516401,436,Acceptable
2022,Province,Ontario,Long-term share of unemployment,19.0702430236124,1.00453532217342,0.447999134802008,0.052675538582787,17.0611723792656,21.0793136679592,2474,Acceptable
2022,Province,Prince Edward Island,Long-term share of unemployment,14.0174937899688,2.44439876955218,1.09014437790115,0.174382011947202,9.12869625086446,18.9062913290732,162,Marginal
2022,Province,Quebec,Long-term share of unemployment,14.0009786886736,1.38928450035799,0.619588221952809,0.0992276705257673,11.2224096879576,16.7795476893896,724,Acceptable
2022,Province,Saskatchewan,Long-term share of unemployment,19.2015148520533,1.98780351844911,0.886513631491648,0.103523265417601,15.225907815155,23.1771218889515,415,Acceptable
2022,Province,Alberta,Long-term unemployment rate,1.25339270470111,0.108901954847486,0.0485677113318059,0.0868857417464033,1.03558879500613,1.47119661439608,810,Acceptable
2022,Province,British Columbia,Long-term unemployment rate,0.769438866912746,0.0682433340319198,0.0304349224237896,0.0886923405698696,0.632952198848906,0.905925534976586,840,Acceptable
2022,Province,Manitoba,Long-term unemployment rate,0.683451544216522,0.0829262311460918,0.0369831493087377,0.121334470377347,0.517599081924338,0.849304006508706,438,Acceptable
2022,Province,New Brunswick,Long-term unemployment rate,1.1060196676052,0.131766625750514,0.058764816954659,0.119135879415075,0.842486416104172,1.36955291910623,440,Acceptable
2022,Province,Newfoundland and Labrador,Long-term unemployment rate,2.23254692508019,0.241527540657569,0.107715604276947,0.108184754346829,1.74949184376505,2.71560200639533,564,Acceptable
2022,Province,Nova Scotia,Long-term unemployment rate,1.10067610722766,0.124373418038139,0.0554676201459003,0.112997290684729,0.851929271151378,1.34942294330393,436,Acceptable
2022,Province,Ontario,Long-term unemployment rate,1.00854716223395,0.0590873930224975,0.0263515880103768,0.0585866434759661,0.890372376188951,1.12672194827894,2474,Acceptable
2022,Province,Prince Edward Island,Long-term unemployment rate,0.969600479636471,0.1842417546778,0.082167490647789,0.190018217345434,0.601116970280871,1.33808398899207,162,Marginal
2022,Province,Quebec,Long-term unemployment rate,0.567667017185974,0.0601613778612656,0.0268305599966656,0.105980048232318,0.447344261463443,0.687989772908506,724,Acceptable
2022,Province,Saskatchewan,Long-term unemployment rate,0.828397044704477,0.0962754369488241,0.0429365812268695,0.116218952692147,0.635846170806828,1.02094791860212,415,Acceptable
2022,Province,Alberta,Long-term unemployed (people),31360.25,2742.09884786328,1222.91161322872,0.0874386794704531,25876.0523042735,36844.4476957266,810,Acceptable
2022,Province,British Columbia,Long-term unemployed (people),22398.25,1987.65645344074,886.448043955745,0.0887415960372236,18422.9370931185,26373.5629068815,840,Acceptable
2022,Province,Manitoba,Long-term unemployed (people),4924.58333333333,598.217995899766,266.791160719205,0.121475860069332,3728.1473415338,6121.01932513287,438,Acceptable
2022,Province,New Brunswick,Long-term unemployed (people),4476.16666666667,533.065099164682,237.734500666664,0.119089644971072,3410.0364683373,5542.29686499603,440,Acceptable
2022,Province,Newfoundland and Labrador,Long-term unemployed (people),5895.16666666667,638.549261937201,284.777957093022,0.108317423076057,4618.06814279227,7172.26519054107,564,Acceptable
2022,Province,Nova Scotia,Long-term unemployed (people),5796.08333333333,655.099355075425,292.158909502714,0.113024488676335,4485.88462318248,7106.28204348418,436,Acceptable
2022,Province,Ontario,Long-term unemployed (people),82917.4166666667,4863.08322223307,2168.82077507919,0.0586497194164041,73191.2502222005,92643.5831111328,2474,Acceptable
2022,Province,Prince Edward Island,Long-term unemployed (people),884.083333333333,168.193616850062,75.0103985044737,0.190246338222334,547.69609963321,1220.47056703346,162,Marginal
2022,Province,Quebec,Long-term unemployed (people),26060.5,2764.84188480033,1233.05447296264,0.10609320177281,20530.8162303994,31590.1837696007,724,Acceptable
2022,Province,Saskatchewan,Long-term unemployed (people),5019.5,583.452974853939,260.206308491657,0.116237269619273,3852.59405029212,6186.40594970788,415,Acceptable
2022,Province,Alberta,Unemployed (people),146036.666666667,5971.73795552224,2663.25471915702,0.0408920450721662,134093.190755622,157980.142577711,3699,Acceptable
2022,Province,British Columbia,Unemployed (people),135276.75,5360.58365414286,2390.69427035558,0.03962679214383,124555.582691714,145997.917308286,4712,Acceptable
2022,Province,Manitoba,Unemployed (people),32607.4166666667,1534.76068504589,684.467179850943,0.047067840446705,29537.8952965749,35676.9380367585,2741,Acceptable
2022,Province,New Brunswick,Unemployed (people),29143,1327.20061516155,591.900268887132,0.0455409743390026,26488.5987696769,31797.4012303231,2823,Acceptable
2022,Province,Newfoundland and Labrador,Unemployed (people),29859.5833333333,1284.44759319014,572.833426307694,0.0430162597666345,27290.6881469531,32428.4785197136,2946,Acceptable
2022,Province,Nova Scotia,Unemployed (people),34481.6666666667,1607.03806201881,716.701190576985,0.0466055796419009,31267.590542629,37695.7427907043,2553,Acceptable
2022,Province,Ontario,Unemployed (people),457380.416666667,11346.0838396922,5060.08662052368,0.0248066673304054,434688.248987282,480072.584346051,13947,Acceptable
2022,Province,Prince Edward Island,Unemployed (people),7045.91666666667,485.692092843274,216.607253693364,0.0689324208361733,6074.53248098012,8017.30085235322,1273,Acceptable
2022,Province,Quebec,Unemployed (people),198822.333333333,7452.72923720486,3323.74200934769,0.0374843666315397,183916.874858924,213727.791807743,5858,Acceptable
2022,Province,Saskatchewan,Unemployed (people),28118.6666666667,1464.52445619184,653.143473193925,0.0520837091442875,25189.617754283,31047.7155790503,2215,Acceptable
2022,Age,15 to 24,Unemployment rate,10.0228841029392,0.291869732416704,0.130167038143238,0.0291203339696517,9.43914463810584,10.6066235677727,10792,Acceptable
2022,Age,25 to 54,Unemployment rate,4.3455812087355,0.0894581299120304,0.0398962225786984,0.020585998883694,4.16666494891144,4.52449746855956,21352,Acceptable
2022,Age,55 and over,Unemployment rate,4.99487912442387,0.145079834150616,0.0647021948775976,0.0290457147283519,4.70471945612264,5.2850387927251,10623,Acceptable
2022,Age,15 to 24,Long-term share of unemployment,7.57079031759407,0.754096345273377,0.33630923948885,0.099606027064427,6.06259762704732,9.07898300814082,803,Acceptable
2022,Age,25 to 54,Long-term share of unemployment,19.7871121230491,0.857338105071003,0.382352636912349,0.0433281066857822,18.0724359129071,21.5017883331911,3890,Acceptable
2022,Age,55 and over,Long-term share of unemployment,28.3042412785239,1.43496348898684,0.639959976865399,0.0506978256320771,25.4343143005502,31.1741682564976,2610,Acceptable
2022,Age,15 to 24,Long-term unemployment rate,0.719138160532952,0.0745661282470243,0.0332547399805972,0.103688181686484,0.570005904038904,0.868270417027001,803,Acceptable
2022,Age,25 to 54,Long-term unemployment rate,0.810670489773371,0.0386712719075998,0.0172464780221108,0.0477028242614464,0.733327945958171,0.88801303358857,3890,Acceptable
2022,Age,55 and over,Long-term unemployment rate,1.33746278024233,0.0792358282688707,0.0353373163951784,0.059243389378293,1.17899112370459,1.49593443678007,2610,Acceptable
2022,Age,15 to 24,Long-term unemployed (people),20814.5,2161.10831830082,963.803497439437,0.103827058939721,16492.2833633984,25136.7166366017,803,Acceptable
2022,Age,25 to 54,Long-term unemployed (people),109377.5,5221.53033469403,2328.67975933805,0.0477386147488654,98934.439330612,119820.560669388,3890,Acceptable
2022,Age,55 and over,Long-term unemployed (people),59540,3539.37634782304,1578.47863242152,0.0594453535072731,52461.2473043539,66618.7526956461,2610,Acceptable
2022,Age,15 to 24,Unemployed (people),290099.083333333,8507.49185960815,3794.14133909529,0.0293261590552245,273084.099614117,307114.06705255,10792,Acceptable
2022,Age,25 to 54,Unemployed (people),586315.666666667,12100.7810459909,5396.66382990224,0.0206386793564404,562114.104574685,610517.228758649,21352,Acceptable
2022,Age,55 and over,Unemployed (people),222357.666666667,6537.41047382296,2915.53136208451,0.0294004275715984,209282.845719021,235432.487614313,10623,Acceptable
2022,Gender,Men+,Unemployment rate,5.40366926017908,0.109536475582341,0.0488506926605397,0.0202707586842039,5.1845963090144,5.62274221134376,23178,Acceptable
2022,Gender,Women+,Unemployment rate,5.12771423755871,0.108251587309344,0.0482776627013995,0.0211110803555391,4.91121106294002,5.34421741217739,19589,Acceptable
2022,Gender,Men+,Long-term share of unemployment,19.3527470483993,0.801343590426056,0.357380399937824,0.0414072270165044,17.7500598675472,20.9554342292514,4126,Acceptable
2022,Gender,Women+,Long-term share of unemployment,16.9929127848259,0.827675606695141,0.369123860068842,0.0487071061433462,15.3375615714356,18.6482639982162,3177,Acceptable
2022,Gender,Men+,Long-term unemployment rate,0.997860021500153,0.0464664640107007,0.0207229504175751,0.0465661144945404,0.904927093478752,1.09079294952155,4126,Acceptable
2022,Gender,Women+,Long-term unemployment rate,0.813573216570272,0.0431164646341121,0.0192289294616451,0.052996416002822,0.727340287302048,0.899806145838497,3177,Acceptable
2022,Gender,Men+,Long-term unemployed (people),109361.583333333,5098.39051574687,2273.76229538203,0.046619574811815,99164.8023018396,119558.364364827,4126,Acceptable
2022,Gender,Women+,Long-term unemployed (people),80370.4166666667,4275.33438276483,1906.698611975,0.0531953741200151,71819.747901137,88921.0854321963,3177,Acceptable
2022,Gender,Men+,Unemployed (people),592221.166666667,12120.47759475,5405.44802753859,0.0204661337300227,567980.211477167,616462.121856167,23178,Acceptable
2022,Gender,Women+,Unemployed (people),506551.25,10793.6037758565,4813.69350210327,0.0213080192297551,484964.042448287,528138.457551713,19589,Acceptable
2022,Immigrant status,"Immigrant, landed 10 years or less",Unemployment rate,7.0573350153219,0.346243576687598,0.154416494236544,0.0490615191054246,6.36484786194671,7.7498221686971,3599,Acceptable
2022,Immigrant status,"Immigrant, landed over 10 years",Unemployment rate,5.06085158902999,0.188746371418914,0.0841764438006435,0.0372953776846658,4.68335884619216,5.43834433186782,5795,Acceptable
2022,Immigrant status,Non-immigrant (incl. non-permanent residents),Unemployment rate,5.12026640533042,0.0827259063908487,0.0368938091779853,0.0161565629289772,4.95481459254872,5.28571821811211,33373,Acceptable
2022,Immigrant status,"Immigrant, landed 10 years or less",Long-term share of unemployment,14.9194277721858,1.70667831998919,0.761138402864946,0.114393014668494,11.5060711322075,18.3327844121642,544,Acceptable
2022,Immigrant status,"Immigrant, landed over 10 years",Long-term share of unemployment,26.401798843007,1.75983663223188,0.78484576025357,0.0666559366919047,22.8821255785433,29.9214721074708,1419,Acceptable
2022,Immigrant status,Non-immigrant (incl. non-permanent residents),Long-term share of unemployment,16.7864607535607,0.639606869950395,0.285249625400161,0.0381025446245257,15.5072470136599,18.0656744934614,5340,Acceptable
2022,Immigrant status,"Immigrant, landed 10 years or less",Long-term unemployment rate,1.02462101088954,0.126178497378977,0.0562726430904343,0.123146505915815,0.77226401613159,1.2769780056475,544,Acceptable
2022,Immigrant status,"Immigrant, landed over 10 years",Long-term unemployment rate,1.28506291907053,0.0981999757858606,0.0437948802979462,0.0764164729435098,1.08866296749881,1.48146287064225,1419,Acceptable
2022,Immigrant status,Non-immigrant (incl. non-permanent residents),Long-term unemployment rate,0.80457309808348,0.0330459394644929,0.0147377120167175,0.0410726378289424,0.738481219154494,0.870664977012465,5340,Acceptable
2022,Immigrant status,"Immigrant, landed 10 years or less",Long-term unemployed (people),18009.1666666667,2227.57531110323,993.446213440646,0.123691193064822,13554.0160444602,22464.3172888731,544,Acceptable
2022,Immigrant status,"Immigrant, landed over 10 years",Long-term unemployed (people),48688.8333333333,3716.2307520616,1657.35153846665,0.076326140875456,41256.3718292101,56121.2948374565,1419,Acceptable
2022,Immigrant status,Non-immigrant (incl. non-permanent residents),Long-term unemployed (people),123034,5080.44667526455,2265.75976442701,0.0412930301808,112873.106649471,133194.893350529,5340,Acceptable
2022,Immigrant status,"Immigrant, landed 10 years or less",Unemployed (people),124042.666666667,6265.05839371591,2794.06873796742,0.0505072856144867,111512.549879235,136572.783454099,3599,Acceptable
2022,Immigrant status,"Immigrant, landed over 10 years",Unemployed (people),191747,7330.11348747618,3269.05826794107,0.0382280478311326,177086.773025048,206407.226974952,5795,Acceptable
2022,Immigrant status,Non-immigrant (incl. non-permanent residents),Unemployed (people),782982.75,12863.2558627294,5736.7096706678,0.0164285303382858,757256.238274541,808709.261725459,33373,Acceptable
2022,Education,Bachelor's or above,Unemployment rate,3.86251808637167,0.118090405777592,0.0526655444054618,0.0305734246770925,3.62633727481648,4.09869889792685,9031,Acceptable
2022,Education,High school or less,Unemployment rate,8.02882868477423,0.177388906965145,0.0791112816938254,0.0220939957657265,7.67405087084394,8.38360649870452,17560,Acceptable
2022,Education,"Some postsecondary, certificate or diploma",Unemployment rate,4.71326738537013,0.110311880478575,0.0491965050127453,0.0234045453947682,4.49264362441298,4.93389114632728,16176,Acceptable
2022,Education,Bachelor's or above,Long-term share of unemployment,20.7663309543423,1.3038356757872,0.581480055288505,0.0627860395104876,18.1586596027679,23.3740023059167,1823,Acceptable
2022,Education,High school or less,Long-term share of unemployment,15.9597553437225,0.895484605598601,0.399365079237535,0.0561089181076213,14.1687861325253,17.7507245549198,2597,Acceptable
2022,Education,"Some postsecondary, certificate or diploma",Long-term share of unemployment,19.1054377233671,0.984995107143132,0.439284658332954,0.0515557466625548,17.1354475090808,21.0754279376534,2883,Acceptable
2022,Education,Bachelor's or above,Long-term unemployment rate,0.750863955704099,0.0520196411729466,0.0231995368642376,0.0692797154235042,0.646824673358206,0.854903238049992,1823,Acceptable
2022,Education,High school or less,Long-term unemployment rate,1.2218075163435,0.0739443251739519,0.0329774304299973,0.0605204372905192,1.0739188659956,1.36969616669141,2597,Acceptable
2022,Education,"Some postsecondary, certificate or diploma",Long-term unemployment rate,0.847564751247562,0.0486542978452548,0.0216986728668864,0.0574048151172388,0.750256155557053,0.944873346938072,2883,Acceptable
2022,Education,Bachelor's or above,Long-term unemployed (people),53737,3724.95985301363,1661.24451225044,0.0693183440276462,46287.0802939728,61186.9197060273,1823,Acceptable
2022,Education,High school or less,Long-term unemployed (people),65407.3333333333,3993.52294776293,1781.01733798555,0.0610561957542416,57420.2874378075,73394.3792288592,2597,Acceptable
2022,Education,"Some postsecondary, certificate or diploma",Long-term unemployed (people),70587.6666666667,4059.37883781288,1810.38751652756,0.0575083301305641,62468.9089910409,78706.4243422924,2883,Acceptable
2022,Education,Bachelor's or above,Unemployed (people),276428.416666667,8581.96344541945,3827.35391537246,0.0310458799746629,259264.489775828,293592.343557506,9031,Acceptable
2022,Education,High school or less,Unemployed (people),429809.333333333,9795.68042545565,4368.64315124948,0.0227907578215821,410217.972482422,449400.694184245,17560,Acceptable
2022,Education,"Some postsecondary, certificate or diploma",Unemployed (people),392534.666666667,9323.2512869976,4157.95086337001,0.0237514086747267,373888.164092672,411181.169240662,16176,Acceptable
2022,Age x immigrant status,"15 to 24 | Immigrant, landed 10 years or less",Unemployment rate,10.5745016224144,1.1656637594414,0.519858629331155,0.110233446555116,8.24317410353158,12.9058291412972,734,Acceptable
2022,Age x immigrant status,"15 to 24 | Immigrant, landed over 10 years",Unemployment rate,11.1901677963801,1.1710936276987,0.522280222905483,0.10465380403657,8.84798054098268,13.5323550517775,721,Acceptable
2022,Age x immigrant status,15 to 24 | Non-immigrant (incl. non-permanent residents),Unemployment rate,9.8722278416852,0.309972593992343,0.138240488766935,0.0313984440962245,9.25228265370051,10.4921730296699,9337,Acceptable
2022,Age x immigrant status,"25 to 54 | Immigrant, landed 10 years or less",Unemployment rate,6.41214961102049,0.35798734131809,0.159653937139393,0.055829536588295,5.69617492838431,7.12812429365667,2603,Acceptable
2022,Age x immigrant status,"25 to 54 | Immigrant, landed over 10 years",Unemployment rate,4.54264808845474,0.235962318254389,0.105233645936039,0.051943781173385,4.07072345194596,5.01457272496352,3173,Acceptable
2022,Age x immigrant status,25 to 54 | Non-immigrant (incl. non-permanent residents),Unemployment rate,3.98558433704464,0.091356926902053,0.0407430413912558,0.0229218401058339,3.80287048324053,4.16829819084874,15576,Acceptable
2022,Age x immigrant status,"55 and over | Immigrant, landed 10 years or less",Unemployment rate,9.03189393296477,1.56407200274726,0.697539338370672,0.173172095947527,5.90374992747025,12.1600379384593,262,Marginal
2022,Age x immigrant status,"55 and over | Immigrant, landed over 10 years",Unemployment rate,5.00083889369281,0.319815381861158,0.14263014073032,0.0639523465282029,4.3612081299705,5.64046965741513,1901,Acceptable
2022,Age x immigrant status,55 and over | Non-immigrant (incl. non-permanent residents),Unemployment rate,4.88902984435833,0.15884622786518,0.0708416827953793,0.0324903371265938,4.57133738862797,5.20672230008869,8460,Acceptable
2022,Age x immigrant status,"15 to 24 | Immigrant, landed 10 years or less",Long-term share of unemployment,5.25367229568849,2.47373666855017,1.10322839105418,0.470858578404344,0.306198958588157,10.2011456327888,46,Suppressed
2022,Age x immigrant status,"15 to 24 | Immigrant, landed over 10 years",Long-term share of unemployment,11.4609530173253,3.93978159808933,1.75704995961126,0.343756892828516,3.58138982114658,19.3405162135039,64,Marginal
2022,Age x immigrant status,15 to 24 | Non-immigrant (incl. non-permanent residents),Long-term share of unemployment,7.41571777023349,0.787230321836365,0.351086213981546,0.106156996022191,5.84125712656076,8.99017841390622,693,Acceptable
2022,Age x immigrant status,"25 to 54 | Immigrant, landed 10 years or less",Long-term share of unemployment,16.7544255369584,2.09388768892178,0.933824677244742,0.124975200391258,12.5666501591148,20.942200914802,436,Acceptable
2022,Age x immigrant status,"25 to 54 | Immigrant, landed over 10 years",Long-term share of unemployment,24.8247620720581,2.36067320635064,1.05280474528978,0.0950934876837245,20.1034156593568,29.5461084847594,721,Acceptable
2022,Age x immigrant status,25 to 54 | Non-immigrant (incl. non-permanent residents),Long-term share of unemployment,19.101423824495,0.983903796229181,0.438797959324509,0.0515094479484539,17.1336162320366,21.0692314169533,2733,Acceptable
2022,Age x immigrant status,"55 and over | Immigrant, landed 10 years or less",Long-term share of unemployment,22.2817790530846,7.68418628512056,3.42696641064172,0.344864127178246,6.91340648284353,37.6501516233258,62,Marginal
2022,Age x immigrant status,"55 and over | Immigrant, landed over 10 years",Long-term share of unemployment,35.016595814024,3.14098514611748,1.40080552353505,0.0896999000930733,28.734625521789,41.2985661062589,634,Acceptable
2022,Age x immigrant status,55 and over | Non-immigrant (incl. non-permanent residents),Long-term share of unemployment,25.9037389206987,1.62170692367786,0.723243157978951,0.0626051292688877,22.6603250733429,29.1471527680544,1914,Acceptable
2022,Age x immigrant status,"15 to 24 | Immigrant, landed 10 years or less",Long-term unemployment rate,0.54044052949757,0.264822500803007,0.118104608784846,0.49001228876969,0.0107955278915555,1.07008553110358,46,Suppressed
2022,Age x immigrant status,"15 to 24 | Immigrant, landed over 10 years",Long-term unemployment rate,1.22120150079041,0.446748408048263,0.199239285928509,0.365826939910497,0.327704684693888,2.11469831688694,64,Suppressed
2022,Age x immigrant status,15 to 24 | Non-immigrant (incl. non-permanent residents),Long-term unemployment rate,0.691729132806777,0.0762881833847399,0.0340227360826245,0.110286208526727,0.539152766037297,0.844305499576257,693,Acceptable
2022,Age x immigrant status,"25 to 54 | Immigrant, landed 10 years or less",Long-term unemployment rate,1.04442077244697,0.14005501978821,0.0624612458166647,0.134098271006307,0.76431073287055,1.32453081202339,436,Acceptable
2022,Age x immigrant status,"25 to 54 | Immigrant, landed over 10 years",Long-term unemployment rate,1.07813951590492,0.115957358623207,0.0517142555273477,0.107553203377282,0.846224798658509,1.31005423315133,721,Acceptable
2022,Age x immigrant status,25 to 54 | Non-immigrant (incl. non-permanent residents),Long-term unemployment rate,0.709487010374064,0.0400286778084158,0.0178518491382056,0.0564191834707607,0.629429654757232,0.789544365990896,2733,Acceptable
2022,Age x immigrant status,"55 and over | Immigrant, landed 10 years or less",Long-term unemployment rate,1.98492264496847,0.763615345483029,0.340554489769226,0.384707861245222,0.457691954002414,3.51215333593453,62,Suppressed
2022,Age x immigrant status,"55 and over | Immigrant, landed over 10 years",Long-term unemployment rate,1.70895028063697,0.190041352938038,0.0847539751102413,0.111203558752572,1.3288675747609,2.08903298651305,634,Acceptable
2022,Age x immigrant status,55 and over | Non-immigrant (incl. non-permanent residents),Long-term unemployment rate,1.18111143294349,0.0852807367143111,0.038033203432436,0.0722038025673663,1.01054995951487,1.35167290637212,1914,Acceptable
2022,Age x immigrant status,"15 to 24 | Immigrant, landed 10 years or less",Long-term unemployed (people),1195.16666666667,587.789386699786,262.140246216098,0.491805371663466,19.5878932670953,2370.74544006624,46,Suppressed
2022,Age x immigrant status,"15 to 24 | Immigrant, landed over 10 years",Long-term unemployed (people),2601.41666666667,956.01088955455,426.358378772666,0.367496257637012,689.394887557566,4513.43844577577,64,Suppressed
2022,Age x immigrant status,15 to 24 | Non-immigrant (incl. non-permanent residents),Long-term unemployed (people),17017.9166666667,1878.48694663071,837.761010739392,0.11038289723854,13260.9427734052,20774.8905599281,693,Acceptable
2022,Age x immigrant status,"25 to 54 | Immigrant, landed 10 years or less",Long-term unemployed (people),15196.25,2038.30407835355,909.035693827153,0.134132044310508,11119.6418432929,19272.8581567071,436,Acceptable
2022,Age x immigrant status,"25 to 54 | Immigrant, landed over 10 years",Long-term unemployed (people),25673.5,2765.9362165122,1233.54251917593,0.107735065982908,20141.6275669756,31205.3724330244,721,Acceptable
2022,Age x immigrant status,25 to 54 | Non-immigrant (incl. non-permanent residents),Long-term unemployed (people),68507.75,3884.31376801798,1732.31261157302,0.056698895643456,60739.1224639641,76276.377536036,2733,Acceptable
2022,Age x immigrant status,"55 and over | Immigrant, landed 10 years or less",Long-term unemployed (people),1617.75,631.730314132355,281.736866700878,0.390499344232641,354.28937173529,2881.21062826471,62,Suppressed
2022,Age x immigrant status,"55 and over | Immigrant, landed over 10 years",Long-term unemployed (people),20413.9166666667,2281.25203510475,1017.38477028468,0.111749845576167,15851.4125964572,24976.4207368762,634,Acceptable
2022,Age x immigrant status,55 and over | Non-immigrant (incl. non-permanent residents),Long-term unemployed (people),37508.3333333333,2720.26801544201,1213.17557526087,0.0725243638864788,32067.7973024493,42948.8693642174,1914,Acceptable
2022,Age x immigrant status,"15 to 24 | Immigrant, landed 10 years or less",Unemployed (people),23385.1666666667,2717.57864477373,1211.97617917597,0.116209505089711,17950.0093771192,28820.3239562141,734,Acceptable
2022,Age x immigrant status,"15 to 24 | Immigrant, landed over 10 years",Unemployed (people),23837.4166666667,2619.8939149466,1168.41108646103,0.109906788624883,18597.6288367735,29077.2044965599,721,Acceptable
2022,Age x immigrant status,15 to 24 | Non-immigrant (incl. non-permanent residents),Unemployed (people),242876.5,7681.38697736983,3425.71798520292,0.0316267196594558,227513.72604526,258239.27395474,9337,Acceptable
2022,Age x immigrant status,"25 to 54 | Immigrant, landed 10 years or less",Unemployed (people),93296.3333333333,5359.33474680817,2390.13728704893,0.0574442162443844,82577.663839717,104015.00282695,2603,Acceptable
2022,Age x immigrant status,"25 to 54 | Immigrant, landed over 10 years",Unemployed (people),108173.083333333,5717.93027033918,2550.06245915555,0.0528590855889675,96737.222792655,119608.943874012,3173,Acceptable
2022,Age x immigrant status,25 to 54 | Non-immigrant (incl. non-permanent residents),Unemployed (people),384846.25,8934.43436124039,3984.54765644371,0.0232155941788192,366977.381277519,402715.118722481,15576,Acceptable
2022,Age x immigrant status,"55 and over | Immigrant, landed 10 years or less",Unemployed (people),7361.16666666667,1334.56168071513,595.1831310488,0.181297577021096,4692.04330523641,10030.2900280969,262,Marginal
2022,Age x immigrant status,"55 and over | Immigrant, landed over 10 years",Unemployed (people),59736.5,3888.90198956035,1734.3588505015,0.0651009347645133,51958.6960208793,67514.3039791207,1901,Acceptable
2022,Age x immigrant status,55 and over | Non-immigrant (incl. non-permanent residents),Unemployed (people),155260,5140.39469287915,2292.49517077024,0.0331083002246499,144979.210614242,165540.789385758,8460,Acceptable
2022,Province x age,Alberta | 15 to 24,Unemployment rate,10.9682125466398,0.871601975504233,0.388713987749858,0.079466182096485,9.22500859563138,12.7114164976483,916,Acceptable
2022,Province x age,Alberta | 25 to 54,Unemployment rate,4.73775368464679,0.271873498918344,0.121249188159444,0.0573844731099845,4.19400668681011,5.28150068248348,1946,Acceptable
2022,Province x age,Alberta | 55 and over,Unemployment rate,6.01563730222304,0.493704599969294,0.220180643479485,0.0820702072225744,5.02822810228446,7.00304650216163,837,Acceptable
2022,Province x age,British Columbia | 15 to 24,Unemployment rate,8.91920668419961,0.673991804651369,0.300584497809556,0.0755663399801404,7.57122307489687,10.2671902935023,1202,Acceptable
2022,Province x age,British Columbia | 25 to 54,Unemployment rate,4.00256645054452,0.213513256058401,0.0952218920246292,0.0533440877738219,3.57553993842771,4.42959296266132,2556,Acceptable
2022,Province x age,British Columbia | 55 and over,Unemployment rate,3.8987838690561,0.333328831719198,0.148656821635372,0.0854955911674829,3.23212620561771,4.5654415324945,954,Acceptable
2022,Province x age,Manitoba | 15 to 24,Unemployment rate,8.34708662411553,0.717295669032466,0.319897003152166,0.0859336558171243,6.9124952860506,9.78167796218046,818,Acceptable
2022,Province x age,Manitoba | 25 to 54,Unemployment rate,3.60598216499195,0.236937965545083,0.105668761688024,0.0657069155375627,3.13210623390178,4.07985809608211,1355,Acceptable
2022,Province x age,Manitoba | 55 and over,Unemployment rate,4.22872324511276,0.432659248460712,0.192955852020327,0.102314392165708,3.36340474819134,5.09404174203419,568,Acceptable
2022,Province x age,New Brunswick | 15 to 24,Unemployment rate,11.9343518181522,1.1191942847674,0.499134336228538,0.0937792267079895,9.69596324861742,14.172740387687,601,Acceptable
2022,Province x age,New Brunswick | 25 to 54,Unemployment rate,5.70199765076377,0.365306494873916,0.162918107535511,0.0640664057139666,4.97138466101594,6.4326106405116,1338,Acceptable
2022,Province x age,New Brunswick | 55 and over,Unemployment rate,8.30032427377245,0.632395193856376,0.282033387424972,0.0761892153845883,7.0355338860597,9.56511466148521,884,Acceptable
2022,Province x age,Newfoundland and Labrador | 15 to 24,Unemployment rate,14.5604082157795,1.57460381101329,0.702236277230794,0.108142834162221,11.4112005937529,17.7096158378061,487,Acceptable
2022,Province x age,Newfoundland and Labrador | 25 to 54,Unemployment rate,8.94370314379251,0.556855648482106,0.248344526292851,0.0622623134432406,7.8299918468283,10.0574144407567,1394,Acceptable
2022,Province x age,Newfoundland and Labrador | 55 and over,Unemployment rate,15.5579910355601,1.05649909043549,0.471173753661692,0.0679071666785705,13.4449928546892,17.6709892164311,1065,Acceptable
2022,Province x age,Nova Scotia | 15 to 24,Unemployment rate,11.4729716093311,1.08000096090562,0.481655035309478,0.0941343705607402,9.31296968751981,13.6329735311423,590,Acceptable
2022,Province x age,Nova Scotia | 25 to 54,Unemployment rate,5.28497395947645,0.3419804361996,0.152515233814929,0.064708064566032,4.60101308707725,5.96893483187565,1180,Acceptable
2022,Province x age,Nova Scotia | 55 and over,Unemployment rate,6.8097964418043,0.574686185089699,0.256296526383773,0.0843910959748793,5.66042407162491,7.9591688119837,783,Acceptable
2022,Province x age,Ontario | 15 to 24,Unemployment rate,11.4138300040581,0.506035911091412,0.225680118303059,0.044335329237556,10.4017581818753,12.4259018262409,4035,Acceptable
2022,Province x age,Ontario | 25 to 54,Unemployment rate,4.61539507463361,0.159362885307386,0.071072099866823,0.0345285469023552,4.29666930401884,4.93412084524838,7040,Acceptable
2022,Province x age,Ontario | 55 and over,Unemployment rate,4.6161326504374,0.243131682412852,0.108431013782819,0.052669994738954,4.1298692856117,5.1023960152631,2872,Acceptable
2022,Province x age,Prince Edward Island | 15 to 24,Unemployment rate,11.706513727658,1.729569288894,0.77134723677827,0.147744181498518,8.24737514987001,15.165652305446,258,Acceptable
2022,Province x age,Prince Edward Island | 25 to 54,Unemployment rate,5.52130939274606,0.566265760100073,0.252541214821552,0.102560048680488,4.38877787254591,6.6538409129462,532,Acceptable
2022,Province x age,Prince Edward Island | 55 and over,Unemployment rate,10.5655518281319,1.09448403967349,0.488114147910154,0.103589860470829,8.3765837487849,12.7545199074789,483,Acceptable
2022,Province x age,Quebec | 15 to 24,Unemployment rate,7.58787612550234,0.586630118903402,0.261623240035907,0.0773115044579837,6.41461588769553,8.76113636330914,1346,Acceptable
2022,Province x age,Quebec | 25 to 54,Unemployment rate,3.53438945016866,0.189044630596077,0.0843094603809133,0.0534872099584431,3.1563001889765,3.91247871136081,2807,Acceptable
2022,Province x age,Quebec | 55 and over,Unemployment rate,4.66998239193705,0.32065307109669,0.143003730433408,0.0686625867477174,4.02867624974367,5.31128853413043,1705,Acceptable
2022,Province x age,Saskatchewan | 15 to 24,Unemployment rate,8.19574699950456,0.839191867019663,0.374259841400368,0.102393578897737,6.51736326546524,9.87413073354389,539,Acceptable
2022,Province x age,Saskatchewan | 25 to 54,Unemployment rate,3.96383890524438,0.276503661852091,0.123314131962339,0.0697565336185236,3.4108315815402,4.51684622894856,1204,Acceptable
2022,Province x age,Saskatchewan | 55 and over,Unemployment rate,4.30867951776735,0.508907324280042,0.226960701071798,0.118112132077009,3.29086486920726,5.32649416632743,472,Acceptable
2022,Province x age,Alberta | 15 to 24,Long-term share of unemployment,10.8440621557212,2.66648360529044,1.18918899292585,0.245893426927992,5.51109494514032,16.1770293663021,91,Marginal
2022,Province x age,Alberta | 25 to 54,Long-term share of unemployment,23.0256598393933,2.46472869666439,1.09921104739083,0.107042695577724,18.0962024460645,27.955117232722,439,Acceptable
2022,Province x age,Alberta | 55 and over,Long-term share of unemployment,36.2555277222619,4.43880087939401,1.97960082600621,0.122431010062735,27.3779259634739,45.1331294810499,280,Acceptable
2022,Province x age,British Columbia | 15 to 24,Long-term share of unemployment,5.44113554133037,1.60718584583492,0.716767098684237,0.295376917856003,2.22676384966053,8.6555072330002,74,Marginal
2022,Province x age,British Columbia | 25 to 54,Long-term share of unemployment,19.6720759701115,2.00290782300528,0.893249796187488,0.101814766578188,15.6662603241009,23.677891616122,528,Acceptable
2022,Province x age,British Columbia | 55 and over,Long-term share of unemployment,28.6688954334853,4.00449730571163,1.7859116435988,0.139680906611922,20.6599008220621,36.6778900449086,238,Acceptable
2022,Province x age,Manitoba | 15 to 24,Long-term share of unemployment,7.41220457822795,2.44599381974678,1.09085573278472,0.329995454649412,2.52021693873438,12.3041922177215,57,Marginal
2022,Province x age,Manitoba | 25 to 54,Long-term share of unemployment,17.1033828259922,2.73979756211765,1.22188529389458,0.160190389818905,11.6237877017569,22.5829779502275,211,Marginal
2022,Province x age,Manitoba | 55 and over,Long-term share of unemployment,29.7245833714164,4.92553701052589,2.1966736962286,0.165705838463067,19.8735093503646,39.5756573924682,170,Marginal
2022,Province x age,New Brunswick | 15 to 24,Long-term share of unemployment,10.3361388196176,3.00608456542431,1.34064303636231,0.290832448933336,4.323969688769,16.3483079504662,59,Marginal
2022,Province x age,New Brunswick | 25 to 54,Long-term share of unemployment,17.1060302653925,2.75547988099946,1.22887923938924,0.161082369097295,11.5950705033936,22.6169900273914,213,Marginal
2022,Province x age,New Brunswick | 55 and over,Long-term share of unemployment,20.5904302019315,3.38782592910683,1.51089070896568,0.164534004189433,13.8147783437179,27.3660820601452,168,Marginal
2022,Province x age,Newfoundland and Labrador | 15 to 24,Long-term share of unemployment,13.0786976808728,4.40469671571895,1.96439117087281,0.336784045567524,4.26930424943495,21.8880911123107,49,Marginal
2022,Province x age,Newfoundland and Labrador | 25 to 54,Long-term share of unemployment,20.3114762966658,2.81633529483593,1.2560193231125,0.138657340987973,14.678805706994,25.9441468863377,249,Acceptable
2022,Province x age,Newfoundland and Labrador | 55 and over,Long-term share of unemployment,25.7100646029845,3.51230791125365,1.56640674615147,0.136612177584569,18.6854487804772,32.7346804254918,266,Acceptable
2022,Province x age,Nova Scotia | 15 to 24,Long-term share of unemployment,8.08607857613185,2.62602142058928,1.17114380990621,0.324758335683339,2.83403573495329,13.3381214173104,50,Marginal
2022,Province x age,Nova Scotia | 25 to 54,Long-term share of unemployment,20.1360215025484,2.81608845433544,1.25590923805306,0.139853270119871,14.5038445938776,25.7681984112193,216,Acceptable
2022,Province x age,Nova Scotia | 55 and over,Long-term share of unemployment,23.7988103676765,3.60736009204208,1.60879778389231,0.151577328291232,16.5840901835924,31.0135305517607,170,Marginal
2022,Province x age,Ontario | 15 to 24,Long-term share of unemployment,7.38778225963,1.14667539700657,0.511390266144376,0.155212397538094,5.09443146561686,9.68113305364313,295,Marginal
2022,Province x age,Ontario | 25 to 54,Long-term share of unemployment,21.3289718201275,1.5222089888123,0.678869418449401,0.0713681372758831,18.2845538425029,24.3733897977521,1373,Acceptable
2022,Province x age,Ontario | 55 and over,Long-term share of unemployment,30.9207134537416,2.47880081144261,1.10548687971481,0.0801663524081027,25.9631118308563,35.8783150766268,806,Acceptable
2022,Province x age,Prince Edward Island | 15 to 24,Long-term share of unemployment,10.6672288394645,4.86644313621856,2.17031921771757,0.456205000329106,0.934342567027409,20.4001151119017,24,Suppressed
2022,Province x age,Prince Edward Island | 25 to 54,Long-term share of unemployment,12.4103871276087,3.62019872606044,1.61452351279931,0.291707155372033,5.16998967548784,19.6507845797296,58,Marginal
2022,Province x age,Prince Edward Island | 55 and over,Long-term share of unemployment,18.5192497532083,4.31868760930234,1.92603313167876,0.233199922613181,9.88187453460362,27.156624971813,80,Marginal
2022,Province x age,Quebec | 15 to 24,Long-term share of unemployment,5.60171525610254,2.02816264045039,0.904512850970384,0.362061002340471,1.54538997520175,9.65804053700332,56,Suppressed
2022,Province x age,Quebec | 25 to 54,Long-term share of unemployment,14.3952128130627,1.96043281238781,0.874306940135237,0.136186441829387,10.4743471882871,18.3160784378383,363,Acceptable
2022,Province x age,Quebec | 55 and over,Long-term share of unemployment,21.6018014939499,3.26960167994012,1.45816547355564,0.151357824524767,15.0625981340697,28.1410048538302,305,Marginal
2022,Province x age,Saskatchewan | 15 to 24,Long-term share of unemployment,8.9577223697625,2.85243062685763,1.27211699251165,0.318432577960469,3.25286111604723,14.6625836234778,48,Marginal
2022,Province x age,Saskatchewan | 25 to 54,Long-term share of unemployment,21.2663071226108,2.90420840141962,1.29520866255423,0.136563832388737,15.4578903197715,27.07472392545,240,Acceptable
2022,Province x age,Saskatchewan | 55 and over,Long-term share of unemployment,26.4387080605244,4.96179587203244,2.21284429593304,0.187671646461458,16.5151163164595,36.3622998045893,127,Marginal
2022,Province x age,Alberta | 15 to 24,Long-term unemployment rate,1.14822666702134,0.301918412812182,0.134648513332518,0.262943216251369,0.544389841396979,1.75206349264571,91,Marginal
2022,Province x age,Alberta | 25 to 54,Long-term unemployment rate,1.04061453815187,0.123631239070448,0.0551366257766089,0.118805988709342,0.79335206001097,1.28787701629276,439,Acceptable
2022,Province x age,Alberta | 55 and over,Long-term unemployment rate,2.05860907429088,0.308224291297245,0.137460786871454,0.149724537381347,1.44216049169639,2.67505765688537,280,Acceptable
2022,Province x age,British Columbia | 15 to 24,Long-term unemployment rate,0.454126373201708,0.136623169791788,0.0609307214087813,0.300848349389091,0.180880033618132,0.727372712785284,74,Marginal
2022,Province x age,British Columbia | 25 to 54,Long-term unemployment rate,0.743336526046929,0.0835768593572839,0.0372733141931951,0.112434753881592,0.576182807332362,0.910490244761497,528,Acceptable
2022,Province x age,British Columbia | 55 and over,Long-term unemployment rate,1.05185873590866,0.183008521078843,0.0816174974587531,0.17398583557967,0.685841693750971,1.41787577806634,238,Marginal
2022,Province x age,Manitoba | 15 to 24,Long-term unemployment rate,0.589064023655889,0.199584762446833,0.0890101113641173,0.33881675748615,0.189894498762223,0.988233548549555,57,Marginal
2022,Province x age,Manitoba | 25 to 54,Long-term unemployment rate,0.561747662616507,0.0983939819846177,0.0438814025010693,0.175156905017314,0.364959698647271,0.758535626585742,211,Marginal
2022,Province x age,Manitoba | 55 and over,Long-term unemployment rate,1.1676111034652,0.222015943252537,0.0990138905958922,0.190145453904682,0.723579216960122,1.61164298997027,170,Marginal
2022,Province x age,New Brunswick | 15 to 24,Long-term unemployment rate,1.17738265380097,0.361544259208656,0.161240238887437,0.30707455901569,0.45429413538366,1.90047117221829,59,Marginal
2022,Province x age,New Brunswick | 25 to 54,Long-term unemployment rate,0.899762809803861,0.156016576055538,0.0695797246197645,0.173397449145012,0.587729657692785,1.21179596191494,213,Marginal
2022,Province x age,New Brunswick | 55 and over,Long-term unemployment rate,1.58934809789883,0.291615364342501,0.130053595962909,0.183481117024034,1.00611736921383,2.17257882658383,168,Marginal
2022,Province x age,Newfoundland and Labrador | 15 to 24,Long-term unemployment rate,1.83036808847912,0.673628647458035,0.300422538239972,0.368029060219119,0.483110793563049,3.17762538339519,49,Suppressed
2022,Province x age,Newfoundland and Labrador | 25 to 54,Long-term unemployment rate,1.71197725469613,0.261775566626285,0.116745747782311,0.15290832042786,1.18842612144356,2.2355283879487,249,Marginal
2022,Province x age,Newfoundland and Labrador | 55 and over,Long-term unemployment rate,3.75668532874509,0.588210468400153,0.262328038753882,0.156576986605541,2.58026439194479,4.9331062655454,266,Marginal
2022,Province x age,Nova Scotia | 15 to 24,Long-term unemployment rate,0.888990773361646,0.305614287897449,0.136296786722202,0.343776670191743,0.277762197566747,1.50021934915655,50,Marginal
2022,Province x age,Nova Scotia | 25 to 54,Long-term unemployment rate,0.988481231973683,0.157406603914963,0.0701996443623831,0.159240862470067,0.673668024143757,1.30329443980361,216,Marginal
2022,Province x age,Nova Scotia | 55 and over,Long-term unemployment rate,1.5095810107924,0.272880578467033,0.121698321959452,0.180765773096068,0.963819853858337,2.05534216772647,170,Marginal
2022,Province x age,Ontario | 15 to 24,Long-term unemployment rate,0.802519186605852,0.129765541985747,0.0578723806455582,0.161697743993603,0.542988102634358,1.06205027057735,295,Marginal
2022,Province x age,Ontario | 25 to 54,Long-term unemployment rate,0.931312907725243,0.0748354474556387,0.0333748500153382,0.0803547839129883,0.781642012813966,1.08098380263652,1373,Acceptable
2022,Province x age,Ontario | 55 and over,Long-term unemployment rate,1.37398121242703,0.132784605400577,0.0592188119435931,0.0966422278555197,1.10841200162588,1.63955042322819,806,Acceptable
2022,Province x age,Prince Edward Island | 15 to 24,Long-term unemployment rate,1.1654689515386,0.568018213058012,0.253322767636678,0.487373097591436,0.0294325254225794,2.30150537765463,24,Suppressed
2022,Province x age,Prince Edward Island | 25 to 54,Long-term unemployment rate,0.594748197813709,0.184562889097357,0.0823107090483182,0.310321056500565,0.225622419618995,0.963873976008422,58,Marginal
2022,Province x age,Prince Edward Island | 55 and over,Long-term unemployment rate,1.76581990143035,0.454127373435612,0.202530130995175,0.257176495217751,0.857565154559127,2.67407464830158,80,Marginal
2022,Province x age,Quebec | 15 to 24,Long-term unemployment rate,0.394441030845441,0.145791590794956,0.065019621605972,0.369615682431587,0.102857849255528,0.686024212435354,56,Suppressed
2022,Province x age,Quebec | 25 to 54,Long-term unemployment rate,0.47832634793788,0.0709379542176196,0.0316366596700237,0.14830450909393,0.33645043950264,0.620202256373119,363,Acceptable
2022,Province x age,Quebec | 55 and over,Long-term unemployment rate,0.943804923497231,0.155552403657435,0.0693727146439487,0.164814147272131,0.632700116182361,1.2549097308121,305,Marginal
2022,Province x age,Saskatchewan | 15 to 24,Long-term unemployment rate,0.690024267679388,0.233655195932754,0.10420472362623,0.338618809333412,0.22271387581388,1.1573346595449,48,Marginal
2022,Province x age,Saskatchewan | 25 to 54,Long-term unemployment rate,0.783061090779595,0.119544840369781,0.0533141880365462,0.152663491747196,0.543971410040033,1.02215077151916,240,Marginal
2022,Province x age,Saskatchewan | 55 and over,Long-term unemployment rate,1.04708306813515,0.224181661924889,0.0999797502028389,0.214101124110579,0.598719744285373,1.49544639198493,127,Marginal
2022,Province x age,Alberta | 15 to 24,Long-term unemployed (people),3920.83333333333,1032.16735905284,460.322373558823,0.263252036315283,1856.49861522766,5985.16805143901,91,Marginal
2022,Province x age,Alberta | 25 to 54,Long-term unemployed (people),17416.6666666667,2072.40407080007,924.243488690693,0.118989707414358,13271.8585250665,21561.4748082668,439,Acceptable
2022,Province x age,Alberta | 55 and over,Long-term unemployed (people),10022.75,1512.63689053298,674.600487678407,0.150920345267814,6997.47621893404,13048.023781066,280,Marginal
2022,Province x age,British Columbia | 15 to 24,Long-term unemployed (people),1792.08333333333,539.970093973322,240.813965999341,0.301308585337357,712.14314538669,2872.02352127998,74,Marginal
2022,Province x age,British Columbia | 25 to 54,Long-term unemployed (people),14124.5833333333,1590.58578010515,709.363859673686,0.112611164702569,10943.411773123,17305.7548935436,528,Acceptable
2022,Province x age,British Columbia | 55 and over,Long-term unemployed (people),6481.58333333333,1128.98538675347,503.500937503468,0.174183579642855,4223.61255982639,8739.55410684027,238,Marginal
2022,Province x age,Manitoba | 15 to 24,Long-term unemployed (people),715.333333333333,242.55352365249,108.173168569512,0.339077619271888,230.226286028352,1200.44038063831,57,Marginal
2022,Province x age,Manitoba | 25 to 54,Long-term unemployed (people),2583.16666666667,452.348347847625,201.73672741183,0.175113883933528,1678.46997097142,3487.86336236192,211,Marginal
2022,Province x age,Manitoba | 55 and over,Long-term unemployed (people),1626.08333333333,309.992071164015,138.249175127548,0.190637259978895,1006.0991910053,2246.06747566136,170,Marginal
2022,Province x age,New Brunswick | 15 to 24,Long-term unemployed (people),663.166666666667,203.180967524638,90.6139342739395,0.306379946003476,256.80473161739,1069.52860171594,59,Marginal
2022,Province x age,New Brunswick | 25 to 54,Long-term unemployed (people),2249.5,389.818375819005,173.849830107507,0.173291120613028,1469.86324836199,3029.13675163801,213,Marginal
2022,Province x age,New Brunswick | 55 and over,Long-term unemployed (people),1563.5,288.741452131265,128.771898688846,0.184676336508644,986.01709573747,2140.98290426253,168,Marginal
2022,Province x age,Newfoundland and Labrador | 15 to 24,Long-term unemployed (people),628.333333333333,231.928664646281,103.434731267102,0.369117238163843,164.476004040771,1092.1906626259,49,Suppressed
2022,Province x age,Newfoundland and Labrador | 25 to 54,Long-term unemployed (people),2816,430.738943723765,192.099441258337,0.152961272629178,1954.52211255247,3677.47788744753,249,Marginal
2022,Province x age,Newfoundland and Labrador | 55 and over,Long-term unemployed (people),2450.83333333333,387.61715274429,172.868136371895,0.158157287756936,1675.59902784475,3226.06763882191,266,Marginal
2022,Province x age,Nova Scotia | 15 to 24,Long-term unemployed (people),675.416666666667,232.385722003888,103.638568102147,0.344062759290149,210.645222658891,1140.18811067444,50,Marginal
2022,Province x age,Nova Scotia | 25 to 54,Long-term unemployed (people),3190.16666666667,507.494936110175,226.330809156464,0.159081010222091,2175.17679444632,4205.15653888702,216,Marginal
2022,Province x age,Nova Scotia | 55 and over,Long-term unemployed (people),1930.5,349.251923542861,155.758146200983,0.180912677307879,1231.99615291428,2629.00384708572,170,Marginal
2022,Province x age,Ontario | 15 to 24,Long-term unemployed (people),9197.33333333333,1491.65468725166,665.242918353782,0.162183388726985,6214.02395883002,12180.6427078366,295,Marginal
2022,Province x age,Ontario | 25 to 54,Long-term unemployed (people),49429.75,3968.69404984629,1769.94423329802,0.080289583699013,41492.3619003074,57367.1380996926,1373,Acceptable
2022,Province x age,Ontario | 55 and over,Long-term unemployed (people),24290.3333333333,2358.98432196446,1052.05154256301,0.0971161774353773,19572.3646894044,29008.3019772623,806,Acceptable
2022,Province x age,Prince Edward Island | 15 to 24,Long-term unemployed (people),168.666666666667,82.2633796304071,36.687533117874,0.487727547215853,4.1399074058524,333.193425927481,24,Suppressed
2022,Province x age,Prince Edward Island | 25 to 54,Long-term unemployed (people),324.583333333333,100.669330520792,44.8961544496355,0.310149413671246,123.24467229175,525.921994374917,58,Marginal
2022,Province x age,Prince Edward Island | 55 and over,Long-term unemployed (people),390.833333333333,100.989857003445,45.0391017245995,0.258396222610094,188.853619326443,592.813047340224,80,Marginal
2022,Province x age,Quebec | 15 to 24,Long-term unemployed (people),2460.25,909.450598553729,405.593583723581,0.369657798416311,641.348802892542,4279.15119710746,56,Suppressed
2022,Province x age,Quebec | 25 to 54,Long-term unemployed (people),14223.25,2108.09578971536,940.161156134233,0.148214774381056,10007.0584205693,18439.4415794307,363,Acceptable
2022,Province x age,Quebec | 55 and over,Long-term unemployed (people),9377,1550.76245478577,691.603592917289,0.165379380909221,6275.47509042846,12478.5249095715,305,Marginal
2022,Province x age,Saskatchewan | 15 to 24,Long-term unemployed (people),593.083333333333,200.77834941867,89.5424230896392,0.338533116906567,191.526634495994,994.640032170673,48,Marginal
2022,Province x age,Saskatchewan | 25 to 54,Long-term unemployed (people),3019.83333333333,461.154449630095,205.66404175553,0.152708576509773,2097.52443407314,3942.14223259352,240,Marginal
2022,Province x age,Saskatchewan | 55 and over,Long-term unemployed (people),1406.58333333333,302.529732982922,134.921147755155,0.215081272338116,801.523867367489,2011.64279929918,127,Marginal
2022,Province x age,Alberta | 15 to 24,Unemployed (people),37453,3012.79220620628,1343.63448643933,0.0804419460712433,31427.4155875875,43478.5844124126,916,Acceptable
2022,Province x age,Alberta | 25 to 54,Unemployed (people),79295.3333333333,4581.50922368686,2043.2453921663,0.0577777913414853,70132.3148859596,88458.3517807071,1946,Acceptable
2022,Province x age,Alberta | 55 and over,Unemployed (people),29288.3333333333,2443.17513438298,1089.5986653861,0.0834180322443401,24401.9830645674,34174.6836020993,837,Acceptable
2022,Province x age,British Columbia | 15 to 24,Unemployed (people),35197.1666666667,2727.34748151462,1216.33285067506,0.0774876997158282,29742.4717036374,40651.8616296959,1202,Acceptable
2022,Province x age,British Columbia | 25 to 54,Unemployed (people),76055.1666666667,4076.77172873974,1818.14433693491,0.0536028242053212,67901.6232091872,84208.7101241462,2556,Acceptable
2022,Province x age,British Columbia | 55 and over,Unemployed (people),24024.4166666667,2066.42078696291,921.575084779797,0.0860133594764872,19891.5750927408,28157.2582405925,954,Acceptable
2022,Province x age,Manitoba | 15 to 24,Unemployed (people),10136.3333333333,887.148023131901,395.647159469213,0.0875215912853334,8362.03728706953,11910.6293795971,818,Acceptable
2022,Province x age,Manitoba | 25 to 54,Unemployed (people),16581.9166666667,1090.78770367012,486.465668961835,0.0657817624824306,14400.3412593264,18763.4920740069,1355,Acceptable
2022,Province x age,Manitoba | 55 and over,Unemployed (people),5889.16666666667,611.219189103909,272.589387200925,0.103787042157166,4666.72828845885,7111.60504487449,568,Acceptable
2022,Province x age,New Brunswick | 15 to 24,Unemployed (people),6722.08333333333,635.40396043201,283.375226574827,0.0945248561976585,5451.27541246931,7992.89125419735,601,Acceptable
2022,Province x age,New Brunswick | 25 to 54,Unemployed (people),14255.5833333333,912.992590139228,407.173228690516,0.0640445619650239,12429.5981530549,16081.5685136118,1338,Acceptable
2022,Province x age,New Brunswick | 55 and over,Unemployed (people),8165.33333333333,629.935948550837,280.936621841096,0.0771476096363697,6905.46143623166,9425.20523043501,884,Acceptable
2022,Province x age,Newfoundland and Labrador | 15 to 24,Unemployed (people),4998.33333333333,561.58591238828,250.45411277585,0.11235463402233,3875.16150855677,6121.50515810989,487,Acceptable
2022,Province x age,Newfoundland and Labrador | 25 to 54,Unemployed (people),14711.3333333333,924.608832957972,412.353799863651,0.0628501042025177,12862.1156674174,16560.5509992493,1394,Acceptable
2022,Province x age,Newfoundland and Labrador | 55 and over,Unemployed (people),10149.9166666667,720.408639159892,321.285314636061,0.0709768033392614,8709.09938834688,11590.7339449865,1065,Acceptable
2022,Province x age,Nova Scotia | 15 to 24,Unemployed (people),8716.66666666667,836.522677992412,373.069445852858,0.095968184855726,7043.62131068184,10389.7120226515,590,Acceptable
2022,Province x age,Nova Scotia | 25 to 54,Unemployed (people),17056.4166666667,1103.41645364196,492.097794518927,0.0646921610327665,14849.5837593827,19263.2495739506,1180,Acceptable
2022,Province x age,Nova Scotia | 55 and over,Unemployed (people),8708.58333333333,745.415148844914,332.437629996231,0.0855954545433047,7217.75303564351,10199.4136310232,783,Acceptable
2022,Province x age,Ontario | 15 to 24,Unemployed (people),130809.083333333,5855.52372136471,2611.42590318109,0.0447638923242311,119098.035890604,142520.130776063,4035,Acceptable
2022,Province x age,Ontario | 25 to 54,Unemployed (people),244963.666666667,8469.53525748096,3777.21358699175,0.0345746590616063,228024.596151705,261902.737181629,7040,Acceptable
2022,Province x age,Ontario | 55 and over,Unemployed (people),81607.6666666667,4354.70544887021,1942.09624126552,0.0533614748067405,72898.2557689263,90317.0775644071,2872,Acceptable
2022,Province x age,Prince Edward Island | 15 to 24,Unemployed (people),1694.16666666667,256.136737012007,114.230962355925,0.151187449293856,1181.89319264265,2206.44014069068,258,Marginal
2022,Province x age,Prince Edward Island | 25 to 54,Unemployed (people),3013.25,311.816084712084,139.062642283322,0.103481650945685,2389.61783057583,3636.88216942417,532,Acceptable
2022,Province x age,Prince Edward Island | 55 and over,Unemployed (people),2338.5,246.183348248058,109.791984993785,0.105274042440906,1846.13330350388,2830.86669649612,483,Acceptable
2022,Province x age,Quebec | 15 to 24,Unemployed (people),47327.9166666667,3699.5734876937,1649.92279020836,0.0781689486513851,39928.7696912793,54727.0636420541,1346,Acceptable
2022,Province x age,Quebec | 25 to 54,Unemployed (people),105096.666666667,5635.1689943936,2513.15287598778,0.0536189126936497,93826.3286778795,116367.004655454,2807,Acceptable
2022,Province x age,Quebec | 55 and over,Unemployed (people),46397.75,3217.66025197739,1435.00081794419,0.0693494889725772,39962.4294960452,52833.0705039548,1705,Acceptable
2022,Province x age,Saskatchewan | 15 to 24,Unemployed (people),7044.33333333333,727.789808359221,324.577142551054,0.103315640234593,5588.75371661489,8499.91295005178,539,Acceptable
2022,Province x age,Saskatchewan | 25 to 54,Unemployed (people),15286.3333333333,1068.46895050773,476.51202981555,0.0698970071637671,13149.3954323179,17423.2712343488,1204,Acceptable
2022,Province x age,Saskatchewan | 55 and over,Unemployed (people),5788,695.703758001553,310.267518506826,0.120197608500614,4396.59248399689,7179.40751600311,472,Acceptable
2023,Canada,Canada,Unemployment rate,5.38897623997239,0.075111957894727,0.0334981671697885,0.0139380755360524,5.23875232418293,5.53920015576184,41988,Acceptable
2023,Canada,Canada,Long-term share of unemployment,15.8139750403687,0.565385260610173,0.252148532751582,0.0357522545196197,14.6832045191483,16.944745561589,6133,Acceptable
2023,Canada,Canada,Long-term unemployment rate,0.809818191908837,0.0311568052467626,0.013895202573409,0.0384738272837788,0.747504581415312,0.872131802402362,6133,Acceptable
2023,Canada,Canada,Long-term unemployed (people),174054.5,6710.25231605156,2992.61475981757,0.0385525931018822,160633.995367897,187475.004632103,6133,Acceptable
2023,Canada,Canada,Unemployed (people),1158254.5,16209.9768153255,7229.26852658026,0.0139951770662886,1125834.54636935,1190674.45363065,41988,Acceptable
2023,Province,Alberta,Unemployment rate,5.88944954207972,0.239757648522352,0.10692627399879,0.0407096871803214,5.40993424503501,6.36896483912442,3851,Acceptable
2023,Province,British Columbia,Unemployment rate,5.191035297775,0.203387714079831,0.0907061383764786,0.0391805685018185,4.78425986961533,5.59781072593466,4831,Acceptable
2023,Province,Manitoba,Unemployment rate,4.88630910479291,0.231677718590408,0.103322815226489,0.047413643636085,4.4229536676121,5.34966454197373,2845,Acceptable
2023,Province,New Brunswick,Unemployment rate,6.56588467546791,0.321635199985541,0.143441736825773,0.0489858131665433,5.92261427549683,7.20915507543899,2402,Acceptable
2023,Province,Newfoundland and Labrador,Unemployment rate,9.9538321343711,0.451646478563186,0.201423710213497,0.0453741305324637,9.05053917724472,10.8571250914975,2734,Acceptable
2023,Province,Nova Scotia,Unemployment rate,6.3554527710277,0.306661323372272,0.136763739925811,0.0482516878687596,5.74213012428315,6.96877541777224,2370,Acceptable
2023,Province,Ontario,Unemployment rate,5.63028304043969,0.138534933543724,0.0617833230922741,0.0246053231336137,5.35321317335225,5.90735290752714,13606,Acceptable
2023,Province,Prince Edward Island,Unemployment rate,7.17800091440605,0.480505555914206,0.214294180170162,0.0669414174843367,6.21698980257764,8.13901202623447,1356,Acceptable
2023,Province,Quebec,Unemployment rate,4.46904583646459,0.173943699578217,0.0775748002038386,0.0389218875669044,4.12115843730815,4.81693323562102,5693,Acceptable
2023,Province,Saskatchewan,Unemployment rate,4.71705247089982,0.229621338112114,0.102405717883305,0.0486789874670001,4.25780979467559,5.17629514712404,2300,Acceptable
2023,Province,Alberta,Long-term share of unemployment,16.3563641311435,1.59512962638837,0.711390308279942,0.0975234846570302,13.1661048783667,19.5466233839202,585,Acceptable
2023,Province,British Columbia,Long-term share of unemployment,15.5798776868454,1.49712726832114,0.667683560838069,0.0960936471013003,12.5856231502031,18.5741322234877,739,Acceptable
2023,Province,Manitoba,Long-term share of unemployment,14.6985346575433,1.73466123344456,0.773618124324737,0.118015929741291,11.2292121906542,18.1678571244324,408,Acceptable
2023,Province,New Brunswick,Long-term share of unemployment,12.2502574331807,1.72946851883746,0.771302295702384,0.141178136726586,8.79132039550579,15.7091944708556,277,Acceptable
2023,Province,Newfoundland and Labrador,Long-term share of unemployment,17.2866826224173,1.90242147490407,0.848435247594656,0.110051275681837,13.4818396726091,21.0915255722254,421,Acceptable
2023,Province,Nova Scotia,Long-term share of unemployment,15.8162601582847,1.86231716231534,0.830549667122774,0.117746998574744,12.0916258336541,19.5408944829154,357,Acceptable
2023,Province,Ontario,Long-term share of unemployment,17.405685403545,0.983159670300495,0.438466096656391,0.0564849730134877,15.439366062944,19.372004744146,2256,Acceptable
2023,Province,Prince Edward Island,Long-term share of unemployment,12.0751640538337,2.36304163616621,1.0538610093004,0.195694371159783,7.3490807815013,16.8012473261661,145,Marginal
2023,Province,Quebec,Long-term share of unemployment,12.5994391888565,1.43663626367592,0.640705995046026,0.114023826151448,9.72616666150467,15.4727117162083,618,Acceptable
2023,Province,Saskatchewan,Long-term share of unemployment,15.0682252870473,1.83380410226831,0.817833512748043,0.121700071994852,11.4006170825107,18.7358334915839,327,Acceptable
2023,Province,Alberta,Long-term unemployment rate,0.926304253919965,0.0989459855526564,0.0441275831135677,0.106818019170195,0.728412282814652,1.12419622502528,585,Acceptable
2023,Province,British Columbia,Long-term unemployment rate,0.771117148902244,0.0789412489652309,0.0352059409519778,0.102372576044523,0.613234650971782,0.928999646832705,739,Acceptable
2023,Province,Manitoba,Long-term unemployment rate,0.672367257820668,0.0856699117342702,0.0382067663409567,0.127415353347143,0.501027434352128,0.843707081289209,408,Acceptable
2023,Province,New Brunswick,Long-term unemployment rate,0.75805909939429,0.113684947139712,0.0507008134352197,0.149968448674449,0.530689205114867,0.985428993673713,277,Acceptable
2023,Province,Newfoundland and Labrador,Long-term unemployment rate,1.59884022996396,0.192899141765243,0.0860284817341244,0.120649417090031,1.21304194643347,1.98463851349444,421,Acceptable
2023,Province,Nova Scotia,Long-term unemployment rate,0.920087637984573,0.11802490462608,0.0526363324319674,0.128275720435295,0.684037828732413,1.15613744723673,357,Acceptable
2023,Province,Ontario,Long-term unemployment rate,0.939347871012627,0.0587521900273975,0.0262020953559394,0.0625457211757578,0.821843490957832,1.05685225106742,2256,Acceptable
2023,Province,Prince Edward Island,Long-term unemployment rate,0.782354041397656,0.163239246287855,0.0728008657221371,0.208651374761523,0.455875548821947,1.10883253397337,145,Marginal
2023,Province,Quebec,Long-term unemployment rate,0.526971357149087,0.0638543663448562,0.0284775460298722,0.121172366350817,0.399262624459374,0.654680089838799,618,Acceptable
2023,Province,Saskatchewan,Long-term unemployment rate,0.667153028141282,0.087265456996873,0.0389183420132157,0.13080275936092,0.492622114147536,0.841683942135029,327,Acceptable
2023,Province,Alberta,Long-term unemployed (people),24042.0833333333,2574.86718235479,1148.33022240495,0.107098338636271,18892.3489686238,29191.8176980429,585,Acceptable
2023,Province,British Columbia,Long-term unemployed (people),23163.5,2376.30556504515,1059.77640971557,0.102588363807074,18410.8888699097,27916.1111300903,739,Acceptable
2023,Province,Manitoba,Long-term unemployed (people),4996.16666666667,636.925200131667,284.053663713104,0.127482776821897,3722.31626640333,6270.01706693,408,Acceptable
2023,Province,New Brunswick,Long-term unemployed (people),3152.58333333333,472.901541601363,210.902968574132,0.150004453998476,2206.78025013061,4098.38641653606,277,Marginal
2023,Province,Newfoundland and Labrador,Long-term unemployed (people),4231.33333333333,510.854070916724,227.828904299362,0.12073122835593,3209.62519149989,5253.04147516678,421,Acceptable
2023,Province,Nova Scotia,Long-term unemployed (people),4964.5,636.744777591787,283.973199502457,0.128259598668907,3691.01044481643,6237.98955518357,357,Acceptable
2023,Province,Ontario,Long-term unemployed (people),79692.5833333333,4992.00294141032,2226.31593863936,0.0626407468877006,69708.5774505127,89676.589216154,2256,Acceptable
2023,Province,Prince Edward Island,Long-term unemployed (people),752.916666666667,157.053812912787,70.0423078703234,0.208593885440337,438.809040841092,1067.02429249224,145,Marginal
2023,Province,Quebec,Long-term unemployed (people),24949,3025.16439978673,1349.15219387808,0.121253934016864,18898.6712004265,30999.3287995735,618,Acceptable
2023,Province,Saskatchewan,Long-term unemployed (people),4109.83333333333,537.630307107007,239.770476070623,0.130815598468796,3034.57271911932,5185.09394754735,327,Acceptable
2023,Province,Alberta,Unemployed (people),152859.75,6279.09554746455,2800.32897849423,0.0410774945495106,140301.558905071,165417.941094929,3851,Acceptable
2023,Province,British Columbia,Unemployed (people),155932.916666667,6129.18223222876,2733.47116469867,0.0393065323425646,143674.552202209,168191.281131124,4831,Acceptable
2023,Province,Manitoba,Unemployed (people),36308.75,1728.59650702922,770.913398938869,0.0476082626647631,32851.5569859416,39765.9430140584,2845,Acceptable
2023,Province,New Brunswick,Unemployed (people),27305.9166666667,1344.17953360527,599.472467300425,0.0492266767680485,24617.5575994561,29994.2757338772,2402,Acceptable
2023,Province,Newfoundland and Labrador,Unemployed (people),26342.8333333333,1213.56877075496,541.223138022321,0.0460682704627431,23915.6957918234,28769.9708748433,2734,Acceptable
2023,Province,Nova Scotia,Unemployed (people),34292,1666.35124140477,743.15347399672,0.048593002490516,30959.2975171905,37624.7024828096,2370,Acceptable
2023,Province,Ontario,Unemployed (people),477663.083333333,11820.0101287453,5271.44660236714,0.0247454964412579,454023.063075843,501303.103590824,13606,Acceptable
2023,Province,Prince Edward Island,Unemployed (people),6907.91666666667,467.041997724149,208.289749775965,0.0676096745604654,5973.83267121837,7842.00066211496,1356,Acceptable
2023,Province,Quebec,Unemployed (people),211583.083333333,8263.65397778508,3685.39537697985,0.0390563075629553,195055.775377763,228110.391288904,5693,Acceptable
2023,Province,Saskatchewan,Unemployed (people),29058.25,1425.08671475115,635.555167781479,0.0490424135917044,26208.0765704977,31908.4234295023,2300,Acceptable
2023,Age,15 to 24,Unemployment rate,10.7002904132943,0.283693126941432,0.126520464351672,0.0265126567582655,10.1329041594115,11.2676766671772,11477,Acceptable
2023,Age,25 to 54,Unemployment rate,4.5336083854829,0.0899347564100753,0.0401087867902643,0.0198373456115125,4.35373887266275,4.71347789830305,21644,Acceptable
2023,Age,55 and over,Unemployment rate,4.53067812532339,0.140363342545292,0.0625987505169609,0.030980647634348,4.24995144023281,4.81140481041398,8867,Acceptable
2023,Age,15 to 24,Long-term share of unemployment,9.06388895120522,0.884372827552937,0.394409487492092,0.0975710130953604,7.29514329609935,10.8326346063111,965,Acceptable
2023,Age,25 to 54,Long-term share of unemployment,16.5927554413866,0.800712840977722,0.357099100514207,0.0482567734940839,14.9913297594312,18.194181123342,3428,Acceptable
2023,Age,55 and over,Long-term share of unemployment,23.9314182929691,1.54666978402105,0.68977835798413,0.0646292570330216,20.838078724927,27.0247578610112,1740,Acceptable
2023,Age,15 to 24,Long-term unemployment rate,0.925397517005578,0.0938238296502766,0.0418432220145251,0.101387596061284,0.737749857705025,1.11304517630613,965,Acceptable
2023,Age,25 to 54,Long-term unemployment rate,0.713986034110275,0.0370821731332153,0.0165377773320257,0.0519368326012494,0.639821687843844,0.788150380376706,3428,Acceptable
2023,Age,55 and over,Long-term unemployment rate,1.02751086864707,0.0752722888885851,0.0335696710233066,0.073256927187249,0.876966290869896,1.17805544642424,1740,Acceptable
2023,Age,15 to 24,Long-term unemployed (people),27608.5,2804.33655023064,1250.66816513605,0.10157511455641,21999.8268995387,33217.1731004613,965,Acceptable
2023,Age,25 to 54,Long-term unemployed (people),99613.75,5178.44880338213,2309.46640931675,0.0519852811823883,89256.8523932357,109970.647606764,3428,Acceptable
2023,Age,55 and over,Long-term unemployed (people),46832.25,3449.92267236499,1538.58439642456,0.0736655333101652,39932.40465527,53732.09534473,1740,Acceptable
2023,Age,15 to 24,Unemployed (people),319234.666666667,8703.75026591432,3881.6679738308,0.0272644270022292,301827.166134838,336642.167198495,11477,Acceptable
2023,Age,25 to 54,Unemployed (people),632519,12500.5878038057,5574.96824353051,0.0197631815072839,607517.824392389,657520.175607611,21644,Acceptable
2023,Age,55 and over,Unemployed (people),206500.833333333,6521.64477109924,2908.5002293569,0.0315816874238566,193457.543791135,219544.122875532,8867,Acceptable
2023,Gender,Men+,Unemployment rate,5.51823296920475,0.105002220399835,0.0468285214596911,0.0190282325856508,5.30822852840508,5.72823741000442,23105,Acceptable
2023,Gender,Women+,Unemployment rate,5.24491042032319,0.112531176196727,0.0501862587224016,0.0214553094673814,5.01984806792973,5.46997277271664,18883,Acceptable
2023,Gender,Men+,Long-term share of unemployment,16.8083737657684,0.768550762889132,0.342755569889571,0.0457242784816188,15.2712722399902,18.3454752915467,3633,Acceptable
2023,Gender,Women+,Long-term share of unemployment,14.6338996093993,0.825519540810114,0.368162305378084,0.0564114530538316,12.9828605277791,16.2849386910195,2500,Acceptable
2023,Gender,Men+,Long-term unemployment rate,0.886221337239373,0.043986267019043,0.0196168408743117,0.0496335003127578,0.798248803201286,0.974193871277459,3633,Acceptable
2023,Gender,Women+,Long-term unemployment rate,0.724661451356992,0.0440120185484816,0.0196283254509648,0.0607345933277743,0.636637414260029,0.812685488453955,2500,Acceptable
2023,Gender,Men+,Long-term unemployed (people),100398.083333333,4986.96342626093,2224.06843337308,0.0496718987124847,90424.1564808115,110372.010185855,3633,Acceptable
2023,Gender,Women+,Long-term unemployed (people),73656.4166666667,4481.79378850834,1998.77465261109,0.0608472960175455,64692.82908965,82620.0042436834,2500,Acceptable
2023,Gender,Men+,Unemployed (people),625148.583333334,11928.0545919362,5319.63189258168,0.0190803513115794,601292.474149461,649004.692517206,23105,Acceptable
2023,Gender,Women+,Unemployed (people),533105.916666667,11495.3582050241,5126.65947768525,0.0215629912286488,510115.200256619,556096.633076715,18883,Acceptable
2023,Immigrant status,"Immigrant, landed 10 years or less",Unemployment rate,7.43465767311256,0.315073740939633,0.140515480365975,0.0423790515707397,6.8045101912333,8.06480515499183,4090,Acceptable
2023,Immigrant status,"Immigrant, landed over 10 years",Unemployment rate,5.06720458114324,0.192316284626264,0.0857685411544238,0.0379531320566644,4.68257201189071,5.45183715039577,5409,Acceptable
2023,Immigrant status,Non-immigrant (incl. non-permanent residents),Unemployment rate,5.22886249471856,0.0851844090775981,0.0379902435713416,0.0162911931923318,5.05849367656336,5.39923131287375,32489,Acceptable
2023,Immigrant status,"Immigrant, landed 10 years or less",Long-term share of unemployment,13.5499693439608,1.59745078618356,0.712425490972902,0.117893313677166,10.3550677715937,16.7448709163279,553,Acceptable
2023,Immigrant status,"Immigrant, landed over 10 years",Long-term share of unemployment,21.2482380851184,1.70330145753997,0.759632401610235,0.0801620092318576,17.8416351700384,24.6548410001983,1063,Acceptable
2023,Immigrant status,Non-immigrant (incl. non-permanent residents),Long-term share of unemployment,14.8572915023826,0.626256240191149,0.279295558430904,0.0421514405967413,13.6047790220003,16.1098039827649,4517,Acceptable
2023,Immigrant status,"Immigrant, landed 10 years or less",Long-term unemployment rate,0.981026089701257,0.122064209981546,0.0544377676473407,0.124425039520322,0.736897669738165,1.22515450966435,553,Acceptable
2023,Immigrant status,"Immigrant, landed over 10 years",Long-term unemployment rate,1.0353587107838,0.0923763746613431,0.0411976911223868,0.0892216134361887,0.850605961461116,1.22011146010649,1063,Acceptable
2023,Immigrant status,Non-immigrant (incl. non-permanent residents),Long-term unemployment rate,0.733008577770681,0.0329373355583678,0.0146892772281081,0.0449344476411737,0.667133906653945,0.798883248887417,4517,Acceptable
2023,Immigrant status,"Immigrant, landed 10 years or less",Long-term unemployed (people),18140.4166666667,2277.2943572126,1015.6197389987,0.125537047966333,13585.8279522415,22695.0053810919,553,Acceptable
2023,Immigrant status,"Immigrant, landed over 10 years",Long-term unemployed (people),40827.25,3657.81426269543,1631.29915771255,0.0895924722506521,33511.6214746091,48142.8785253909,1063,Acceptable
2023,Immigrant status,Non-immigrant (incl. non-permanent residents),Long-term unemployed (people),115086.833333333,5190.46877404121,2314.82703361412,0.0451004569654613,104705.895785251,125467.770881416,4517,Acceptable
2023,Immigrant status,"Immigrant, landed 10 years or less",Unemployed (people),137476.25,6118.40987177283,2728.66694521777,0.044505213604334,125239.430256454,149713.069743546,4090,Acceptable
2023,Immigrant status,"Immigrant, landed over 10 years",Unemployed (people),199814.833333333,7738.87036794109,3451.35422583376,0.0387302095587219,184337.092597451,215292.574069216,5409,Acceptable
2023,Immigrant status,Non-immigrant (incl. non-permanent residents),Unemployed (people),820963.416666667,13590.9086615289,6061.2257101766,0.0165548286143025,793781.599343609,848145.233989725,32489,Acceptable
2023,Education,Bachelor's or above,Unemployment rate,4.12332646717266,0.125338481612268,0.0558980158091441,0.0303974188340735,3.87264950394812,4.37400343039719,9386,Acceptable
2023,Education,High school or less,Unemployment rate,8.24812550170545,0.18505986670041,0.0825323493742172,0.0224365968561154,7.87800576830463,8.61824523510627,17502,Acceptable
2023,Education,"Some postsecondary, certificate or diploma",Unemployment rate,4.69423698643988,0.116710674303117,0.0520502166084397,0.0248625441451413,4.46081563783364,4.92765833504611,15100,Acceptable
2023,Education,Bachelor's or above,Long-term share of unemployment,18.9297390826618,1.2571772267796,0.560671484076313,0.0664128132611756,16.4153846291026,21.444093536221,1584,Acceptable
2023,Education,High school or less,Long-term share of unemployment,13.9114181522125,0.843417021038283,0.376144160749787,0.0606276809315911,12.2245841101359,15.5982521942891,2293,Acceptable
2023,Education,"Some postsecondary, certificate or diploma",Long-term share of unemployment,15.5387072730145,0.913217232324499,0.407273413823303,0.0587704766091097,13.7122728083655,17.3651417376635,2256,Acceptable
2023,Education,Bachelor's or above,Long-term unemployment rate,0.743412877077989,0.0553627819600613,0.0246904990505231,0.0744711097521834,0.632687313157866,0.854138440998112,1584,Acceptable
2023,Education,High school or less,Long-term unemployment rate,1.09902053775609,0.0721753302070638,0.0321885002678201,0.0656724125960618,0.954669877341965,1.24337119817022,2293,Acceptable
2023,Education,"Some postsecondary, certificate or diploma",Long-term unemployment rate,0.685828891886159,0.0437452279763081,0.0195093431286226,0.0637844635795387,0.598338435933543,0.773319347838776,2256,Acceptable
2023,Education,Bachelor's or above,Long-term unemployed (people),55703.8333333333,4159.19077609873,1854.90129419963,0.074666150015386,47385.4517811359,64022.2148855308,1584,Acceptable
2023,Education,High school or less,Long-term unemployed (people),59405.5,3903.90510170202,1741.04988575973,0.0657162232739732,51597.689796596,67213.310203404,2293,Acceptable
2023,Education,"Some postsecondary, certificate or diploma",Long-term unemployed (people),58945.1666666667,3763.49937383331,1678.43223238511,0.0638474634420121,51418.1679190001,66472.1654143333,2256,Acceptable
2023,Education,Bachelor's or above,Unemployed (people),308960.333333333,9525.72657583127,4248.25008153987,0.0308315519764606,289908.880181671,328011.786484996,9386,Acceptable
2023,Education,High school or less,Unemployed (people),445837,10470.3726366555,4669.54001391155,0.0234847548244214,424896.254726689,466777.745273311,17502,Acceptable
2023,Education,"Some postsecondary, certificate or diploma",Unemployed (people),403457.166666667,10226.4030878504,4560.73533141791,0.0253469362617604,383004.360490966,423909.972842368,15100,Acceptable
2023,Age x immigrant status,"15 to 24 | Immigrant, landed 10 years or less",Unemployment rate,12.4699217041006,1.12756380076387,0.502866943576796,0.090422684882864,10.2147941025728,14.7250493056283,916,Acceptable
2023,Age x immigrant status,"15 to 24 | Immigrant, landed over 10 years",Unemployment rate,12.8433106365442,1.25838016206977,0.561207964932013,0.0979794227268158,10.3265503124046,15.3600709606837,824,Acceptable
2023,Age x immigrant status,15 to 24 | Non-immigrant (incl. non-permanent residents),Unemployment rate,10.3488309958128,0.291942695827395,0.130199578108872,0.0282102100174905,9.76494560415805,10.9327163874676,9737,Acceptable
2023,Age x immigrant status,"25 to 54 | Immigrant, landed 10 years or less",Unemployment rate,6.51878563604577,0.33608800210883,0.149887346754839,0.051556842159439,5.84660963182811,7.19096164026344,2856,Acceptable
2023,Age x immigrant status,"25 to 54 | Immigrant, landed over 10 years",Unemployment rate,4.70489093035663,0.228951603489493,0.102107031988585,0.0486624678188104,4.24698772337765,5.16279413733562,3047,Acceptable
2023,Age x immigrant status,25 to 54 | Non-immigrant (incl. non-permanent residents),Unemployment rate,4.18648686505934,0.10111623159604,0.0450954618215457,0.0241530034263244,3.98425440186726,4.38871932825142,15741,Acceptable
2023,Age x immigrant status,"55 and over | Immigrant, landed 10 years or less",Unemployment rate,9.96792251084974,1.66183510687598,0.741139384181368,0.166718301137185,6.64425229709779,13.2915927246017,318,Marginal
2023,Age x immigrant status,"55 and over | Immigrant, landed over 10 years",Unemployment rate,4.41173466436951,0.320644745995669,0.143000017634094,0.0726799706667067,3.77044517237817,5.05302415636085,1538,Acceptable
2023,Age x immigrant status,55 and over | Non-immigrant (incl. non-permanent residents),Unemployment rate,4.43152392262695,0.160752947821086,0.0716920350644337,0.0362748685616468,4.11001802698478,4.75302981826912,7011,Acceptable
2023,Age x immigrant status,"15 to 24 | Immigrant, landed 10 years or less",Long-term share of unemployment,9.1553448541309,3.16349582977137,1.41084475916783,0.345535409116129,2.82835319458816,15.4823365136736,71,Marginal
2023,Age x immigrant status,"15 to 24 | Immigrant, landed over 10 years",Long-term share of unemployment,12.0139645318027,3.74704860688589,1.67109557712113,0.311891099475691,4.51986731803089,19.5080617455744,77,Marginal
2023,Age x immigrant status,15 to 24 | Non-immigrant (incl. non-permanent residents),Long-term share of unemployment,8.73023825186128,0.931722533996752,0.415526343267818,0.106723609037601,6.86679318386777,10.5936833198548,817,Acceptable
2023,Age x immigrant status,"25 to 54 | Immigrant, landed 10 years or less",Long-term share of unemployment,13.6290196935827,1.88923857051869,0.842555982198544,0.138618815805824,9.85054255254531,17.4074968346201,399,Acceptable
2023,Age x immigrant status,"25 to 54 | Immigrant, landed over 10 years",Long-term share of unemployment,18.3735967408029,2.11700514301443,0.944134518226665,0.115219963346269,14.139586454774,22.6076070268318,567,Acceptable
2023,Age x immigrant status,25 to 54 | Non-immigrant (incl. non-permanent residents),Long-term share of unemployment,16.8176651176993,0.959840748669005,0.428066405889101,0.057073365532701,14.8979836203613,18.7373466150373,2462,Acceptable
2023,Age x immigrant status,"55 and over | Immigrant, landed 10 years or less",Long-term share of unemployment,27.6837844020728,7.80275647390166,3.47984592698597,0.281852956249631,12.0782714542695,43.2892973498761,83,Marginal
2023,Age x immigrant status,"55 and over | Immigrant, landed over 10 years",Long-term share of unemployment,31.9898472235472,3.65673248342311,1.63081670959216,0.114309157460791,24.676382256701,39.3033121903934,419,Acceptable
2023,Age x immigrant status,55 and over | Non-immigrant (incl. non-permanent residents),Long-term share of unemployment,20.4930758359639,1.60609234079155,0.716279421145659,0.0783724392398417,17.2808911543808,23.705260517547,1238,Acceptable
2023,Age x immigrant status,"15 to 24 | Immigrant, landed 10 years or less",Long-term unemployment rate,1.11921800692049,0.406992849336891,0.181509241485939,0.363640369275976,0.305232308246712,1.93320370559428,71,Suppressed
2023,Age x immigrant status,"15 to 24 | Immigrant, landed over 10 years",Long-term unemployment rate,1.48185804203774,0.486709621149692,0.217061047393645,0.328445510529743,0.50843879973836,2.45527728433713,77,Marginal
2023,Age x immigrant status,15 to 24 | Non-immigrant (incl. non-permanent residents),Long-term unemployment rate,0.858800075120283,0.0949354441471741,0.0423389759435816,0.110544289523819,0.668929186825935,1.04867096341463,817,Acceptable
2023,Age x immigrant status,"25 to 54 | Immigrant, landed 10 years or less",Long-term unemployment rate,0.863326667249361,0.126514696291981,0.0564225799008406,0.146543250766328,0.610297274665398,1.11635605983332,399,Acceptable
2023,Age x immigrant status,"25 to 54 | Immigrant, landed over 10 years",Long-term unemployment rate,0.831655777251731,0.101153395343487,0.0451120359791037,0.121628921616773,0.629348986564757,1.03396256793871,567,Acceptable
2023,Age x immigrant status,25 to 54 | Non-immigrant (incl. non-permanent residents),Long-term unemployment rate,0.66192179509161,0.0411113341324113,0.0183346884030196,0.0621090504003143,0.579699126826787,0.744144463356433,2462,Acceptable
2023,Age x immigrant status,"55 and over | Immigrant, landed 10 years or less",Long-term unemployment rate,2.69325114787094,0.87350605176124,0.389563160991362,0.324331450652778,0.946239044348455,4.44026325139342,83,Marginal
2023,Age x immigrant status,"55 and over | Immigrant, landed over 10 years",Long-term unemployment rate,1.3567063221919,0.186937815114667,0.0833698702121801,0.137787973754445,0.982830691962568,1.73058195242123,419,Acceptable
2023,Age x immigrant status,55 and over | Non-immigrant (incl. non-permanent residents),Long-term unemployment rate,0.854255776103143,0.0746173310020743,0.0332775752054574,0.087347762917631,0.705021114098995,1.00349043810729,1238,Acceptable
2023,Age x immigrant status,"15 to 24 | Immigrant, landed 10 years or less",Long-term unemployed (people),2626.41666666667,958.499559429293,427.468267022569,0.364945734465575,709.41754780808,4543.41578552525,71,Suppressed
2023,Age x immigrant status,"15 to 24 | Immigrant, landed over 10 years",Long-term unemployed (people),3272.08333333333,1083.30226967679,483.127341400216,0.331074168753889,1105.47879397976,5438.68787268691,77,Marginal
2023,Age x immigrant status,15 to 24 | Non-immigrant (incl. non-permanent residents),Long-term unemployed (people),21710,2409.98653388499,1074.79732990273,0.111008131454859,16890.02693223,26529.97306777,817,Acceptable
2023,Age x immigrant status,"25 to 54 | Immigrant, landed 10 years or less",Long-term unemployed (people),13194.5833333333,1952.50020451763,870.769183538611,0.147977405211808,9289.58292429807,17099.5837423686,399,Acceptable
2023,Age x immigrant status,"25 to 54 | Immigrant, landed over 10 years",Long-term unemployed (people),20509.0833333333,2507.67289845565,1118.36315167485,0.122271330107667,15493.737536422,25524.4291302446,567,Acceptable
2023,Age x immigrant status,25 to 54 | Non-immigrant (incl. non-permanent residents),Long-term unemployed (people),65910.0833333333,4098.62228579156,1827.88917162423,0.0621850569519569,57712.8387617502,74107.3279049165,2462,Acceptable
2023,Age x immigrant status,"55 and over | Immigrant, landed 10 years or less",Long-term unemployed (people),2319.41666666667,767.567616001674,342.317109493762,0.330931318651244,784.28143466332,3854.55189867001,83,Marginal
2023,Age x immigrant status,"55 and over | Immigrant, landed over 10 years",Long-term unemployed (people),17046.0833333333,2352.81614027931,1049.30067855928,0.138026788574852,12340.4510527747,21751.715613892,419,Acceptable
2023,Age x immigrant status,55 and over | Non-immigrant (incl. non-permanent residents),Long-term unemployed (people),27466.75,2420.5768503172,1079.52036202931,0.0881275305712251,22625.5962993656,32307.9037006344,1238,Acceptable
2023,Age x immigrant status,"15 to 24 | Immigrant, landed 10 years or less",Unemployed (people),29262.5833333333,2795.7202813932,1246.82551182243,0.0955390797028014,23671.1427705469,34854.0238961197,916,Acceptable
2023,Age x immigrant status,"15 to 24 | Immigrant, landed over 10 years",Unemployed (people),28359.25,2947.7161345418,1314.61208856195,0.103941963717016,22463.8177309164,34254.6822690836,824,Acceptable
2023,Age x immigrant status,15 to 24 | Non-immigrant (incl. non-permanent residents),Unemployed (people),261612.833333333,7624.81509680218,3400.48825660205,0.0291454169111308,246363.203139729,276862.463526938,9737,Acceptable
2023,Age x immigrant status,"25 to 54 | Immigrant, landed 10 years or less",Unemployed (people),99629.3333333333,5378.6047340874,2398.73124829468,0.0539861560258766,88872.1238651585,110386.542801508,2856,Acceptable
2023,Age x immigrant status,"25 to 54 | Immigrant, landed over 10 years",Unemployed (people),116025.166666667,5764.27538827331,2570.7312920761,0.0496812506620544,104496.61589012,127553.717443213,3047,Acceptable
2023,Age x immigrant status,25 to 54 | Non-immigrant (incl. non-permanent residents),Unemployed (people),416864.5,10115.8003066645,4511.40909152941,0.024266399049726,396632.899386671,437096.100613329,15741,Acceptable
2023,Age x immigrant status,"55 and over | Immigrant, landed 10 years or less",Unemployed (people),8584.33333333333,1528.14495552815,681.516720036725,0.178015565820854,5528.04342227704,11640.6232443896,318,Marginal
2023,Age x immigrant status,"55 and over | Immigrant, landed over 10 years",Unemployed (people),55430.4166666667,4083.93415448515,1821.33861041261,0.0736767717090072,47262.5483576964,63598.284975637,1538,Acceptable
2023,Age x immigrant status,55 and over | Non-immigrant (incl. non-permanent residents),Unemployed (people),142486.083333333,5312.42802224987,2369.21799077864,0.0372838378174935,131861.227288834,153110.939377833,7011,Acceptable
2023,Province x age,Alberta | 15 to 24,Unemployment rate,12.1832461069743,0.87313667244367,0.389398426500665,0.071666997840899,10.436972762087,13.9295194518617,1121,Acceptable
2023,Province x age,Alberta | 25 to 54,Unemployment rate,4.91791522457157,0.275544344299259,0.122886298889492,0.0560286893361939,4.36682653597306,5.46900391317009,2058,Acceptable
2023,Province x age,Alberta | 55 and over,Unemployment rate,4.87883312126883,0.468555967061198,0.208964944503461,0.0960385312255448,3.94172118714643,5.81594505539122,672,Acceptable
2023,Province x age,British Columbia | 15 to 24,Unemployment rate,9.55804679646148,0.698174501273802,0.311369411913511,0.073045729545107,8.16169779391388,10.9543957990091,1207,Acceptable
2023,Province x age,British Columbia | 25 to 54,Unemployment rate,4.5397128813443,0.242755850923636,0.108263401775273,0.0534738335371887,4.05420117949703,5.02522458319157,2612,Acceptable
2023,Province x age,British Columbia | 55 and over,Unemployment rate,4.44708818399295,0.373200772482001,0.166438769736475,0.0839202545668685,3.70068663902894,5.19348972895695,1012,Acceptable
2023,Province x age,Manitoba | 15 to 24,Unemployment rate,9.46271628974315,0.767477515900899,0.342276926967273,0.0811054133296572,7.92776125794135,10.9976713215449,919,Acceptable
2023,Province x age,Manitoba | 25 to 54,Unemployment rate,4.05746516789285,0.27367761614659,0.122053782024383,0.0674503920113054,3.51010993559967,4.60482040018603,1445,Acceptable
2023,Province x age,Manitoba | 55 and over,Unemployment rate,3.69251194252925,0.418201272144219,0.18650793452275,0.113256579437835,2.85610939824081,4.52891448681769,481,Acceptable
2023,Province x age,New Brunswick | 15 to 24,Unemployment rate,11.595436988103,1.20675712778711,0.538185305415722,0.104071724853945,9.1819227325288,14.0089512436772,546,Acceptable
2023,Province x age,New Brunswick | 25 to 54,Unemployment rate,5.13563477432106,0.360972127633426,0.160985081656986,0.070287733356418,4.41369051905421,5.85757902958791,1140,Acceptable
2023,Province x age,New Brunswick | 55 and over,Unemployment rate,7.39595348584788,0.625391036941561,0.278909698124465,0.0845585411182268,6.14517141196476,8.646735559731,716,Acceptable
2023,Province x age,Newfoundland and Labrador | 15 to 24,Unemployment rate,14.5354868490934,1.41015634179122,0.628896572488038,0.0970147306678738,11.715174165511,17.3557995326758,565,Acceptable
2023,Province x age,Newfoundland and Labrador | 25 to 54,Unemployment rate,7.86874414853446,0.515881319550192,0.230070938987953,0.0655608201019313,6.83698150943407,8.90050678763484,1352,Acceptable
2023,Province x age,Newfoundland and Labrador | 55 and over,Unemployment rate,12.8882744124707,1.02526245828581,0.457242950166494,0.0795500177505351,10.8377494958991,14.9387993290423,817,Acceptable
2023,Province x age,Nova Scotia | 15 to 24,Unemployment rate,12.0090761635482,1.15940504748789,0.517067390956302,0.0965440664792432,9.69026606857243,14.327886258524,563,Acceptable
2023,Province x age,Nova Scotia | 25 to 54,Unemployment rate,5.21466956273843,0.355453614431003,0.158523954521377,0.068164168439532,4.50376233387642,5.92557679160044,1198,Acceptable
2023,Province x age,Nova Scotia | 55 and over,Unemployment rate,6.05465989140375,0.561041353163942,0.250211252165608,0.0926627363430429,4.93257718507586,7.17674259773163,609,Acceptable
2023,Province x age,Ontario | 15 to 24,Unemployment rate,12.4502599267092,0.5287888983804,0.235827415659983,0.0424721171680925,11.3926821299484,13.50783772347,4210,Acceptable
2023,Province x age,Ontario | 25 to 54,Unemployment rate,4.67624888076672,0.158242550812485,0.0705724570236837,0.033839634041578,4.35976377914175,4.99273398239169,7089,Acceptable
2023,Province x age,Ontario | 55 and over,Unemployment rate,4.06690150138453,0.237446169743587,0.105895408811532,0.0583850308798359,3.59200916189736,4.54179384087171,2307,Acceptable
2023,Province x age,Prince Edward Island | 15 to 24,Unemployment rate,11.3052734051145,1.58526262961104,0.706989859712567,0.140223289858153,8.13474814589246,14.4757986643366,283,Acceptable
2023,Province x age,Prince Edward Island | 25 to 54,Unemployment rate,5.87139823466143,0.56346264794467,0.251291092707721,0.0959673701944289,4.74447293877209,6.99832353055077,638,Acceptable
2023,Province x age,Prince Edward Island | 55 and over,Unemployment rate,7.63878433312542,0.870456018140313,0.388202917709587,0.113952165708567,5.89787229684479,9.37969636940604,435,Acceptable
2023,Province x age,Quebec | 15 to 24,Unemployment rate,7.39589717265611,0.577944016661783,0.257749442665967,0.0781438685760182,6.24000913933254,8.55178520597967,1419,Acceptable
2023,Province x age,Quebec | 25 to 54,Unemployment rate,3.84542386378381,0.205052591385383,0.0914486345097403,0.0533237943719462,3.43531868101305,4.25552904655458,2824,Acceptable
2023,Province x age,Quebec | 55 and over,Unemployment rate,4.44839713171573,0.351562630442869,0.156788667148464,0.0790313049921584,3.74527187083,5.15152239260147,1450,Acceptable
2023,Province x age,Saskatchewan | 15 to 24,Unemployment rate,9.5816774100888,0.854721542703111,0.381185711617542,0.0892037485840582,7.87223432468258,11.291120495495,644,Acceptable
2023,Province x age,Saskatchewan | 25 to 54,Unemployment rate,4.12340026065729,0.267108636566605,0.119124171583212,0.0647787310669731,3.58918298752408,4.6576175337905,1288,Acceptable
2023,Province x age,Saskatchewan | 55 and over,Unemployment rate,3.2494065945136,0.385355253457445,0.171859382472307,0.118592500583981,2.47869608759871,4.02011710142849,368,Acceptable
2023,Province x age,Alberta | 15 to 24,Long-term share of unemployment,9.60992518155211,2.3140892585653,1.03202939987102,0.240802005722957,4.98174666442152,14.2381036986827,98,Marginal
2023,Province x age,Alberta | 25 to 54,Long-term share of unemployment,17.1751411274664,2.2829930101736,1.01816120423114,0.132924264972859,12.6091551071192,21.7411271478136,339,Acceptable
2023,Province x age,Alberta | 55 and over,Long-term share of unemployment,25.4009277434624,4.44814346540272,1.98376739970085,0.175117362260422,16.504640812657,34.2972146742679,148,Marginal
2023,Province x age,British Columbia | 15 to 24,Long-term share of unemployment,8.24142821580364,2.09554740574456,0.93456487192402,0.254269933665887,4.05033340431452,12.4325230272928,105,Marginal
2023,Province x age,British Columbia | 25 to 54,Long-term share of unemployment,16.1685777857203,2.00884939722083,0.895899598587833,0.124244038272494,12.1508789912787,20.186276580162,422,Acceptable
2023,Province x age,British Columbia | 55 and over,Long-term share of unemployment,23.5527206837857,4.02122681476007,1.79337261128598,0.170733006549362,15.5102670542656,31.5951743133059,212,Marginal
2023,Province x age,Manitoba | 15 to 24,Long-term share of unemployment,8.76791806348008,2.30231626012639,1.02677891937697,0.262584144087288,4.16328554322731,13.3725505837329,86,Marginal
2023,Province x age,Manitoba | 25 to 54,Long-term share of unemployment,15.5403424348336,2.53886497857883,1.13227408601375,0.163372524719145,10.4626124776759,20.6180723919913,208,Marginal
2023,Province x age,Manitoba | 55 and over,Long-term share of unemployment,25.4176095631294,5.25292868175302,2.34268268388052,0.206664937106158,14.9117521996234,35.9234669266355,114,Marginal
2023,Province x age,New Brunswick | 15 to 24,Long-term share of unemployment,11.1662658001126,3.5822844645087,1.59761464359689,0.320813110545209,4.00169687109518,18.33083472913,57,Marginal
2023,Province x age,New Brunswick | 25 to 54,Long-term share of unemployment,11.8793425975414,2.32532136214823,1.03703865397696,0.195744953313282,7.22869987324497,16.5299853218379,128,Marginal
2023,Province x age,New Brunswick | 55 and over,Long-term share of unemployment,13.9822659125151,3.22227593609026,1.4370593045334,0.230454488296213,7.53771404033462,20.4268177846956,92,Marginal
2023,Province x age,Newfoundland and Labrador | 15 to 24,Long-term share of unemployment,13.9878524159188,4.0193053468759,1.79251568178767,0.287342561771795,5.94924172216698,22.0264631096706,72,Marginal
2023,Province x age,Newfoundland and Labrador | 25 to 54,Long-term share of unemployment,19.324453754298,2.83767901326018,1.26553811969084,0.146843944431239,13.6490957277776,24.9998117808183,229,Acceptable
2023,Province x age,Newfoundland and Labrador | 55 and over,Long-term share of unemployment,16.0690016800967,3.30097526626489,1.47215735539283,0.205425037098199,9.46705114756696,22.6709522126265,120,Marginal
2023,Province x age,Nova Scotia | 15 to 24,Long-term share of unemployment,9.35397778955049,3.14889781113518,1.40433438608837,0.336637298268216,3.05618216728015,15.6517734118208,46,Marginal
2023,Province x age,Nova Scotia | 25 to 54,Long-term share of unemployment,15.9143665117433,2.59577511825926,1.15765467022569,0.163108918997424,10.7228162752248,21.1059167482618,179,Marginal
2023,Province x age,Nova Scotia | 55 and over,Long-term share of unemployment,23.3594980226226,4.36808867259288,1.94806484437611,0.186994115556875,14.6233206774369,32.0956753678084,132,Marginal
2023,Province x age,Ontario | 15 to 24,Long-term share of unemployment,9.79184629376721,1.43677687404231,0.640768703963372,0.146731967694066,6.91829254568258,12.6654000418518,367,Acceptable
2023,Province x age,Ontario | 25 to 54,Long-term share of unemployment,18.6276954659801,1.37453695224528,0.613011162242602,0.0737899626261125,15.8786215614896,21.3767693704707,1329,Acceptable
2023,Province x age,Ontario | 55 and over,Long-term share of unemployment,28.5447543330159,2.95082911747274,1.31600040575591,0.103375530335523,22.6430960980704,34.4464125679614,560,Acceptable
2023,Province x age,Prince Edward Island | 15 to 24,Long-term share of unemployment,9.19475750930695,4.72721548879619,2.10822696052269,0.514120734996143,-0.259673468285436,18.6491884868993,22,Suppressed
2023,Province x age,Prince Edward Island | 25 to 54,Long-term share of unemployment,15.3276658034005,3.86179667057816,1.72227051554253,0.251949430533735,7.6040724622442,23.0512591445568,79,Marginal
2023,Province x age,Prince Edward Island | 55 and over,Long-term share of unemployment,9.07567293042153,3.26861657034271,1.45772613783734,0.360151428483761,2.53843978973611,15.612906071107,44,Suppressed
2023,Province x age,Quebec | 15 to 24,Long-term share of unemployment,6.1495532620647,2.13415223989439,0.951781720268268,0.347041833601073,1.88124878227591,10.4178577418535,60,Marginal
2023,Province x age,Quebec | 25 to 54,Long-term share of unemployment,12.3685539352517,1.9821131440983,0.8839758583247,0.16025423460774,8.40432764705505,16.3327802234483,306,Marginal
2023,Province x age,Quebec | 55 and over,Long-term share of unemployment,19.8657255322613,3.29740466767033,1.47056495237246,0.165984608128983,13.2709161969207,26.460534867602,252,Marginal
2023,Province x age,Saskatchewan | 15 to 24,Long-term share of unemployment,9.11168896531477,2.83586442790219,1.26472885728616,0.311233673438306,3.43996010951038,14.7834178211191,52,Marginal
2023,Province x age,Saskatchewan | 25 to 54,Long-term share of unemployment,16.9899247752763,2.57882930741783,1.15009723702458,0.15178579902664,11.8322661604407,22.147583390112,209,Marginal
2023,Province x age,Saskatchewan | 55 and over,Long-term share of unemployment,19.5498943757713,4.90141148115313,2.18591427737387,0.250712939259027,9.747071413465,29.3527173380775,66,Marginal
2023,Province x age,Alberta | 15 to 24,Long-term unemployment rate,1.14591351118792,0.287533611961244,0.128233230372058,0.250920867198059,0.570846287265428,1.7209807351104,98,Marginal
2023,Province x age,Alberta | 25 to 54,Long-term unemployment rate,0.806193356314755,0.117647228184036,0.052467897618839,0.145929295078566,0.570898899946684,1.04148781268283,339,Acceptable
2023,Province x age,Alberta | 55 and over,Long-term unemployment rate,1.18561624066095,0.239345819865442,0.106742608100827,0.201874613097416,0.706924600930068,1.66430788039184,148,Marginal
2023,Province x age,British Columbia | 15 to 24,Long-term unemployment rate,0.749060560651674,0.192249092555967,0.085738575070908,0.256653604067357,0.36456237553974,1.13355874576361,105,Marginal
2023,Province x age,British Columbia | 25 to 54,Long-term unemployment rate,0.694929158921962,0.0936535372985614,0.0417672756296168,0.134767027827477,0.507622084324839,0.882236233519084,422,Acceptable
2023,Province x age,British Columbia | 55 and over,Long-term unemployment rate,1.02484211118723,0.200269737462981,0.0893155941160142,0.195415211062101,0.624302636261265,1.42538158611319,212,Marginal
2023,Province x age,Manitoba | 15 to 24,Long-term unemployment rate,0.798722367799246,0.222407814055608,0.099188655760297,0.27845447056706,0.35390673968803,1.24353799591046,86,Marginal
2023,Province x age,Manitoba | 25 to 54,Long-term unemployment rate,0.584325101183332,0.102923334514264,0.0459013872340147,0.176140532566256,0.378478432154805,0.790171770211859,208,Marginal
2023,Province x age,Manitoba | 55 and over,Long-term unemployment rate,0.856033980720909,0.199373474518307,0.0889158819158498,0.232903691919338,0.457287031684295,1.25478092975752,114,Marginal
2023,Province x age,New Brunswick | 15 to 24,Long-term unemployment rate,1.24908944413516,0.421467215005399,0.187964468249165,0.33741956349428,0.406155014124364,2.09202387414596,57,Marginal
2023,Province x age,New Brunswick | 25 to 54,Long-term unemployment rate,0.567918316347845,0.120231900953286,0.0536206009024478,0.211706327287469,0.327454514441274,0.808382118254417,128,Marginal
2023,Province x age,New Brunswick | 55 and over,Long-term unemployment rate,0.975318968584254,0.243063794062325,0.108400737174692,0.24921466914065,0.489191380459603,1.4614465567089,92,Marginal
2023,Province x age,Newfoundland and Labrador | 15 to 24,Long-term unemployment rate,1.91468662672669,0.573304322424412,0.255680248125758,0.299424623550289,0.768077981877868,3.06129527157552,72,Marginal
2023,Province x age,Newfoundland and Labrador | 25 to 54,Long-term unemployment rate,1.41013405952681,0.230443222161726,0.102772258845088,0.163419371800049,0.949247615203363,1.87102050385027,229,Marginal
2023,Province x age,Newfoundland and Labrador | 55 and over,Long-term unemployment rate,1.91519375138704,0.427334003934829,0.190580918170273,0.22312834073594,1.06052574351738,2.76986175925669,120,Marginal
2023,Province x age,Nova Scotia | 15 to 24,Long-term unemployment rate,1.03680100688689,0.365937528737962,0.163199533801849,0.35294866257579,0.30492594941097,1.76867606436282,46,Suppressed
2023,Province x age,Nova Scotia | 25 to 54,Long-term unemployment rate,0.754568703550319,0.133903880014651,0.0597179821048038,0.177457505704411,0.486760943521017,1.02237646357962,179,Marginal
2023,Province x age,Nova Scotia | 55 and over,Long-term unemployment rate,1.30188217875841,0.276012797041304,0.123095217798065,0.212010580945607,0.749856584675804,1.85390777284102,132,Marginal
2023,Province x age,Ontario | 15 to 24,Long-term unemployment rate,1.16796963084409,0.178972198938823,0.0798173926873265,0.153233606604549,0.81002523296644,1.52591402872173,367,Marginal
2023,Province x age,Ontario | 25 to 54,Long-term unemployment rate,0.838357904917683,0.06796485092267,0.0303107255048291,0.081069016614501,0.702428203072343,0.974287606763023,1329,Acceptable
2023,Province x age,Ontario | 55 and over,Long-term unemployment rate,1.09790648155119,0.134917679119536,0.0601701126688828,0.122886312620102,0.828071123312123,1.36774183979027,560,Acceptable
2023,Province x age,Prince Edward Island | 15 to 24,Long-term unemployment rate,0.964392881785651,0.511663634072173,0.228189950432039,0.530555174904222,-0.0589343863586938,1.98772014993,22,Suppressed
2023,Province x age,Prince Edward Island | 25 to 54,Long-term unemployment rate,0.79035261774367,0.215373273381587,0.0960514160175744,0.27250276464756,0.359606070980497,1.22109916450684,79,Marginal
2023,Province x age,Prince Edward Island | 55 and over,Long-term unemployment rate,0.640598226256282,0.23868334564312,0.106447160173932,0.372594452903825,0.163231534970042,1.11796491754252,44,Suppressed
2023,Province x age,Quebec | 15 to 24,Long-term unemployment rate,0.423038204501687,0.151188860715777,0.0674266770886891,0.357388195928706,0.120660483070133,0.725415925933241,60,Suppressed
2023,Province x age,Quebec | 25 to 54,Long-term unemployment rate,0.444831808364097,0.0759411659795156,0.033867974479055,0.170718830244616,0.292949476405066,0.596714140323128,306,Marginal
2023,Province x age,Quebec | 55 and over,Long-term unemployment rate,0.8337785131116,0.15687909754047,0.0699643889222219,0.188154402006606,0.520020318030659,1.14753670819254,252,Marginal
2023,Province x age,Saskatchewan | 15 to 24,Long-term unemployment rate,0.821111155206071,0.266705605936629,0.1189444293984,0.324810598718142,0.287699943332813,1.35452236707933,52,Marginal
2023,Province x age,Saskatchewan | 25 to 54,Long-term unemployment rate,0.659144761726154,0.110215936624076,0.0491537163094947,0.16721051736108,0.438712888478002,0.879576634974306,209,Marginal
2023,Province x age,Saskatchewan | 55 and over,Long-term unemployment rate,0.588494544447173,0.164836873256084,0.0735133697861602,0.280099237641924,0.258820797935004,0.918168290959341,66,Marginal
2023,Province x age,Alberta | 15 to 24,Long-term unemployed (people),4008.5,1006.89792006139,449.052797910047,0.251190699778318,1994.70415987722,6022.29584012278,98,Marginal
2023,Province x age,Alberta | 25 to 54,Long-term unemployed (people),14005.5833333333,2046.40852676672,912.650087265594,0.146113766064728,9912.7662797999,18098.4003868668,339,Acceptable
2023,Province x age,Alberta | 55 and over,Long-term unemployed (people),6028,1220.93129406228,544.506650307883,0.202543346725661,3586.13741187544,8469.86258812457,148,Marginal
2023,Province x age,British Columbia | 15 to 24,Long-term unemployed (people),3007.16666666667,773.584921833491,345.000686414343,0.25724710585828,1459.99682299969,4554.33651033365,105,Marginal
2023,Province x age,British Columbia | 25 to 54,Long-term unemployed (people),13722.0833333333,1847.93742968462,824.136644469367,0.134668868042483,10026.2084739641,17417.9581927026,422,Acceptable
2023,Province x age,British Columbia | 55 and over,Long-term unemployed (people),6434.25,1262.95417099339,563.247865366696,0.196286151609494,3908.34165801323,8960.15834198678,212,Marginal
2023,Province x age,Manitoba | 15 to 24,Long-term unemployed (people),987.333333333333,274.658469290384,122.49121946445,0.27818210934205,438.016394752566,1536.6502719141,86,Marginal
2023,Province x age,Manitoba | 25 to 54,Long-term unemployed (people),2782.66666666667,490.131360319548,218.587062610609,0.176137288088003,1802.40394602757,3762.92938730576,208,Marginal
2023,Province x age,Manitoba | 55 and over,Long-term unemployed (people),1226.16666666667,285.019300106554,127.111906402,0.232447437901227,656.128066453558,1796.20526687978,114,Marginal
2023,Province x age,New Brunswick | 15 to 24,Long-term unemployed (people),727.333333333333,246.85670363029,110.09228566216,0.339399684184633,233.619926072754,1221.04674059391,57,Marginal
2023,Province x age,New Brunswick | 25 to 54,Long-term unemployed (people),1481.75,314.05531790951,140.061287639959,0.211948923846472,853.639364180979,2109.86063581902,128,Marginal
2023,Province x age,New Brunswick | 55 and over,Long-term unemployed (people),943.5,234.861333493815,104.742632619454,0.248925631683959,473.77733301237,1413.22266698763,92,Marginal
2023,Province x age,Newfoundland and Labrador | 15 to 24,Long-term unemployed (people),642.916666666667,192.681498535237,85.9314179708241,0.29969902558948,257.553669596193,1028.27966373714,72,Marginal
2023,Province x age,Newfoundland and Labrador | 25 to 54,Long-term unemployed (people),2337.08333333333,381.981673533916,170.354845146873,0.163443754052665,1573.1199862655,3101.04668040116,229,Marginal
2023,Province x age,Newfoundland and Labrador | 55 and over,Long-term unemployed (people),1251.33333333333,280.990451934636,125.315134844616,0.224552838519954,689.352429464062,1813.3142372026,120,Marginal
2023,Province x age,Nova Scotia | 15 to 24,Long-term unemployed (people),779.833333333333,275.674156774384,122.944192201214,0.353503941151166,228.485019784565,1331.1816468821,46,Suppressed
2023,Province x age,Nova Scotia | 25 to 54,Long-term unemployed (people),2565.25,454.42676745242,202.663653687244,0.177147165949681,1656.39646509516,3474.10353490484,179,Marginal
2023,Province x age,Nova Scotia | 55 and over,Long-term unemployed (people),1619.41666666667,344.688384335644,153.722915013647,0.212847250142939,930.039897995379,2308.79343533795,132,Marginal
2023,Province x age,Ontario | 15 to 24,Long-term unemployed (people),13807.8333333333,2119.31550342363,945.164884647389,0.153486463246005,9569.20232648608,18046.4643401806,367,Marginal
2023,Province x age,Ontario | 25 to 54,Long-term unemployed (people),46125.6666666667,3745.08302829024,1670.21897528265,0.0811930384736678,38635.5006100862,53615.8327232472,1329,Acceptable
2023,Province x age,Ontario | 55 and over,Long-term unemployed (people),19759.0833333333,2435.16950688524,1086.02834375244,0.123243040469248,14888.7443195629,24629.4223471038,560,Acceptable
2023,Province x age,Prince Edward Island | 15 to 24,Long-term unemployed (people),150.25,79.5338337359816,35.4702198267303,0.529343319374253,-8.81766747196315,309.317667471963,22,Suppressed
2023,Province x age,Prince Edward Island | 25 to 54,Long-term unemployed (people),453.75,123.67216496269,55.1548777622888,0.272555735454964,206.40567007462,701.09432992538,79,Marginal
2023,Province x age,Prince Edward Island | 55 and over,Long-term unemployed (people),148.916666666667,55.530204800977,24.7651657010835,0.372894492228161,37.8562570647127,259.977076268621,44,Suppressed
2023,Province x age,Quebec | 15 to 24,Long-term unemployed (people),2773.16666666667,990.895397941181,441.916049299762,0.357315486967191,791.375870784305,4754.95746254903,60,Suppressed
2023,Province x age,Quebec | 25 to 54,Long-term unemployed (people),13533.1666666667,2312.55418509415,1031.34479319592,0.170880492500707,8908.05829647837,18158.275036855,306,Marginal
2023,Province x age,Quebec | 55 and over,Long-term unemployed (people),8642.66666666667,1626.69911113867,725.469556208903,0.188217268336007,5389.26844438934,11896.064888944,252,Marginal
2023,Province x age,Saskatchewan | 15 to 24,Long-term unemployed (people),724.166666666667,235.554515464333,105.051775480036,0.32527666117054,253.057635738001,1195.27569759533,52,Marginal
2023,Province x age,Saskatchewan | 25 to 54,Long-term unemployed (people),2606.75,435.219724826154,194.09776427675,0.166958751252001,1736.31055034769,3477.18944965231,209,Marginal
2023,Province x age,Saskatchewan | 55 and over,Long-term unemployed (people),778.916666666667,218.124726488282,97.2784994103027,0.280036024163837,342.667213690102,1215.16611964323,66,Marginal
2023,Province x age,Alberta | 15 to 24,Unemployed (people),42618,3138.16934619198,1399.54974297408,0.0736348337836591,36341.661307616,48894.338692384,1121,Acceptable
2023,Province x age,Alberta | 25 to 54,Unemployed (people),85436.4166666667,4798.55779548864,2140.04395188925,0.0561652511037581,75839.3010756894,95033.5322576439,2058,Acceptable
2023,Province x age,Alberta | 55 and over,Unemployed (people),24805.3333333333,2417.80838475585,1078.28569148181,0.0974713120063906,19969.7165638216,29640.950102845,672,Acceptable
2023,Province x age,British Columbia | 15 to 24,Unemployed (people),38371.5833333333,2831.09900550103,1262.60359094105,0.0737811359230949,32709.3853223313,44033.7813443354,1207,Acceptable
2023,Province x age,British Columbia | 25 to 54,Unemployed (people),89641.25,4787.47388634257,2135.10078901776,0.0534070406910052,80066.3022273149,99216.1977726852,2612,Acceptable
2023,Province x age,British Columbia | 55 and over,Unemployed (people),27920.0833333333,2363.3699427475,1054.00742631643,0.0846476679360736,23193.3434478383,32646.8232188283,1012,Acceptable
2023,Province x age,Manitoba | 15 to 24,Unemployed (people),11697.25,956.418804233566,426.540299128515,0.0817644150747882,9784.41239153287,13610.0876084671,919,Acceptable
2023,Province x age,Manitoba | 25 to 54,Unemployed (people),19322.4166666667,1304.57519989116,581.809865650994,0.067516150924418,16713.2662668844,21931.567066449,1445,Acceptable
2023,Province x age,Manitoba | 55 and over,Unemployed (people),5289.08333333333,601.568929831167,268.285598464607,0.113737843009564,4085.945473671,6492.22119299567,481,Acceptable
2023,Province x age,New Brunswick | 15 to 24,Unemployed (people),6751.91666666667,717.07608546569,319.799074044288,0.106203337639785,5317.76449573529,8186.06883759805,546,Acceptable
2023,Province x age,New Brunswick | 25 to 54,Unemployed (people),13399.3333333333,946.28130651367,422.019213500839,0.0706215214573116,11506.770720306,15291.8959463607,1140,Acceptable
2023,Province x age,New Brunswick | 55 and over,Unemployed (people),7154.66666666667,620.591829081038,276.769364258855,0.0867394468525492,5913.48300850459,8395.85032482874,716,Acceptable
2023,Province x age,Newfoundland and Labrador | 15 to 24,Unemployed (people),4880.75,487.896269750834,217.590264768974,0.0999633805769265,3904.95746049833,5856.54253950167,565,Acceptable
2023,Province x age,Newfoundland and Labrador | 25 to 54,Unemployed (people),13041.25,859.964447521933,383.523923894239,0.06594187271327,11321.3211049561,14761.1788950439,1352,Acceptable
2023,Province x age,Newfoundland and Labrador | 55 and over,Unemployed (people),8420.83333333333,691.759211286391,308.508343417039,0.0821485456253013,7037.31491076055,9804.35175590612,817,Acceptable
2023,Province x age,Nova Scotia | 15 to 24,Unemployed (people),9032.66666666667,890.35029134278,397.075295798728,0.0985700374207816,7251.96608398111,10813.3672493522,563,Acceptable
2023,Province x age,Nova Scotia | 25 to 54,Unemployed (people),17727.9166666667,1207.33247633333,538.441897339597,0.0681034607187346,15313.251714,20142.5816193333,1198,Acceptable
2023,Province x age,Nova Scotia | 55 and over,Unemployed (people),7531.41666666667,711.754647159057,317.425837678527,0.0945047497251367,6107.90737234855,8954.92596098478,609,Acceptable
2023,Province x age,Ontario | 15 to 24,Unemployed (people),147188,6495.44536014138,2896.81590807684,0.0441302644246907,134197.109279717,160178.890720283,4210,Acceptable
2023,Province x age,Ontario | 25 to 54,Unemployed (people),257282.833333333,8723.34459596056,3890.4065843246,0.0339056612636828,239836.144141412,274729.522525255,7089,Acceptable
2023,Province x age,Ontario | 55 and over,Unemployed (people),73192.25,4318.93597267411,1926.14389590298,0.0590081049930027,64554.3780546518,81830.1219453482,2307,Acceptable
2023,Province x age,Prince Edward Island | 15 to 24,Unemployed (people),1761.33333333333,252.363614461611,112.548238413055,0.143279871950196,1256.60610441011,2266.06056225656,283,Acceptable
2023,Province x age,Prince Edward Island | 25 to 54,Unemployed (people),3370.83333333333,325.072773772904,144.974813909837,0.0964369168176722,2720.68778578753,4020.97888087914,638,Acceptable
2023,Province x age,Prince Edward Island | 55 and over,Unemployed (people),1775.75,205.845181766986,91.802111184351,0.115920136149225,1364.05963646603,2187.44036353397,435,Acceptable
2023,Province x age,Quebec | 15 to 24,Unemployed (people),48482.75,3849.51202591639,1716.79185286303,0.0793996220494174,40783.7259481672,56181.7740518328,1419,Acceptable
2023,Province x age,Quebec | 25 to 54,Unemployed (people),116989.75,6242.23253333435,2783.88894092462,0.0533570892606775,104505.284933331,129474.215066669,2824,Acceptable
2023,Province x age,Quebec | 55 and over,Unemployed (people),46110.5833333333,3688.59045285633,1645.02461490678,0.0799944434923218,38733.4024276207,53487.764239046,1450,Acceptable
2023,Province x age,Saskatchewan | 15 to 24,Unemployed (people),8450.41666666667,768.254711082961,342.623537744864,0.0909132343868205,6913.90724450074,9986.92608883259,644,Acceptable
2023,Province x age,Saskatchewan | 25 to 54,Unemployed (people),16307,1055.61927698812,470.781377550563,0.0647341189052629,14195.7614460238,18418.2385539762,1288,Acceptable
2023,Province x age,Saskatchewan | 55 and over,Unemployed (people),4300.83333333333,511.975897359673,228.329212516251,0.11904109219756,3276.88153861399,5324.78512805268,368,Acceptable
2024,Canada,Canada,Unemployment rate,6.34399282004409,0.0814941539242041,0.0363444765391359,0.0128458773891925,6.18100451219568,6.5069811278925,51885,Acceptable
2024,Canada,Canada,Long-term share of unemployment,20.0660655524051,0.547205524450213,0.244040797870773,0.0272701951970164,18.9716545035047,21.1604766013055,9551,Acceptable
2024,Canada,Canada,Long-term unemployment rate,1.22074008527233,0.0373834788277337,0.0166721525874056,0.0306236186381919,1.14597312761686,1.2955070429278,9551,Acceptable
2024,Canada,Canada,Long-term unemployed (people),270208,8277.73851502005,3691.67674942747,0.0306346907383203,253652.52296996,286763.47703004,9551,Acceptable
2024,Canada,Canada,Unemployed (people),1404228.16666667,18114.8607399891,8078.80196886992,0.0129002260245142,1367998.44518669,1440457.88814664,51885,Acceptable
2024,Province,Alberta,Unemployment rate,6.9944586575906,0.25926529533849,0.115626225810086,0.0370672425173502,6.47592806691362,7.51298924826758,4507,Acceptable
2024,Province,British Columbia,Unemployment rate,5.56780192828251,0.186276462964969,0.0830749227032932,0.0334560146650959,5.19524900235257,5.94035485421245,5853,Acceptable
2024,Province,Manitoba,Unemployment rate,5.44898086593494,0.244592943576485,0.109082701904259,0.0448878330818872,4.95979497878197,5.93816675308791,3212,Acceptable
2024,Province,New Brunswick,Unemployment rate,7.04139229144933,0.31487972637039,0.140428954429812,0.0447183899628433,6.41163283870855,7.67115174419011,2718,Acceptable
2024,Province,Newfoundland and Labrador,Unemployment rate,9.95417091818371,0.434903728814319,0.193956837485249,0.0436906029029361,9.08436346055507,10.8239783758123,3074,Acceptable
2024,Province,Nova Scotia,Unemployment rate,6.48482606307246,0.298470271919799,0.133110723568072,0.0460259487327538,5.88788551923286,7.08176660691205,2515,Acceptable
2024,Province,Ontario,Unemployment rate,6.95126182402284,0.139877200733908,0.0623819426993724,0.0201225625325329,6.67150742255503,7.23101622549066,18077,Acceptable
2024,Province,Prince Edward Island,Unemployment rate,7.93462188862355,0.487343749143452,0.217343853569085,0.0614199083439871,6.95993439033665,8.90930938691046,1513,Acceptable
2024,Province,Quebec,Unemployment rate,5.32092004256248,0.172571080634325,0.0769626444282247,0.0324325641531754,4.97577788129383,5.66606220383113,7654,Acceptable
2024,Province,Saskatchewan,Unemployment rate,5.42736523025775,0.241721914928503,0.107802290631607,0.0445376171813341,4.94392140040074,5.91080906011475,2762,Acceptable
2024,Province,Alberta,Long-term share of unemployment,21.655932028175,1.64698130514706,0.734514937856599,0.0760522014478203,18.3619694178808,24.9498946384691,926,Acceptable
2024,Province,British Columbia,Long-term share of unemployment,18.377675368308,1.4117712922602,0.629616802426084,0.0768199058894456,15.5541327837876,21.2012179528284,1115,Acceptable
2024,Province,Manitoba,Long-term share of unemployment,17.6060830077094,1.7350128198854,0.773774923610765,0.0985462137788214,14.1360573679386,21.0761086474802,546,Acceptable
2024,Province,New Brunswick,Long-term share of unemployment,14.9851399058958,1.67104119790132,0.745245084322744,0.111513219655952,11.6430575100931,18.3272223016984,405,Acceptable
2024,Province,Newfoundland and Labrador,Long-term share of unemployment,17.5808310349739,1.78081084381658,0.794199765469404,0.101292756882424,14.0192093473407,21.1424527226071,498,Acceptable
2024,Province,Nova Scotia,Long-term share of unemployment,18.2593365117203,2.00608239832168,0.894665582137189,0.109866116823797,14.2471717150769,22.2715013083637,415,Acceptable
2024,Province,Ontario,Long-term share of unemployment,23.1712501054928,0.943792639551744,0.420909326549984,0.0407311921132824,21.2836648263893,25.0588353845963,3934,Acceptable
2024,Province,Prince Edward Island,Long-term share of unemployment,10.9929822622534,1.9190501838034,0.855851260785368,0.174570479422389,7.15488189464662,14.8310826298602,162,Marginal
2024,Province,Quebec,Long-term share of unemployment,14.3482217327475,1.27217157556396,0.567358611083236,0.0886640588122804,11.8038785816195,16.8925648838754,1036,Acceptable
2024,Province,Saskatchewan,Long-term share of unemployment,19.6795670904804,1.79292953002657,0.79960441458146,0.0911061468874415,16.0937080304273,23.2654261505336,514,Acceptable
2024,Province,Alberta,Long-term unemployment rate,1.46315611597484,0.12727737357284,0.0567627160358434,0.0869882387690667,1.20860136882916,1.71771086312052,926,Acceptable
2024,Province,British Columbia,Long-term unemployment rate,0.97610977944485,0.0825161772631,0.0368002749182135,0.0845357550971676,0.81107742491865,1.14114213397105,1115,Acceptable
2024,Province,Manitoba,Long-term unemployment rate,0.906617209281787,0.0972754497300736,0.0433825634147545,0.107294951754925,0.71206630982164,1.10116810874193,546,Acceptable
2024,Province,New Brunswick,Long-term unemployment rate,0.998074353730877,0.117826746889907,0.0525479587407687,0.118054077283383,0.762420859951063,1.23372784751069,405,Acceptable
2024,Province,Newfoundland and Labrador,Long-term unemployment rate,1.66364376274498,0.182259643121099,0.0812835154974061,0.10955448949021,1.29912447650278,2.02816304898718,498,Acceptable
2024,Province,Nova Scotia,Long-term unemployment rate,1.0991752523384,0.130560147245181,0.0582267559083065,0.118780100777765,0.838054957848043,1.36029554682877,415,Acceptable
2024,Province,Ontario,Long-term unemployment rate,1.55761794276875,0.0719158176337109,0.0320727637618296,0.0461703834162802,1.41378630750133,1.70144957803618,3934,Acceptable
2024,Province,Prince Edward Island,Long-term unemployment rate,0.8253579980982,0.153963244523865,0.0686639870350861,0.186541167443254,0.517431509050469,1.13328448714593,162,Marginal
2024,Province,Quebec,Long-term unemployment rate,0.725008128767487,0.068471730928747,0.0305367820696492,0.0944427078978395,0.588064666909993,0.861951590624982,1036,Acceptable
2024,Province,Saskatchewan,Long-term unemployment rate,1.00605635983213,0.101379736923241,0.0452129790018737,0.100769440928893,0.803296885985645,1.20881583367861,514,Acceptable
2024,Province,Alberta,Long-term unemployed (people),39627.6666666667,3449.48658440423,1538.38991144748,0.087047431114732,32728.6934978582,46526.6398354751,926,Acceptable
2024,Province,British Columbia,Long-term unemployed (people),30121.5,2547.83190985708,1136.2731265311,0.0845851604288326,25025.8361802858,35217.1638197142,1115,Acceptable
2024,Province,Manitoba,Long-term unemployed (people),6946.33333333333,746.73296237196,333.02534384453,0.107500306498195,5452.86740858941,8439.79925807725,546,Acceptable
2024,Province,New Brunswick,Long-term unemployed (people),4294.16666666667,507.508685058569,226.336940864179,0.118185604903994,3279.14929654953,5309.18403678381,405,Acceptable
2024,Province,Newfoundland and Labrador,Long-term unemployed (people),4525.83333333333,498.746214518115,222.429085028549,0.110199863270436,3528.3409042971,5523.32576236956,498,Acceptable
2024,Province,Nova Scotia,Long-term unemployed (people),6127.83333333333,726.524020796044,324.012631059393,0.118561321967424,4674.78529174124,7580.88137492542,415,Acceptable
2024,Province,Ontario,Long-term unemployed (people),136364.583333333,6291.64017719694,2805.92358840238,0.046138374227401,123781.302978939,148947.863687727,3934,Acceptable
2024,Province,Prince Edward Island,Long-term unemployed (people),828.916666666667,154.63975184671,68.9656933948645,0.186556451408518,519.637162973246,1138.19617036009,162,Marginal
2024,Province,Quebec,Long-term unemployed (people),34964.5,3308.13648135741,1475.3510889478,0.0946141509633317,28348.2270372852,41580.7729627148,1036,Acceptable
2024,Province,Saskatchewan,Long-term unemployed (people),6406.66666666667,645.922211626385,288.066119299749,0.100820324395378,5114.8222434139,7698.51108991944,514,Acceptable
2024,Province,Alberta,Unemployed (people),189435.75,7114.2021612896,3172.7668930233,0.0375546968367354,175207.345677421,203664.154322579,4507,Acceptable
2024,Province,British Columbia,Unemployed (people),171815.25,5762.75809713219,2570.05461590209,0.0335404342579148,160289.733805736,183340.766194264,5853,Acceptable
2024,Province,Manitoba,Unemployed (people),41749.0833333333,1889.51613030515,842.67976733725,0.0452588650921713,37970.051072723,45528.1155939436,3212,Acceptable
2024,Province,New Brunswick,Unemployed (people),30295.25,1376.09508083106,613.706050956748,0.0454227999713176,27543.0598383379,33047.4401616621,2718,Acceptable
2024,Province,Newfoundland and Labrador,Unemployed (people),27079.6666666667,1203.58677655846,536.77140330984,0.0444461444586391,24672.4931135498,29486.8402197836,3074,Acceptable
2024,Province,Nova Scotia,Unemployed (people),36152.5,1676.73349846538,747.783716535509,0.0463794619587962,32799.0330030692,39505.9669969308,2515,Acceptable
2024,Province,Ontario,Unemployed (people),608561.25,12266.8400702089,5470.72225028189,0.0201571165929624,584027.569859582,633094.930140418,18077,Acceptable
2024,Province,Prince Edward Island,Unemployed (people),7968.83333333333,492.457449028694,219.624443483305,0.0617979355859738,6983.91843527594,8953.74823139072,1513,Acceptable
2024,Province,Quebec,Unemployed (people),256608.583333333,8376.56573209894,3735.75136459425,0.0326433575342171,239855.451869135,273361.714797531,7654,Acceptable
2024,Province,Saskatchewan,Unemployed (people),34562,1553.89535781019,693.000794004577,0.0449596481051499,31454.2092843796,37669.7907156204,2762,Acceptable
2024,Age,15 to 24,Unemployment rate,13.0639303933323,0.311336238612701,0.138848642205259,0.0238317435288543,12.4412579161069,13.6866028705577,14878,Acceptable
2024,Age,25 to 54,Unemployment rate,5.36478146126676,0.0956786704030285,0.0426704373787699,0.0178345886209569,5.1734241204607,5.55613880207281,27254,Acceptable
2024,Age,55 and over,Unemployment rate,4.91023865857312,0.153557659186978,0.0684831055110587,0.0312729522665606,4.60312334019916,5.21735397694707,9753,Acceptable
2024,Age,15 to 24,Long-term share of unemployment,13.0045062716972,0.839896956853621,0.374574294888063,0.0645850706905774,11.32471235799,14.6843001854044,1819,Acceptable
2024,Age,25 to 54,Long-term share of unemployment,22.0190206763268,0.793797917336019,0.354015207155433,0.0360505550634889,20.4314248416547,23.6066165109988,5486,Acceptable
2024,Age,55 and over,Long-term share of unemployment,26.0675417098965,1.38604296223602,0.618142572166267,0.0531712187386587,23.2954557854245,28.8396276343685,2246,Acceptable
2024,Age,15 to 24,Long-term unemployment rate,1.63473870937362,0.113909850981907,0.0508011152608429,0.0696807693662267,1.40691900740981,1.86255841133744,1819,Acceptable
2024,Age,25 to 54,Long-term unemployment rate,1.13313146711257,0.0460402994133089,0.0205328910272276,0.0406310306875761,1.04105086828595,1.22521206593919,5486,Acceptable
2024,Age,55 and over,Long-term unemployment rate,1.21862987658292,0.0761074606565088,0.0339421379950317,0.0624533027779662,1.0664149552699,1.37084479789594,2246,Acceptable
2024,Age,15 to 24,Long-term unemployed (people),50440.1666666667,3529.44347111939,1574.04880295599,0.0699728748805228,43381.2797244279,57499.0536089054,1819,Acceptable
2024,Age,25 to 54,Long-term unemployed (people),163969.5,6656.98623115706,2968.85933836022,0.0405989298690126,150655.527537686,177283.472462314,5486,Acceptable
2024,Age,55 and over,Long-term unemployed (people),55798.3333333333,3500.01157750628,1560.92287041464,0.0627260953583968,48798.3101783208,62798.3564883459,2246,Acceptable
2024,Age,15 to 24,Unemployed (people),403090,9838.38236513509,4387.68721232776,0.0244074086807787,383413.23526973,422766.76473027,14878,Acceptable
2024,Age,25 to 54,Unemployed (people),776309.333333334,13904.1760533589,6200.93560131104,0.0179106130202723,748500.981226616,804117.685440051,27254,Acceptable
2024,Age,55 and over,Unemployed (people),224828.833333333,7061.89539391106,3149.43930462235,0.0314100966909392,210705.042545511,238952.624121156,9753,Acceptable
2024,Gender,Men+,Unemployment rate,6.65417862882332,0.112764065711218,0.0502901219701077,0.0169463538629348,6.42865049740088,6.87970676024575,29012,Acceptable
2024,Gender,Women+,Unemployment rate,5.9952247159042,0.119317899877536,0.053212977912887,0.0199021563880681,5.75658891614913,6.23386051565928,22873,Acceptable
2024,Gender,Men+,Long-term share of unemployment,19.797754212474,0.721371752294575,0.321714840449171,0.0364370496043465,18.3550107078849,21.2404977170632,5341,Acceptable
2024,Gender,Women+,Long-term share of unemployment,20.4045978620292,0.832483601403409,0.371268112661948,0.0407988242175836,18.7396306592223,22.069565064836,4210,Acceptable
2024,Gender,Men+,Long-term unemployment rate,1.2694584784348,0.051554364148566,0.0229920342510743,0.0406113039728017,1.16634975013767,1.37256720673193,5341,Acceptable
2024,Gender,Women+,Long-term unemployment rate,1.16596188092156,0.0544450319928388,0.0242812041435101,0.0466953790545932,1.05707181693589,1.27485194490724,4210,Acceptable
2024,Gender,Men+,Long-term unemployed (people),148722,6054.42367086977,2700.13060407467,0.0407096708682627,136613.15265826,160830.84734174,5341,Acceptable
2024,Gender,Women+,Long-term unemployed (people),121486,5675.00311696597,2530.91795806514,0.0467132271781602,110135.993766068,132836.006233932,4210,Acceptable
2024,Gender,Men+,Unemployed (people),779562.916666667,13351.4889778103,5954.45016053398,0.017126890841473,752859.938711046,806265.894622287,29012,Acceptable
2024,Gender,Women+,Unemployed (people),624665.25,12502.384928987,5575.76971910692,0.020014535671685,599660.480142026,649670.019857974,22873,Acceptable
2024,Immigrant status,"Immigrant, landed 10 years or less",Unemployment rate,9.66543303021698,0.333964993183431,0.148940534690831,0.0345525122505488,8.99750304385012,10.3333630165838,6551,Acceptable
2024,Immigrant status,"Immigrant, landed over 10 years",Unemployment rate,5.84069513854798,0.186945530967474,0.0833733113011152,0.0320074111955704,5.46680407661303,6.21458620048293,6982,Acceptable
2024,Immigrant status,Non-immigrant (incl. non-permanent residents),Unemployment rate,6.01598790346695,0.0907929865067848,0.0404915372344747,0.0150919496454542,5.83440193045338,6.19757387648052,38352,Acceptable
2024,Immigrant status,"Immigrant, landed 10 years or less",Long-term share of unemployment,21.0816400041004,1.49170335002643,0.665264620807159,0.0707584110978221,18.0982333040475,24.0650467041532,1305,Acceptable
2024,Immigrant status,"Immigrant, landed over 10 years",Long-term share of unemployment,23.446428095207,1.45690193072818,0.649744006059869,0.0621374788864324,20.5326242337506,26.3602319566633,1558,Acceptable
2024,Immigrant status,Non-immigrant (incl. non-permanent residents),Long-term share of unemployment,18.9924896706268,0.639221718781155,0.285077857034451,0.0336565521354347,17.7140462330645,20.2709331081891,6688,Acceptable
2024,Immigrant status,"Immigrant, landed 10 years or less",Long-term unemployment rate,1.98644127432108,0.162713459267847,0.0725663770736505,0.0819120410813348,1.66101435578538,2.31186819285677,1305,Acceptable
2024,Immigrant status,"Immigrant, landed over 10 years",Long-term unemployment rate,1.32884975291789,0.0916366906415911,0.0408678094412143,0.0689594067654188,1.14557637163471,1.51212313420107,1558,Acceptable
2024,Immigrant status,Non-immigrant (incl. non-permanent residents),Long-term unemployment rate,1.08848486304604,0.0401386263393686,0.017900883597873,0.0368756862884098,1.00820761036731,1.16876211572478,6688,Acceptable
2024,Immigrant status,"Immigrant, landed 10 years or less",Long-term unemployed (people),43359.0833333333,3573.89352598415,1593.8724823048,0.0824254862241664,36211.296281365,50506.8703853017,1305,Acceptable
2024,Immigrant status,"Immigrant, landed over 10 years",Long-term unemployed (people),53483.6666666667,3711.62452642786,1655.29727013675,0.0693973461011997,46060.4176138109,60906.9157195224,1558,Acceptable
2024,Immigrant status,Non-immigrant (incl. non-permanent residents),Long-term unemployed (people),173365.25,6419.0946886952,2862.76530378805,0.0370264207428836,160527.06062261,186203.43937739,6688,Acceptable
2024,Immigrant status,"Immigrant, landed 10 years or less",Unemployed (people),210972.416666667,7499.80519659668,3344.73678037464,0.035548747628209,195972.806273473,225972.02705986,6551,Acceptable
2024,Immigrant status,"Immigrant, landed over 10 years",Unemployed (people),235076.833333333,7676.29248713551,3423.44596234135,0.0326543980463218,219724.248359062,250429.418307604,6982,Acceptable
2024,Immigrant status,Non-immigrant (incl. non-permanent residents),Unemployed (people),958178.916666667,14568.7373841754,6497.3143295219,0.0152046106742334,929041.441898316,987316.391435018,38352,Acceptable
2024,Education,Bachelor's or above,Unemployment rate,4.96144885696083,0.129462551397731,0.057737253967294,0.02609369866145,4.70252375416537,5.22037395975629,12555,Acceptable
2024,Education,High school or less,Unemployment rate,9.82537119885133,0.198351593716294,0.0884601471048707,0.0201876946633307,9.42866801141875,10.2220743862839,21160,Acceptable
2024,Education,"Some postsecondary, certificate or diploma",Unemployment rate,5.50463618458326,0.119397403178669,0.0532484345158904,0.0216903350512179,5.26584137822592,5.7434309909406,18170,Acceptable
2024,Education,Bachelor's or above,Long-term share of unemployment,23.0109730867161,1.13000068760943,0.503953737813216,0.0491070361670955,20.7509717114972,25.2709744619349,2698,Acceptable
2024,Education,High school or less,Long-term share of unemployment,18.8263713955805,0.815779476076693,0.363818465517832,0.0433317424231946,17.1948124434271,20.4579303477339,3653,Acceptable
2024,Education,"Some postsecondary, certificate or diploma",Long-term share of unemployment,18.9400713230493,0.931834294237705,0.415576185707548,0.0491990910880942,17.0764027345739,20.8037399115247,3200,Acceptable
2024,Education,Bachelor's or above,Long-term unemployment rate,1.09351454706486,0.0623987901909724,0.0278283932891129,0.0570626063992102,0.96871696668291,1.2183121274468,2698,Acceptable
2024,Education,High school or less,Long-term unemployment rate,1.78536050354729,0.0871598444094043,0.0388712412823944,0.0488191848291864,1.61104081472848,1.9596801923661,3653,Acceptable
2024,Education,"Some postsecondary, certificate or diploma",Long-term unemployment rate,0.99368453747615,0.0539695084748088,0.0240691318350973,0.0543125171413913,0.885745520526532,1.10162355442577,3200,Acceptable
2024,Education,Bachelor's or above,Long-term unemployed (people),88951.0833333333,5084.25752151225,2267.45931225191,0.0571579044457459,78782.5682903088,99119.5983763578,2698,Acceptable
2024,Education,High school or less,Long-term unemployed (people),95027.3333333333,4650.0683265162,2073.82114004931,0.0489340083889849,85727.196680301,104327.469986366,3653,Acceptable
2024,Education,"Some postsecondary, certificate or diploma",Long-term unemployed (people),86229.5833333333,4696.18648609562,2094.38875487995,0.0544614308055022,76837.2103611421,95621.9563055246,3200,Acceptable
2024,Education,Bachelor's or above,Unemployed (people),403585.166666667,10690.7447657508,4767.82080204308,0.0264894392775854,382203.677135165,424966.656198168,12555,Acceptable
2024,Education,High school or less,Unemployed (people),522963.75,10958.715710123,4887.32954263276,0.0209550197506481,501046.318579754,544881.181420246,21160,Acceptable
2024,Education,"Some postsecondary, certificate or diploma",Unemployed (people),477679.25,10500.9775409716,4683.18908164628,0.0219833236234807,456677.294918057,498681.205081943,18170,Acceptable
2024,Age x immigrant status,"15 to 24 | Immigrant, landed 10 years or less",Unemployment rate,17.2956388327724,1.20726728430771,0.538412823228982,0.069801832472365,14.881104264157,19.7101734013879,1559,Acceptable
2024,Age x immigrant status,"15 to 24 | Immigrant, landed over 10 years",Unemployment rate,15.0680651449939,1.20459120196956,0.537219353426888,0.0799433232056186,12.6588827410547,17.477247548933,1084,Acceptable
2024,Age x immigrant status,15 to 24 | Non-immigrant (incl. non-permanent residents),Unemployment rate,12.4494836974617,0.329347132288093,0.146881077307818,0.0264546820006072,11.7907894328855,13.1081779620379,12235,Acceptable
2024,Age x immigrant status,"25 to 54 | Immigrant, landed 10 years or less",Unemployment rate,8.38672941475641,0.346597631209874,0.15457439422886,0.0413269123241341,7.69353415233666,9.07992467717616,4523,Acceptable
2024,Age x immigrant status,"25 to 54 | Immigrant, landed over 10 years",Unemployment rate,5.52488175297067,0.244929961732947,0.109233004077985,0.0443321635981169,5.03502182950478,6.01474167643657,3958,Acceptable
2024,Age x immigrant status,25 to 54 | Non-immigrant (incl. non-permanent residents),Unemployment rate,4.78628296911399,0.103662484153153,0.0462310305938871,0.02165824394882,4.57895800080768,4.9936079374203,18773,Acceptable
2024,Age x immigrant status,"55 and over | Immigrant, landed 10 years or less",Unemployment rate,12.0288612837177,1.57382567200531,0.701889245529036,0.130837461242956,8.88120993970706,15.1765126277283,469,Acceptable
2024,Age x immigrant status,"55 and over | Immigrant, landed over 10 years",Unemployment rate,4.93344152799253,0.298192883974993,0.132987015066704,0.0604431779079646,4.33705576004254,5.52982729594251,1940,Acceptable
2024,Age x immigrant status,55 and over | Non-immigrant (incl. non-permanent residents),Unemployment rate,4.69025461246803,0.175915624867845,0.0784542325186091,0.0375066258450472,4.33842336273234,5.04208586220372,7344,Acceptable
2024,Age x immigrant status,"15 to 24 | Immigrant, landed 10 years or less",Long-term share of unemployment,15.4765236987914,2.88344779725459,1.28594992122517,0.186311076917084,9.7096281042822,21.2434192933006,221,Marginal
2024,Age x immigrant status,"15 to 24 | Immigrant, landed over 10 years",Long-term share of unemployment,15.0436735445935,3.38427261191589,1.50930601304501,0.224963178168151,8.27512832076171,21.8122187684253,137,Marginal
2024,Age x immigrant status,15 to 24 | Non-immigrant (incl. non-permanent residents),Long-term share of unemployment,12.4292730520221,0.879011801721357,0.392018596020995,0.0707210951149192,10.6712494485794,14.1872966554648,1461,Acceptable
2024,Age x immigrant status,"25 to 54 | Immigrant, landed 10 years or less",Long-term share of unemployment,22.5461614856255,1.90775599687162,0.85081431896556,0.0846155563148932,18.7306494918822,26.3616734793687,964,Acceptable
2024,Age x immigrant status,"25 to 54 | Immigrant, landed over 10 years",Long-term share of unemployment,23.5472147021391,1.91469203326976,0.853907628117297,0.0813128880629699,19.7178306355996,27.3765987686786,918,Acceptable
2024,Age x immigrant status,25 to 54 | Non-immigrant (incl. non-permanent residents),Long-term share of unemployment,21.4102224056839,0.963345640038338,0.429629505031936,0.0449946582424381,19.4835311256072,23.3369136857606,3604,Acceptable
2024,Age x immigrant status,"55 and over | Immigrant, landed 10 years or less",Long-term share of unemployment,25.0028296547821,6.00162731993444,2.6765846729186,0.240037923819017,12.9995750149132,37.006084294651,120,Marginal
2024,Age x immigrant status,"55 and over | Immigrant, landed over 10 years",Long-term share of unemployment,27.3626574000832,2.94428656076535,1.31308257929465,0.107602361777786,21.4740842785525,33.2512305216139,503,Acceptable
2024,Age x immigrant status,55 and over | Non-immigrant (incl. non-permanent residents),Long-term share of unemployment,25.5619993057717,1.60988273707023,0.717969848765201,0.0629795313665755,22.3422338316313,28.7817647799122,1623,Acceptable
2024,Age x immigrant status,"15 to 24 | Immigrant, landed 10 years or less",Long-term unemployment rate,2.61325255796085,0.532082623551443,0.237296339643373,0.203609338075854,1.54908731085797,3.67741780506374,221,Marginal
2024,Age x immigrant status,"15 to 24 | Immigrant, landed over 10 years",Long-term unemployment rate,2.18385283957853,0.524533789246566,0.23392973703349,0.24018733302002,1.1347852610854,3.23292041807167,137,Marginal
2024,Age x immigrant status,15 to 24 | Non-immigrant (incl. non-permanent residents),Long-term unemployment rate,1.48556056488488,0.112312988373945,0.0500889520835277,0.0756031029826433,1.26093458813699,1.71018654163277,1461,Acceptable
2024,Age x immigrant status,"25 to 54 | Immigrant, landed 10 years or less",Long-term unemployment rate,1.84161129539111,0.176169327357118,0.0785673778637081,0.0956604294282984,1.48927264067687,2.19394995010535,964,Acceptable
2024,Age x immigrant status,"25 to 54 | Immigrant, landed over 10 years",Long-term unemployment rate,1.26115887007822,0.114991003938761,0.0512832840592596,0.0911788408796026,1.03117686220069,1.49114087795574,918,Acceptable
2024,Age x immigrant status,25 to 54 | Non-immigrant (incl. non-permanent residents),Long-term unemployment rate,0.975338099064418,0.0492699869437084,0.0219732557285597,0.0505158026647068,0.876798125177001,1.07387807295183,3604,Acceptable
2024,Age x immigrant status,"55 and over | Immigrant, landed 10 years or less",Long-term unemployment rate,2.95232969864586,0.785692685103072,0.350400464151799,0.266126335911414,1.38094432843971,4.523715068852,120,Marginal
2024,Age x immigrant status,"55 and over | Immigrant, landed over 10 years",Long-term unemployment rate,1.3173072362662,0.16196005423052,0.0722303761412513,0.122947820957533,0.993387127805164,1.64122734472724,503,Acceptable
2024,Age x immigrant status,55 and over | Non-immigrant (incl. non-permanent residents),Long-term unemployment rate,1.12627866139476,0.0854270982201537,0.0380984772227532,0.0758489893738751,0.955424464954456,1.29713285783507,1623,Acceptable
2024,Age x immigrant status,"15 to 24 | Immigrant, landed 10 years or less",Long-term unemployed (people),7187.91666666667,1470.43217912503,655.778178718259,0.204570009269032,4247.05230841661,10128.7810249167,221,Marginal
2024,Age x immigrant status,"15 to 24 | Immigrant, landed over 10 years",Long-term unemployed (people),4694.66666666667,1135.52232690042,506.416259110824,0.241874963128461,2423.62201286584,6965.7113204675,137,Marginal
2024,Age x immigrant status,15 to 24 | Non-immigrant (incl. non-permanent residents),Long-term unemployed (people),38557.5833333333,2927.35981553533,1305.53364890796,0.0759217659008365,32702.8637022627,44412.302964404,1461,Acceptable
2024,Age x immigrant status,"25 to 54 | Immigrant, landed 10 years or less",Long-term unemployed (people),33409.9166666667,3218.68011814416,1435.45565427522,0.0963390645435362,26972.5564303783,39847.276902955,964,Acceptable
2024,Age x immigrant status,"25 to 54 | Immigrant, landed over 10 years",Long-term unemployed (people),31406.6666666667,2878.1367900731,1283.58133689597,0.0916409506497485,25650.3930865205,37162.9402468129,918,Acceptable
2024,Age x immigrant status,25 to 54 | Non-immigrant (incl. non-permanent residents),Long-term unemployed (people),99152.9166666667,5021.16728197387,2239.32254881138,0.0506406412516748,89110.5821027189,109195.251230614,3604,Acceptable
2024,Age x immigrant status,"55 and over | Immigrant, landed 10 years or less",Long-term unemployed (people),2761.25,746.33914387844,332.849710055979,0.270290319195451,1268.57171224312,4253.92828775688,120,Marginal
2024,Age x immigrant status,"55 and over | Immigrant, landed over 10 years",Long-term unemployed (people),17382.3333333333,2149.84230226099,958.779119175075,0.12367973050766,13082.6487288114,21682.0179378553,503,Acceptable
2024,Age x immigrant status,55 and over | Non-immigrant (incl. non-permanent residents),Long-term unemployed (people),35654.75,2718.27473935372,1212.2866209919,0.0762387827527529,30218.2005212926,41091.2994787074,1623,Acceptable
2024,Age x immigrant status,"15 to 24 | Immigrant, landed 10 years or less",Unemployed (people),47572.75,3545.50814504756,1581.2132698113,0.0745281310213844,40481.7337099049,54663.7662900951,1559,Acceptable
2024,Age x immigrant status,"15 to 24 | Immigrant, landed over 10 years",Unemployed (people),32392.0833333333,2727.20886776044,1216.27103219982,0.08419368521919,26937.6655978125,37846.5010688542,1084,Acceptable
2024,Age x immigrant status,15 to 24 | Non-immigrant (incl. non-permanent residents),Unemployed (people),323125.166666667,8832.48086833367,3939.0787957635,0.0273345495166744,305460.204929999,340790.128403334,12235,Acceptable
2024,Age x immigrant status,"25 to 54 | Immigrant, landed 10 years or less",Unemployed (people),152149.333333333,6560.7789935435,2925.95317243336,0.0431206555415524,139027.775346246,165270.89132042,4523,Acceptable
2024,Age x immigrant status,"25 to 54 | Immigrant, landed over 10 years",Unemployed (people),137586.25,6226.36976120892,2776.81451752617,0.0452543023827521,125133.510477582,150038.989522418,3958,Acceptable
2024,Age x immigrant status,25 to 54 | Non-immigrant (incl. non-permanent residents),Unemployed (people),486573.75,10635.907312655,4743.36458731436,0.0218587774466975,465301.93537469,507845.56462531,18773,Acceptable
2024,Age x immigrant status,"55 and over | Immigrant, landed 10 years or less",Unemployed (people),11250.3333333333,1580.83782992634,705.016503090194,0.140514754815532,8088.65767348065,14412.008993186,469,Acceptable
2024,Age x immigrant status,"55 and over | Immigrant, landed over 10 years",Unemployed (people),65098.5,4023.94086459808,1794.58301370031,0.0618131118934857,57050.6182708039,73146.3817291962,1940,Acceptable
2024,Age x immigrant status,55 and over | Non-immigrant (incl. non-permanent residents),Unemployed (people),148480,5624.14872322884,2508.23809415968,0.037878156810539,137231.702553542,159728.297446458,7344,Acceptable
2024,Province x age,Alberta | 15 to 24,Unemployment rate,14.482748875709,0.935450308578383,0.41718884308285,0.0645906600056674,12.6118482585523,16.3536494928658,1311,Acceptable
2024,Province x age,Alberta | 25 to 54,Unemployment rate,5.71205616597796,0.292601828568149,0.130493535813553,0.051225306626174,5.12685250884166,6.29725982311426,2372,Acceptable
2024,Province x age,Alberta | 55 and over,Unemployment rate,6.0332561329272,0.539064442488114,0.240410066730844,0.08934884092623,4.95512724795097,7.11138501790342,824,Acceptable
2024,Province x age,British Columbia | 15 to 24,Unemployment rate,11.3656562866586,0.76086574528136,0.339328232728573,0.0669442860219601,9.84392479609585,12.8873877772213,1604,Acceptable
2024,Province x age,British Columbia | 25 to 54,Unemployment rate,4.91388311733723,0.22090449318673,0.0985182099992359,0.0449551786055577,4.47207413096377,5.35569210371069,3195,Acceptable
2024,Province x age,British Columbia | 55 and over,Unemployment rate,3.91685710466864,0.327945227930655,0.146255860926329,0.0837266254977149,3.26096664880733,4.57274756052995,1054,Acceptable
2024,Province x age,Manitoba | 15 to 24,Unemployment rate,10.5386632138573,0.808304779238797,0.360484926475084,0.0766989857096825,8.92205365537969,12.1552727723349,991,Acceptable
2024,Province x age,Manitoba | 25 to 54,Unemployment rate,4.37829882460701,0.274890023378766,0.12259448714351,0.0627846646359136,3.82851877784948,4.92807887136454,1680,Acceptable
2024,Province x age,Manitoba | 55 and over,Unemployment rate,4.65320226548681,0.488305927008085,0.217772962273743,0.10493975957802,3.67659041147064,5.62981411950298,541,Acceptable
2024,Province x age,New Brunswick | 15 to 24,Unemployment rate,11.7732058567435,1.10386250525348,0.492296723049985,0.0937605711379966,9.56548084623655,13.9809308672505,573,Acceptable
2024,Province x age,New Brunswick | 25 to 54,Unemployment rate,5.99901328994261,0.372273926374519,0.166025418164777,0.0620558595858822,5.25446543719357,6.74356114269164,1441,Acceptable
2024,Province x age,New Brunswick | 55 and over,Unemployment rate,7.1226171647382,0.626817467544959,0.279545852634985,0.0880038127906315,5.86898222964828,8.37625209982812,704,Acceptable
2024,Province x age,Newfoundland and Labrador | 15 to 24,Unemployment rate,14.2315619891492,1.32890317556369,0.592659570795457,0.0933771835148458,11.5737556380219,16.8893683402766,725,Acceptable
2024,Province x age,Newfoundland and Labrador | 25 to 54,Unemployment rate,8.3176061923908,0.488287808440306,0.217764881818522,0.0587053290509242,7.34103057551019,9.29418180927141,1529,Acceptable
2024,Province x age,Newfoundland and Labrador | 55 and over,Unemployment rate,11.8978887190808,1.01836821671561,0.454168280525326,0.0855923467398413,9.86115228564956,13.934625152512,820,Acceptable
2024,Province x age,Nova Scotia | 15 to 24,Unemployment rate,12.0497753197373,1.11981646355405,0.499411813338555,0.0929325596403286,9.8101423926292,14.2894082468454,628,Acceptable
2024,Province x age,Nova Scotia | 25 to 54,Unemployment rate,5.63955798974224,0.350672020434227,0.156391476024857,0.0621807632924535,4.93821394887379,6.34090203061069,1331,Acceptable
2024,Province x age,Nova Scotia | 55 and over,Unemployment rate,5.45464768236014,0.529076645694588,0.235955744196524,0.0969955671757823,4.39649439097096,6.51280097374932,556,Acceptable
2024,Province x age,Ontario | 15 to 24,Unemployment rate,15.6671204638476,0.539558176030698,0.240630260282049,0.0344388860273174,14.5880041117862,16.7462368159089,5818,Acceptable
2024,Province x age,Ontario | 25 to 54,Unemployment rate,5.8000525515712,0.16883328742267,0.0752956765397616,0.0291089237418951,5.46238597672586,6.13771912641654,9423,Acceptable
2024,Province x age,Ontario | 55 and over,Unemployment rate,4.71994163228821,0.251810819828732,0.112301705004238,0.0533504096970486,4.21631999263074,5.22356327194567,2836,Acceptable
2024,Province x age,Prince Edward Island | 15 to 24,Unemployment rate,10.9095207746551,1.41022127880199,0.628925532868026,0.129265190280236,8.08907821705115,13.7299633322591,319,Acceptable
2024,Province x age,Prince Edward Island | 25 to 54,Unemployment rate,6.89955385910503,0.573154771891986,0.255613552104566,0.0830712802010553,5.75324431532106,8.045863402889,777,Acceptable
2024,Province x age,Prince Edward Island | 55 and over,Unemployment rate,8.56089374351097,0.958779607198687,0.427593161743165,0.111995270111304,6.6433345291136,10.4784529579083,417,Acceptable
2024,Province x age,Quebec | 15 to 24,Unemployment rate,9.48644606271175,0.595017598828506,0.265363858873964,0.0627229201425952,8.29641086505474,10.6764812603688,2051,Acceptable
2024,Province x age,Quebec | 25 to 54,Unemployment rate,4.63571482523999,0.209342189876273,0.0933616945785581,0.0451585565049153,4.21703044548744,5.05439920499253,4015,Acceptable
2024,Province x age,Quebec | 55 and over,Unemployment rate,4.68323157530321,0.341749174746706,0.152412096644416,0.0729729395720901,3.9997332258098,5.36672992479662,1588,Acceptable
2024,Province x age,Saskatchewan | 15 to 24,Unemployment rate,11.5172552043734,0.891205431448472,0.397456668179598,0.077380019425988,9.73484434147641,13.2996660672703,858,Acceptable
2024,Province x age,Saskatchewan | 25 to 54,Unemployment rate,4.61216242545242,0.271326398859368,0.121005194396695,0.0588284569862591,4.06950962773369,5.15481522317116,1491,Acceptable
2024,Province x age,Saskatchewan | 55 and over,Unemployment rate,3.72164238557057,0.420312137991755,0.187449331059542,0.112937271894091,2.88101810958706,4.56226666155408,413,Acceptable
2024,Province x age,Alberta | 15 to 24,Long-term share of unemployment,11.2641621849709,2.29683656623963,1.02433510474342,0.203906560339141,6.67048905249163,15.8578353174502,144,Marginal
2024,Province x age,Alberta | 25 to 54,Long-term share of unemployment,24.079790199682,2.35428570716971,1.04995607083957,0.0977701918350104,19.3712187853426,28.7883616140214,557,Acceptable
2024,Province x age,Alberta | 55 and over,Long-term share of unemployment,31.9873899386239,4.48207190135413,1.99889868440126,0.14011996320907,23.0232461359156,40.9515337413321,225,Acceptable
2024,Province x age,British Columbia | 15 to 24,Long-term share of unemployment,9.78987220026106,1.98798287671745,0.886593621062208,0.203065253156669,5.81390644682617,13.765837953696,187,Marginal
2024,Province x age,British Columbia | 25 to 54,Long-term share of unemployment,20.3335717115203,2.01447828936369,0.89840995213562,0.0990715412886536,16.304615132793,24.3625282902477,654,Acceptable
2024,Province x age,British Columbia | 55 and over,Long-term share of unemployment,26.7110242992086,3.82734155583617,1.70690434448493,0.143286963201541,19.0563411875363,34.3657074108809,274,Acceptable
2024,Province x age,Manitoba | 15 to 24,Long-term share of unemployment,10.7054044553231,2.62474366767721,1.17057396215027,0.245179309070578,5.45591711996867,15.9548917906775,108,Marginal
2024,Province x age,Manitoba | 25 to 54,Long-term share of unemployment,17.8431396549121,2.4989466770253,1.11447146209003,0.140050838885708,12.8452463008615,22.8410330089627,285,Acceptable
2024,Province x age,Manitoba | 55 and over,Long-term share of unemployment,31.011921486774,5.1241009048423,2.28522852440945,0.165230036037194,20.7637196770894,41.2601232964586,153,Marginal
2024,Province x age,New Brunswick | 15 to 24,Long-term share of unemployment,7.41721180034108,2.52459045885151,1.12590798584147,0.340369201636579,2.36803088263806,12.4663927180441,41,Marginal
2024,Province x age,New Brunswick | 25 to 54,Long-term share of unemployment,16.7014782791729,2.35693754363845,1.05113872755398,0.141121492615274,11.987603191896,21.4153533664499,240,Acceptable
2024,Province x age,New Brunswick | 55 and over,Long-term share of unemployment,18.4423310046615,3.75456283900771,1.67444674797094,0.203583963331896,10.9332053266461,25.9514566826769,124,Marginal
2024,Province x age,Newfoundland and Labrador | 15 to 24,Long-term share of unemployment,7.97589691939013,2.61470883322301,1.16609866192525,0.327826307141259,2.7464792529441,13.2053145858362,58,Marginal
2024,Province x age,Newfoundland and Labrador | 25 to 54,Long-term share of unemployment,17.5515647777674,2.41316833265871,1.07621633734455,0.137490210315349,12.72522811245,22.3779014430849,264,Acceptable
2024,Province x age,Newfoundland and Labrador | 55 and over,Long-term share of unemployment,23.770319001387,3.87747504442408,1.72926270164393,0.16312254977301,16.0153689125388,31.5252690902351,176,Marginal
2024,Province x age,Nova Scotia | 15 to 24,Long-term share of unemployment,14.6191518182765,3.51835479169911,1.56910351265437,0.240667504889069,7.58244223487833,21.6558614016748,85,Marginal
2024,Province x age,Nova Scotia | 25 to 54,Long-term share of unemployment,20.8762955983309,2.79087751851611,1.24466575344351,0.133686434232099,15.2945405612986,26.4580506353631,256,Acceptable
2024,Province x age,Nova Scotia | 55 and over,Long-term share of unemployment,15.5809539194701,3.95376462544978,1.76328606104156,0.253756262028932,7.67342466857057,23.4884831703697,74,Marginal
2024,Province x age,Ontario | 15 to 24,Long-term share of unemployment,16.1779441514,1.36430556556203,0.60844820434481,0.0843312075251516,13.4493330202759,18.906555282524,914,Acceptable
2024,Province x age,Ontario | 25 to 54,Long-term share of unemployment,25.8751798882653,1.37983669793048,0.615374724209246,0.0533266514045088,23.1155064924043,28.6348532841262,2256,Acceptable
2024,Province x age,Ontario | 55 and over,Long-term share of unemployment,28.3707833656791,2.5536954404453,1.13888812330864,0.0900114532450514,23.2633924847885,33.4781742465697,764,Acceptable
2024,Province x age,Prince Edward Island | 15 to 24,Long-term share of unemployment,8.58305219289541,3.93411408034823,1.75452237995484,0.458358401176295,0.714824032198946,16.4512803535919,28,Suppressed
2024,Province x age,Prince Edward Island | 25 to 54,Long-term share of unemployment,10.4553864267093,2.66508068918743,1.18856332532963,0.254900257189847,5.12522504833442,15.7855478050841,79,Marginal
2024,Province x age,Prince Edward Island | 55 and over,Long-term share of unemployment,14.2499450911487,4.14294540945601,1.84765624264213,0.290734131461979,5.96405427223668,22.5358359100607,55,Marginal
2024,Province x age,Quebec | 15 to 24,Long-term share of unemployment,8.94105632872368,1.95130870020201,0.870237800628793,0.218241405541011,5.03843892831966,12.8436737291277,164,Marginal
2024,Province x age,Quebec | 25 to 54,Long-term share of unemployment,14.7489666079798,1.71336164920703,0.764119010555986,0.116168250613574,11.3222433095658,18.1756899063939,583,Acceptable
2024,Province x age,Quebec | 55 and over,Long-term share of unemployment,20.2919792981295,3.11685122218529,1.39004236090419,0.153600157795972,14.0582768537589,26.5256817425001,289,Marginal
2024,Province x age,Saskatchewan | 15 to 24,Long-term share of unemployment,10.7917402549573,2.56922275124376,1.14581293884272,0.238073071677533,5.65329475246975,15.9301857574448,90,Marginal
2024,Province x age,Saskatchewan | 25 to 54,Long-term share of unemployment,22.2801694607178,2.62419515492168,1.17032933835808,0.117781651506215,17.0317791508745,27.5285597705612,312,Acceptable
2024,Province x age,Saskatchewan | 55 and over,Long-term share of unemployment,28.5774834437086,5.47328086580112,2.44095457698996,0.191524242384123,17.6309217121064,39.5240451753108,112,Marginal
2024,Province x age,Alberta | 15 to 24,Long-term unemployment rate,1.57364307368535,0.340372458873822,0.1517981137348,0.216295845332128,0.89289815593771,2.254387991433,144,Marginal
2024,Province x age,Alberta | 25 to 54,Long-term unemployment rate,1.33183956250783,0.150668595790747,0.0671946511647256,0.113128187532619,1.03050237092633,1.63317675408932,557,Acceptable
2024,Province x age,Alberta | 55 and over,Long-term unemployment rate,1.85348386700046,0.322269832493718,0.143724768002781,0.173872477787063,1.20894420201303,2.4980235319879,225,Marginal
2024,Province x age,British Columbia | 15 to 24,Long-term unemployment rate,1.06769384730435,0.225523524453685,0.100578189340472,0.21122489843233,0.61664679839698,1.51874089621172,187,Marginal
2024,Province x age,British Columbia | 25 to 54,Long-term unemployment rate,0.949968788172867,0.104856050847724,0.0467633332762249,0.110378416799777,0.74025668647742,1.15968088986831,654,Acceptable
2024,Province x age,British Columbia | 55 and over,Long-term unemployment rate,1.00038793932499,0.170136192657156,0.0758767416401063,0.170070215732464,0.660115554010675,1.3406603246393,274,Marginal
2024,Province x age,Manitoba | 15 to 24,Long-term unemployment rate,1.0797689576766,0.273986490059301,0.122191532527131,0.253745477781517,0.531795977558002,1.6277419377952,108,Marginal
2024,Province x age,Manitoba | 25 to 54,Long-term unemployment rate,0.729913971861602,0.113672051932212,0.0506950624758702,0.155733492321428,0.502569867997178,0.957258075726026,285,Marginal
2024,Province x age,Manitoba | 55 and over,Long-term unemployment rate,1.37993937983102,0.271068177812215,0.120890033881023,0.196434844728765,0.837803024206594,1.92207573545545,153,Marginal
2024,Province x age,New Brunswick | 15 to 24,Long-term unemployment rate,0.834631776728839,0.295582312153351,0.131822761414673,0.35414696683587,0.243467152422137,1.42579640103554,41,Suppressed
2024,Province x age,New Brunswick | 25 to 54,Long-term unemployment rate,0.948252879691852,0.143418092917243,0.0639610973587912,0.151244563542848,0.661416693857367,1.23508906552634,240,Marginal
2024,Province x age,New Brunswick | 55 and over,Long-term unemployment rate,1.22841921251977,0.272392099008028,0.121480471605987,0.221741972310323,0.683635014503715,1.77320341053583,124,Marginal
2024,Province x age,Newfoundland and Labrador | 15 to 24,Long-term unemployment rate,1.08815655428937,0.372933494401474,0.166319569996869,0.342720441219068,0.342289565486422,1.83402354309232,58,Marginal
2024,Province x age,Newfoundland and Labrador | 25 to 54,Long-term unemployment rate,1.38193703673313,0.205366728332564,0.0915887322021161,0.14860787638925,0.971203580068003,1.79267049339826,264,Acceptable
2024,Province x age,Newfoundland and Labrador | 55 and over,Long-term unemployment rate,2.69466613837475,0.504541433646821,0.225013616501301,0.187237085315188,1.68558327108111,3.70374900566839,176,Marginal
2024,Province x age,Nova Scotia | 15 to 24,Long-term unemployment rate,1.66706273764259,0.430813057343161,0.19213249419001,0.258426421282968,0.805436622956264,2.52868885232891,85,Marginal
2024,Province x age,Nova Scotia | 25 to 54,Long-term unemployment rate,1.09413764965114,0.162877963402684,0.072639742049925,0.14886423427127,0.76838172284577,1.4198935764565,256,Acceptable
2024,Province x age,Nova Scotia | 55 and over,Long-term unemployment rate,0.76559011757702,0.213484147108583,0.095208910117427,0.278849141606253,0.338621823359855,1.19255841179419,74,Marginal
2024,Province x age,Ontario | 15 to 24,Long-term unemployment rate,2.45583472407375,0.227344075639093,0.101390112363907,0.092573035722035,2.00114657279557,2.91052287535194,914,Acceptable
2024,Province x age,Ontario | 25 to 54,Long-term unemployment rate,1.45372061005059,0.0906127610784709,0.0404111609309523,0.0623316202934741,1.27249508789365,1.63494613220753,2256,Acceptable
2024,Province x age,Ontario | 55 and over,Long-term unemployment rate,1.28103018053505,0.135594095133493,0.0604717783070439,0.105847697574822,1.00984199026806,1.55221837080203,764,Acceptable
2024,Province x age,Prince Edward Island | 15 to 24,Long-term unemployment rate,0.889167574679797,0.424114604609504,0.189145141766506,0.476979386885801,0.0409383654607885,1.73739678389881,28,Suppressed
2024,Province x age,Prince Edward Island | 25 to 54,Long-term unemployment rate,0.681825037087004,0.181796219039838,0.0810768392533074,0.266631773770783,0.318232599007329,1.04541747516668,79,Marginal
2024,Province x age,Prince Edward Island | 55 and over,Long-term unemployment rate,1.15344682908791,0.360418255497174,0.160738067706999,0.312470628387938,0.432610318093562,1.87428334008226,55,Marginal
2024,Province x age,Quebec | 15 to 24,Long-term unemployment rate,0.806698459431319,0.186249201477065,0.083062764720667,0.230878340350819,0.434200056477188,1.17919686238545,164,Marginal
2024,Province x age,Quebec | 25 to 54,Long-term unemployment rate,0.649784127650444,0.0798766056921556,0.0356230880598434,0.122927911429572,0.490030916266133,0.809537339034755,583,Acceptable
2024,Province x age,Quebec | 55 and over,Long-term unemployment rate,0.898593050314559,0.153486770347379,0.068451490755354,0.170807876038714,0.591619509619801,1.20556659100932,289,Marginal
2024,Province x age,Saskatchewan | 15 to 24,Long-term unemployment rate,1.16422287919641,0.292861760041722,0.130609459139192,0.251551283929298,0.578499359112969,1.74994639927986,90,Marginal
2024,Province x age,Saskatchewan | 25 to 54,Long-term unemployment rate,0.967193907558477,0.127935151376311,0.0570560694703541,0.132274562914961,0.711323604805856,1.2230642103111,312,Acceptable
2024,Province x age,Saskatchewan | 55 and over,Long-term unemployment rate,1.01668974564536,0.221613474749991,0.0988343991066977,0.217975518784561,0.573462796145378,1.45991669514534,112,Marginal
2024,Province x age,Alberta | 15 to 24,Long-term unemployed (people),5939.58333333333,1291.65089552836,576.045929784683,0.217464899983729,3356.28154227662,8522.88512439005,144,Marginal
2024,Province x age,Alberta | 25 to 54,Long-term unemployed (people),24294,2754.23396039747,1228.32358809516,0.113370954161417,18785.5320792051,29802.4679207949,557,Acceptable
2024,Province x age,Alberta | 55 and over,Long-term unemployed (people),9394.08333333333,1638.08062314639,730.545442959372,0.174373652545101,6117.92208704056,12670.2445796261,225,Marginal
2024,Province x age,British Columbia | 15 to 24,Long-term unemployed (people),4393.83333333333,928.84722559061,414.244023323653,0.211397919566956,2536.13888215211,6251.52778451455,187,Marginal
2024,Province x age,British Columbia | 25 to 54,Long-term unemployed (people),19334.5833333333,2132.46109860241,951.027511014581,0.110292581010835,15069.6611361285,23599.5055305381,654,Acceptable
2024,Province x age,British Columbia | 55 and over,Long-term unemployed (people),6393.08333333333,1091.51067552805,486.788097411773,0.170733059248101,4210.06198227724,8576.10468438943,274,Marginal
2024,Province x age,Manitoba | 15 to 24,Long-term unemployed (people),1370.41666666667,346.863069884565,154.692773636711,0.253107743302814,676.690526897537,2064.1428064358,108,Marginal
2024,Province x age,Manitoba | 25 to 54,Long-term unemployed (people),3644.41666666667,568.468494715898,253.523582668959,0.155983397813797,2507.47967723487,4781.35365609846,285,Marginal
2024,Province x age,Manitoba | 55 and over,Long-term unemployed (people),1931.5,381.199703323141,170.006104818748,0.197359411505639,1169.10059335372,2693.89940664628,153,Marginal
2024,Province x age,New Brunswick | 15 to 24,Long-term unemployed (people),485.666666666667,171.971122703992,76.6950772976582,0.354092908793394,141.724421258683,829.60891207465,41,Suppressed
2024,Province x age,New Brunswick | 25 to 54,Long-term unemployed (people),2578.75,390.181901062031,174.011953818599,0.151306602447709,1798.38619787594,3359.11380212406,240,Marginal
2024,Province x age,New Brunswick | 55 and over,Long-term unemployed (people),1229.75,272.454661219322,121.508372881246,0.221552885724189,684.840677561357,1774.65932243864,124,Marginal
2024,Province x age,Newfoundland and Labrador | 15 to 24,Long-term unemployed (people),382.75,131.413569637892,58.6073622295737,0.34334048239815,119.922860724216,645.577139275784,58,Marginal
2024,Province x age,Newfoundland and Labrador | 25 to 54,Long-term unemployed (people),2357.83333333333,350.954766983643,156.517574337888,0.148846299703249,1655.92379936605,3059.74286730062,264,Acceptable
2024,Province x age,Newfoundland and Labrador | 55 and over,Long-term unemployed (people),1785.25,336.944616681671,150.269376713389,0.188738057236618,1111.36076663666,2459.13923336334,176,Marginal
2024,Province x age,Nova Scotia | 15 to 24,Long-term unemployed (people),1286.08333333333,333.163638811554,148.58314948262,0.25905291684952,619.756055710226,1952.41061095644,85,Marginal
2024,Province x age,Nova Scotia | 25 to 54,Long-term unemployed (people),3877.25,576.532703346856,257.120030110663,0.14869629333854,2724.18459330629,5030.31540669371,256,Acceptable
2024,Province x age,Nova Scotia | 55 and over,Long-term unemployed (people),964.5,269.160868123981,120.039418605216,0.279067774104698,426.178263752038,1502.82173624796,74,Marginal
2024,Province x age,Ontario | 15 to 24,Long-term unemployed (people),29949.5,2796.13899107757,1247.01224649685,0.0933617920525408,24357.2220178449,35541.7779821551,914,Acceptable
2024,Province x age,Ontario | 25 to 54,Long-term unemployed (people),83232.5833333333,5188.21884113983,2313.8236164411,0.0623339878850309,72856.1456510537,93609.021015613,2256,Acceptable
2024,Province x age,Ontario | 55 and over,Long-term unemployed (people),23182.5,2449.79899633872,1092.55275207645,0.105674495690229,18282.9020073226,28082.0979926774,764,Acceptable
2024,Province x age,Prince Edward Island | 15 to 24,Long-term unemployed (people),144.166666666667,68.88589111072,30.7214877729707,0.477821210016555,6.39488444522667,281.938448888107,28,Suppressed
2024,Province x age,Prince Edward Island | 25 to 54,Long-term unemployed (people),414.416666666667,110.483603380976,49.2730893896241,0.266600289678608,193.449459904714,635.38387342862,79,Marginal
2024,Province x age,Prince Edward Island | 55 and over,Long-term unemployed (people),270.333333333333,84.5900177566327,37.7251590176694,0.312910053353758,101.153297820068,439.513368846599,55,Marginal
2024,Province x age,Quebec | 15 to 24,Long-term unemployed (people),5413.75,1251.50823161969,558.143245525834,0.23117215084178,2910.73353676062,7916.76646323938,164,Marginal
2024,Province x age,Quebec | 25 to 54,Long-term unemployed (people),20251.9166666667,2490.54093502453,1110.72269879561,0.122978035907278,15270.8347966176,25232.9985367157,583,Acceptable
2024,Province x age,Quebec | 55 and over,Long-term unemployed (people),9298.83333333333,1594.39085130256,711.060831961936,0.17146138597701,6110.05163072822,12487.6150359384,289,Marginal
2024,Province x age,Saskatchewan | 15 to 24,Long-term unemployed (people),1074.41666666667,270.629660481192,120.694465461917,0.251885203271101,533.157345704283,1615.67598762905,90,Marginal
2024,Province x age,Saskatchewan | 25 to 54,Long-term unemployed (people),3983.75,526.162004158056,234.655882601016,0.132077064112471,2931.42599168389,5036.07400831611,312,Acceptable
2024,Province x age,Saskatchewan | 55 and over,Long-term unemployed (people),1348.5,294.873935318489,131.506842001859,0.218668101830544,758.752129363022,1938.24787063698,112,Marginal
2024,Province x age,Alberta | 15 to 24,Unemployed (people),54663.9166666667,3697.09463263028,1648.81727913354,0.0676331821441678,47269.7274014061,62058.1059319272,1311,Acceptable
2024,Province x age,Alberta | 25 to 54,Unemployed (people),104193.25,5373.06899663718,2396.26243954953,0.0515683021370116,93447.1120067256,114939.387993274,2372,Acceptable
2024,Province x age,Alberta | 55 and over,Unemployed (people),30578.5833333333,2764.1471467186,1232.74463611305,0.0903948726658452,25050.2890398961,36106.8776267705,824,Acceptable
2024,Province x age,British Columbia | 15 to 24,Unemployed (people),46772.5833333333,3168.75065378617,1413.18828712568,0.0677480358782727,40435.082025761,53110.0846409057,1604,Acceptable
2024,Province x age,British Columbia | 25 to 54,Unemployed (people),100011.583333333,4474.86088481122,1995.68274057036,0.044743426067926,91061.8615637109,108961.305102956,3195,Acceptable
2024,Province x age,British Columbia | 55 and over,Unemployed (people),25031.0833333333,2112.95632235956,942.328839411483,0.084413299025927,20805.1706886142,29256.9959780525,1054,Acceptable
2024,Province x age,Manitoba | 15 to 24,Unemployed (people),13375.4166666667,1056.18996713708,471.035891938786,0.0789650142091831,11263.0367323925,15487.7966009408,991,Acceptable
2024,Province x age,Manitoba | 25 to 54,Unemployed (people),21860.5833333333,1376.57692820305,613.920943555341,0.0629707317143742,19107.4294769272,24613.7371897394,1680,Acceptable
2024,Province x age,Manitoba | 55 and over,Unemployed (people),6513.08333333333,690.918495879924,308.133404112866,0.106081629931536,5131.24634157349,7894.92032509318,541,Acceptable
2024,Province x age,New Brunswick | 15 to 24,Unemployed (people),6850.75,664.500196829142,296.351463889915,0.096996707926744,5521.74960634172,8179.75039365828,573,Acceptable
2024,Province x age,New Brunswick | 25 to 54,Unemployed (people),16314.1666666667,1020.94898747781,455.319243605535,0.0625805171871771,14272.2686917111,18356.0646416223,1441,Acceptable
2024,Province x age,New Brunswick | 55 and over,Unemployed (people),7130.33333333333,639.615111155066,285.253300783675,0.0897033955151792,5851.1031110232,8409.56355564346,704,Acceptable
2024,Province x age,Newfoundland and Labrador | 15 to 24,Unemployed (people),5005.83333333333,476.913738431731,212.692314024694,0.0952715974892753,4052.00585646987,5959.6608101968,725,Acceptable
2024,Province x age,Newfoundland and Labrador | 25 to 54,Unemployed (people),14191.3333333333,836.82467051201,373.204127416074,0.0589673042593139,12517.6839923093,15864.9826743574,1529,Acceptable
2024,Province x age,Newfoundland and Labrador | 55 and over,Unemployed (people),7882.5,702.093101281024,313.117015381622,0.0890698510981318,6478.31379743795,9286.68620256205,820,Acceptable
2024,Province x age,Nova Scotia | 15 to 24,Unemployed (people),9296,884.976788096973,394.67883969426,0.0951997405439946,7526.04642380605,11065.9535761939,628,Acceptable
2024,Province x age,Nova Scotia | 25 to 54,Unemployed (people),19984.6666666667,1244.92421643815,555.206929559892,0.0622939695318821,17494.8182337904,22474.515099543,1331,Acceptable
2024,Province x age,Nova Scotia | 55 and over,Unemployed (people),6871.83333333333,671.614728300674,299.524377647563,0.0977344320973065,5528.60387673198,8215.06278993468,556,Acceptable
2024,Province x age,Ontario | 15 to 24,Unemployed (people),191064.333333333,6808.56069510163,3036.45798542255,0.0356349119499102,177447.21194313,204681.454723537,5818,Acceptable
2024,Province x age,Ontario | 25 to 54,Unemployed (people),332081.25,9702.51529302516,4327.09369270753,0.0292172933371732,312676.21941395,351486.28058605,9423,Acceptable
2024,Province x age,Ontario | 55 and over,Unemployed (people),85415.6666666667,4553.06710825485,2030.56087742181,0.0533048243482443,76309.532450157,94521.8008831764,2836,Acceptable
2024,Province x age,Prince Edward Island | 15 to 24,Unemployed (people),1768.83333333333,232.794984447407,103.821089529275,0.13160933823466,1303.24336443852,2234.42330222815,319,Acceptable
2024,Province x age,Prince Edward Island | 25 to 54,Unemployed (people),4193.58333333333,349.065737276555,155.675111503869,0.0832380590846861,3495.45185878022,4891.71480788644,777,Acceptable
2024,Province x age,Prince Edward Island | 55 and over,Unemployed (people),2006.41666666667,229.771083629673,102.472500863283,0.114518129482746,1546.87449940732,2465.95883392601,417,Acceptable
2024,Province x age,Quebec | 15 to 24,Unemployed (people),63663.5,4045.02991125984,1803.98823266048,0.0635376614741545,55573.4401774803,71753.5598225197,2051,Acceptable
2024,Province x age,Quebec | 25 to 54,Unemployed (people),144482,6548.3635297405,2920.41616749273,0.045323040446149,131385.272940519,157578.727059481,4015,Acceptable
2024,Province x age,Quebec | 55 and over,Unemployed (people),48463.0833333333,3565.86593096005,1590.29236367088,0.073579014905711,41331.3514714132,55594.8151952534,1588,Acceptable
2024,Province x age,Saskatchewan | 15 to 24,Unemployed (people),10628.8333333333,843.551127781448,376.203969204087,0.0793644138850091,8941.73107777044,12315.9355888962,858,Acceptable
2024,Province x age,Saskatchewan | 25 to 54,Unemployed (people),18996.9166666667,1116.72326071679,498.032317601303,0.0587844480402587,16763.4701452331,21230.3631881003,1491,Acceptable
2024,Province x age,Saskatchewan | 55 and over,Unemployed (people),4936.25,561.869171436054,250.580439651099,0.113825104367902,3812.51165712789,6059.98834287211,413,Acceptable
2025,Canada,Canada,Unemployment rate,6.81916125917335,0.0846036239387478,0.0377312270549807,0.0124067492647921,6.64995401129585,6.98836850705084,56075,Acceptable
2025,Canada,Canada,Long-term share of unemployment,23.5786403583243,0.587787853870186,0.262139562610136,0.0249288273173339,22.403064650584,24.7542160660647,11866,Acceptable
2025,Canada,Canada,Long-term unemployment rate,1.54807609710282,0.0433241507325203,0.0193215525783674,0.0279858017403667,1.46142779563778,1.63472439856787,11866,Acceptable
2025,Canada,Canada,Long-term unemployed (people),349363.083333333,9801.02837931934,4371.02821293025,0.0280539898085569,329761.026574695,368965.140091972,11866,Acceptable
2025,Canada,Canada,Unemployed (people),1538918.66666667,19292.8685681287,8604.16576260361,0.0125366395157955,1500332.92953041,1577504.40380292,56075,Acceptable
2025,Province,Alberta,Unemployment rate,7.19881556211221,0.286094239282739,0.127591304000338,0.039741848754741,6.62662708354673,7.77100404067769,4394,Acceptable
2025,Province,British Columbia,Unemployment rate,6.19450017077636,0.206523329604924,0.0921045491752882,0.0333397891534871,5.78145351156651,6.60754682998621,6541,Acceptable
2025,Province,Manitoba,Unemployment rate,5.84999436230893,0.239893152873816,0.10698670575353,0.0410074160787965,5.3702080565613,6.32978066805657,3363,Acceptable
2025,Province,New Brunswick,Unemployment rate,7.1371640165275,0.28260957933925,0.126037227597743,0.0395969013301098,6.57194485784901,7.702383175206,3251,Acceptable
2025,Province,Newfoundland and Labrador,Unemployment rate,10.1256131716507,0.404770478652805,0.180518116413776,0.0399749103378811,9.31607221434512,10.9351541289563,3574,Acceptable
2025,Province,Nova Scotia,Unemployment rate,6.57695762616078,0.287687249882768,0.128301749272684,0.043741691255308,6.00158312639524,7.15233212592631,2715,Acceptable
2025,Province,Ontario,Unemployment rate,7.67618286028399,0.151996963158319,0.0677870717777548,0.0198011128610211,7.37218893396735,7.98017678660062,19519,Acceptable
2025,Province,Prince Edward Island,Unemployment rate,7.95959364059003,0.459862185537364,0.20508772235421,0.0577745807514961,7.0398692695153,8.87931801166475,1580,Acceptable
2025,Province,Quebec,Unemployment rate,5.61353064943378,0.173803758837782,0.0775123899239265,0.0309615765356716,5.26592313175821,5.96113816710934,8397,Acceptable
2025,Province,Saskatchewan,Unemployment rate,5.18643080870614,0.224825879685051,0.100267056176861,0.0433488632119897,4.73677904933604,5.63608256807624,2741,Acceptable
2025,Province,Alberta,Long-term share of unemployment,22.7345427800721,1.68524791075491,0.751580944223636,0.0741271960935195,19.3640469585623,26.1050386015819,968,Acceptable
2025,Province,British Columbia,Long-term share of unemployment,19.6182705811543,1.34399339359065,0.599389453230476,0.0685072309524427,16.930283793973,22.3062573683356,1279,Acceptable
2025,Province,Manitoba,Long-term share of unemployment,20.819008827617,1.78384868681741,0.795554572021246,0.0856836510127747,17.2513114539822,24.3867062012518,678,Acceptable
2025,Province,New Brunswick,Long-term share of unemployment,17.8588763326348,1.65851944712015,0.739660677888899,0.0928680739050433,14.5418374383945,21.1759152268751,543,Acceptable
2025,Province,Newfoundland and Labrador,Long-term share of unemployment,19.5864830237028,1.72008391751452,0.767116984165462,0.087819947840199,16.1463151886737,23.0266508587318,654,Acceptable
2025,Province,Nova Scotia,Long-term share of unemployment,19.5490704628814,1.82278564987357,0.812919542048615,0.0932415509645105,15.9034991631343,23.1946417626286,500,Acceptable
2025,Province,Ontario,Long-term share of unemployment,27.9710053822721,0.9851759596863,0.439365314314957,0.0352213281654403,26.0006534628995,29.9413573016447,5118,Acceptable
2025,Province,Prince Edward Island,Long-term share of unemployment,17.5398160487624,2.45972756028739,1.09698065815466,0.140236793444647,12.6203609281876,22.4592711693372,253,Acceptable
2025,Province,Quebec,Long-term share of unemployment,18.7812424715753,1.31862430600354,0.588075436650998,0.0702096417741917,16.1439938595683,21.4184910835824,1374,Acceptable
2025,Province,Saskatchewan,Long-term share of unemployment,18.6113714667006,1.77232036319868,0.790413210744137,0.0952278216771778,15.0667307403032,22.1560121930979,499,Acceptable
2025,Province,Alberta,Long-term unemployment rate,1.58005965721777,0.131377658428832,0.0585913466746862,0.0831472772744332,1.31730434036011,1.84281497407543,968,Acceptable
2025,Province,British Columbia,Long-term unemployment rate,1.16750376224046,0.0890884635795504,0.0397313600861002,0.0763067892891306,0.989326835081364,1.34568068939957,1279,Acceptable
2025,Province,Manitoba,Long-term unemployment rate,1.1526467201107,0.11128667784054,0.0496312417165007,0.0965488175161358,0.930073364429619,1.37522007579178,678,Acceptable
2025,Province,New Brunswick,Long-term unemployment rate,1.19469703495487,0.120803191096176,0.0538753828738592,0.101116172185645,0.953090652762516,1.43630341714722,543,Acceptable
2025,Province,Newfoundland and Labrador,Long-term unemployment rate,1.87111637555006,0.180961584613748,0.080704611923406,0.0967131638514732,1.50919320632257,2.23303954477756,654,Acceptable
2025,Province,Nova Scotia,Long-term unemployment rate,1.20168769594108,0.12542263521375,0.0559355463367645,0.104372072408986,0.950842425513582,1.45253296636858,500,Acceptable
2025,Province,Ontario,Long-term unemployment rate,2.08056674742079,0.08438576122395,0.0376340654066239,0.0405590262021442,1.91179522497289,2.24933826986869,5118,Acceptable
2025,Province,Prince Edward Island,Long-term unemployment rate,1.31656841121342,0.20169342398194,0.0899505248293943,0.153196311155642,0.913181563249541,1.7199552591773,253,Marginal
2025,Province,Quebec,Long-term unemployment rate,1.01257255875887,0.0790657592421442,0.0352614696079641,0.0780840430231059,0.854441040274583,1.17070407724316,1374,Acceptable
2025,Province,Saskatchewan,Long-term unemployment rate,0.917363330677852,0.0954385346616545,0.042563342484249,0.104035698256146,0.726486261354543,1.10824040000116,499,Acceptable
2025,Province,Alberta,Long-term unemployed (people),44099.9166666667,3667.80690344803,1635.75564053872,0.0831703817304574,36764.3028597706,51435.5304735627,968,Acceptable
2025,Province,British Columbia,Long-term unemployed (people),36669,2798.08326566804,1247.87934724992,0.0763065059223877,31072.8334686639,42265.1665313361,1279,Acceptable
2025,Province,Manitoba,Long-term unemployed (people),9013,870.531584108061,388.236618354477,0.0965862181413581,7271.93683178388,10754.0631682161,678,Acceptable
2025,Province,New Brunswick,Long-term unemployed (people),5212.5,529.3691202906,236.086180989609,0.101557624995799,4153.7617594188,6271.2382405812,543,Acceptable
2025,Province,Newfoundland and Labrador,Long-term unemployed (people),5095.75,492.661903577989,219.715625405103,0.0966809407011704,4110.42619284402,6081.07380715598,654,Acceptable
2025,Province,Nova Scotia,Long-term unemployed (people),6733.41666666667,703.683485442546,313.826289324148,0.104506154940045,5326.04969578158,8140.78363755176,500,Acceptable
2025,Province,Ontario,Long-term unemployed (people),185398.583333333,7541.5784768906,3363.36668120184,0.0406776488865149,170315.426379552,200481.740287115,5118,Acceptable
2025,Province,Prince Edward Island,Long-term unemployed (people),1338.08333333333,204.999666651983,91.4250313230237,0.153203960878358,928.084000029367,1748.0826666373,253,Marginal
2025,Province,Quebec,Long-term unemployed (people),49829.25,3899.44898171449,1739.06256101871,0.0782562246414403,42030.352036571,57628.147963429,1374,Acceptable
2025,Province,Saskatchewan,Long-term unemployed (people),5973.58333333333,621.976915631168,277.387080293709,0.104121241962167,4729.629502071,7217.53716459567,499,Acceptable
2025,Province,Alberta,Unemployed (people),200921,8030.22518663626,3581.29162456397,0.0399670775411045,184860.549626728,216981.450373273,4394,Acceptable
2025,Province,British Columbia,Unemployed (people),194557.083333333,6487.48514131214,2893.26583764167,0.0333448930779723,181582.113050709,207532.053615958,6541,Acceptable
2025,Province,Manitoba,Unemployed (people),45743.4166666667,1884.39893479102,840.397618454736,0.041194975629448,41974.6187970846,49512.2145362487,3363,Acceptable
2025,Province,New Brunswick,Unemployed (people),31139.6666666667,1248.77575763121,556.924626373591,0.0401024124952487,28642.1151514042,33637.2181819291,3251,Acceptable
2025,Province,Newfoundland and Labrador,Unemployed (people),27575.8333333333,1117.80530741839,498.514884988861,0.0405356855006517,25340.2227184966,29811.4439481701,3574,Acceptable
2025,Province,Nova Scotia,Unemployed (people),36852.6666666667,1616.92245584097,721.109397817313,0.0438753176389128,33618.8217549847,40086.5115783486,2715,Acceptable
2025,Province,Ontario,Unemployed (people),684022,13792.84776535,6151.28580243778,0.0201643335526489,656436.3044693,711607.6955307,19519,Acceptable
2025,Province,Prince Edward Island,Unemployed (people),8089.66666666667,471.532862186386,210.292569735787,0.058288293154195,7146.6009422939,9032.73239103944,1580,Acceptable
2025,Province,Quebec,Unemployed (people),276244.916666667,8604.28264934399,3837.30775554807,0.0311472976703728,259036.351367979,293453.481965355,8397,Acceptable
2025,Province,Saskatchewan,Unemployed (people),33772.4166666667,1476.18002181984,658.341581415422,0.0437096354812189,30820.056623027,36724.7767103064,2741,Acceptable
2025,Age,15 to 24,Unemployment rate,13.8383047440394,0.313747248328984,0.139923895850454,0.0226723759977987,13.2108102473815,14.4657992406974,15896,Acceptable
2025,Age,25 to 54,Unemployment rate,5.80510202886508,0.100069151633016,0.0446284887772446,0.0172381383023823,5.60496372559904,6.00524033213111,29552,Acceptable
2025,Age,55 and over,Unemployment rate,5.26575053327016,0.156992415781547,0.0700149261933751,0.0298138726454348,4.95176570170707,5.57973536483326,10627,Acceptable
2025,Age,15 to 24,Long-term share of unemployment,16.4407188729508,0.923824991194117,0.412004224866856,0.0561912771779126,14.5930688905626,18.288368855339,2401,Acceptable
2025,Age,25 to 54,Long-term share of unemployment,25.5273869997046,0.832154639816499,0.371121403528814,0.0325985044934732,23.8630777200716,27.1916962793376,6787,Acceptable
2025,Age,55 and over,Long-term share of unemployment,29.6443091854039,1.39119665646753,0.620440998618565,0.0469296365709381,26.8619158724688,32.4267024983389,2678,Acceptable
2025,Age,15 to 24,Long-term unemployment rate,2.19912609772319,0.131821167631002,0.0587891413509543,0.059942523426683,1.93548376246119,2.4627684329852,2401,Acceptable
2025,Age,25 to 54,Long-term unemployment rate,1.42744762198999,0.0541655336900154,0.0241565544720853,0.03794572414118,1.31911655460996,1.53577868937002,6787,Acceptable
2025,Age,55 and over,Long-term unemployment rate,1.4897885627022,0.0852331542321596,0.0380119827641677,0.0572115777809184,1.31932225423788,1.66025487116652,2678,Acceptable
2025,Age,15 to 24,Long-term unemployed (people),69425.3333333333,4206.88823710452,1876.17324033351,0.0605958665967925,61011.5568591243,77839.1098075424,2401,Acceptable
2025,Age,25 to 54,Long-term unemployed (people),211557.666666667,8017.70612522737,3575.70841752693,0.0378984427818453,195522.254416212,227593.078917121,6787,Acceptable
2025,Age,55 and over,Long-term unemployed (people),68380.0833333333,3917.91803929781,1747.29932645174,0.0572961869642521,60544.2472547377,76215.919411929,2678,Acceptable
2025,Age,15 to 24,Unemployed (people),436868.5,10197.6951308399,4547.93225757994,0.0233427109778799,416473.10973832,457263.89026168,15896,Acceptable
2025,Age,25 to 54,Unemployed (people),860356.5,14879.3942651601,6635.8599941983,0.0172944520848743,830597.71146968,890115.28853032,29552,Acceptable
2025,Age,55 and over,Unemployed (people),241693.666666667,7271.07174776496,3242.72704023411,0.0300838323487926,227151.523171137,256235.810162197,10627,Acceptable
2025,Gender,Men+,Unemployment rate,7.11462343971884,0.119935389965876,0.0534883639737041,0.0168575878937334,6.87475265978708,7.35449421965059,31029,Acceptable
2025,Gender,Women+,Unemployment rate,6.48629716072408,0.125149153243309,0.0558135798081247,0.0192943909509904,6.23599885423746,6.7365954672107,25046,Acceptable
2025,Gender,Men+,Long-term share of unemployment,24.0866565122183,0.782810794889113,0.349115208876101,0.0324997699241495,22.5210349224401,25.6522781019966,6704,Acceptable
2025,Gender,Women+,Long-term share of unemployment,22.9437887809357,0.839879826600911,0.374566655198125,0.0366059779672823,21.2640291277339,24.6235484341375,5162,Acceptable
2025,Gender,Men+,Long-term unemployment rate,1.65822922989975,0.0609053529835736,0.0271623554086846,0.0367291517272648,1.53641852393261,1.7800399358669,6704,Acceptable
2025,Gender,Women+,Long-term unemployment rate,1.42397891765292,0.0594769159475715,0.0265253060763988,0.0417681155319381,1.30502508575778,1.54293274954807,5162,Acceptable
2025,Gender,Men+,Long-term unemployed (people),198249,7297.20417244302,3254.38148720838,0.0368082773302414,183654.591655114,212843.408344886,6704,Acceptable
2025,Gender,Women+,Long-term unemployed (people),151114.083333333,6319.80832976389,2818.48592215055,0.0418214384149981,138474.466673806,163753.699992861,5162,Acceptable
2025,Gender,Men+,Unemployed (people),850586.25,14453.0197759991,6445.7069970568,0.01699183331026,821680.210448002,879492.289551998,31029,Acceptable
2025,Gender,Women+,Unemployed (people),688332.416666667,13414.7297805327,5982.65407161448,0.0194887374990926,661502.957105601,715161.876227732,25046,Acceptable
2025,Immigrant status,"Immigrant, landed 10 years or less",Unemployment rate,9.47232215207548,0.32605923039962,0.145414750371536,0.0344223122023122,8.82020369127624,10.1244406128747,6592,Acceptable
2025,Immigrant status,"Immigrant, landed over 10 years",Unemployment rate,6.24379132438914,0.198694507037949,0.0886130783836644,0.0318227334507193,5.84640231031324,6.64118033846503,7316,Acceptable
2025,Immigrant status,Non-immigrant (incl. non-permanent residents),Unemployment rate,6.59286322157616,0.0972942188412803,0.0433909339970487,0.0147575060442434,6.3982747838936,6.78745165925872,42167,Acceptable
2025,Immigrant status,"Immigrant, landed 10 years or less",Long-term share of unemployment,25.5155976916346,1.62553472521112,0.724950267462555,0.0637074915844148,22.2645282412123,28.7666671420568,1646,Acceptable
2025,Immigrant status,"Immigrant, landed over 10 years",Long-term share of unemployment,27.7524364347306,1.49931881525328,0.668660939241601,0.0540247635114649,24.7537988042241,30.7510740652372,1958,Acceptable
2025,Immigrant status,Non-immigrant (incl. non-permanent residents),Long-term share of unemployment,22.1411031044602,0.665741249787194,0.296904944329256,0.0300681156962357,20.8096206048858,23.4725856040346,8262,Acceptable
2025,Immigrant status,"Immigrant, landed 10 years or less",Long-term unemployment rate,2.37297453200324,0.17081395981453,0.0761790098564635,0.0719830565018036,2.03134661237418,2.7146024516323,1646,Acceptable
2025,Immigrant status,"Immigrant, landed over 10 years",Long-term unemployment rate,1.69203978320396,0.104982945081305,0.0468199251208331,0.0620451990097507,1.48207389304135,1.90200567336657,1958,Acceptable
2025,Immigrant status,Non-immigrant (incl. non-permanent residents),Long-term unemployment rate,1.39499931831266,0.0476228377376289,0.0212386659108349,0.0341382516195289,1.2997536428374,1.49024499378792,8262,Acceptable
2025,Immigrant status,"Immigrant, landed 10 years or less",Long-term unemployed (people),53992.8333333333,3938.50540232216,1756.48080630534,0.0729449661959239,46115.822528689,61869.8441379777,1646,Acceptable
2025,Immigrant status,"Immigrant, landed over 10 years",Long-term unemployed (people),70028.4166666667,4357.23879685744,1943.22605490311,0.0622210097594777,61313.9390729518,78742.8942603816,1958,Acceptable
2025,Immigrant status,Non-immigrant (incl. non-permanent residents),Long-term unemployed (people),225341.833333333,7711.8392021727,3439.29896146463,0.0342228475205715,209918.154928988,240765.511737679,8262,Acceptable
2025,Immigrant status,"Immigrant, landed 10 years or less",Unemployed (people),215525.916666667,7880.09267449313,3514.33605410155,0.0365621582609043,199765.73131768,231286.102015653,6592,Acceptable
2025,Immigrant status,"Immigrant, landed over 10 years",Unemployed (people),258411.666666667,8452.58833838512,3769.65565953523,0.0327097783448314,241506.489989896,275316.843343437,7316,Acceptable
2025,Immigrant status,Non-immigrant (incl. non-permanent residents),Unemployed (people),1064981.08333333,15964.9841757526,7120.00756965932,0.0149908617398001,1033051.11498183,1096911.05168484,42167,Acceptable
2025,Education,Bachelor's or above,Unemployment rate,5.25479723445965,0.131237929483283,0.0585290308503134,0.0249748798341175,4.99232137549309,5.51727309342622,13240,Acceptable
2025,Education,High school or less,Unemployment rate,10.3845806242914,0.196029214324415,0.0874244205004614,0.0188769504919503,9.99252219564256,10.7766390529402,22965,Acceptable
2025,Education,"Some postsecondary, certificate or diploma",Unemployment rate,6.06693474825252,0.130731076266745,0.0583029862329982,0.0215481263094844,5.80547259571903,6.32839690078601,19870,Acceptable
2025,Education,Bachelor's or above,Long-term share of unemployment,27.5471420225536,1.22651652902789,0.546997533781093,0.0445242750781082,25.0941089644978,30.0001750806093,3331,Acceptable
2025,Education,High school or less,Long-term share of unemployment,21.5907979674448,0.863851387840103,0.385257407885424,0.0400101649389078,19.8630951917646,23.318500743125,4575,Acceptable
2025,Education,"Some postsecondary, certificate or diploma",Long-term share of unemployment,22.4177986279204,0.946336218799971,0.422043703089418,0.0422136104667007,20.5251261903205,24.3104710655204,3960,Acceptable
2025,Education,Bachelor's or above,Long-term unemployment rate,1.39543341458167,0.072091127246515,0.0321509477272165,0.0516621764200243,1.25125116008864,1.5396156690747,3331,Acceptable
2025,Education,High school or less,Long-term unemployment rate,2.16481059242618,0.0972830788022963,0.0433859658015892,0.0449383789707291,1.97024443482159,2.35937675003077,4575,Acceptable
2025,Education,"Some postsecondary, certificate or diploma",Long-term unemployment rate,1.30415332204397,0.0633475375117761,0.0282515122870056,0.0485736887228052,1.17745824702042,1.43084839706752,3960,Acceptable
2025,Education,Bachelor's or above,Long-term unemployed (people),116899.166666667,6062.45751830298,2703.71351113604,0.0518605708763505,104774.251630061,129024.081703273,3331,Acceptable
2025,Education,High school or less,Long-term unemployed (people),119226.833333333,5411.51015928311,2413.40629425133,0.0453883577042901,108403.813014767,130049.8536519,4575,Acceptable
2025,Education,"Some postsecondary, certificate or diploma",Long-term unemployed (people),113237.083333333,5508.01884510852,2456.44689899294,0.0486414757689819,102221.045643116,124253.12102355,3960,Acceptable
2025,Education,Bachelor's or above,Unemployed (people),440208.333333333,11198.2427455544,4994.15296861524,0.0254385069468345,417811.847842225,462604.818824442,13240,Acceptable
2025,Education,High school or less,Unemployed (people),571930.25,11166.8485642021,4980.15190187999,0.0195248433951554,549596.552871596,594263.947128404,22965,Acceptable
2025,Education,"Some postsecondary, certificate or diploma",Unemployed (people),526780.083333333,11605.2272796147,5175.65850168334,0.02203049744436,503569.628774104,549990.537892563,19870,Acceptable
2025,Age x immigrant status,"15 to 24 | Immigrant, landed 10 years or less",Unemployment rate,19.0199349804495,1.31221771425399,0.585218247364097,0.0689917034733722,16.3954995519415,21.6443704089575,1485,Acceptable
2025,Age x immigrant status,"15 to 24 | Immigrant, landed over 10 years",Unemployment rate,16.6723089758607,1.32665414839498,0.591656557557905,0.0795723106089144,14.0190006790707,19.3256172726507,1098,Acceptable
2025,Age x immigrant status,15 to 24 | Non-immigrant (incl. non-permanent residents),Unemployment rate,13.1380037779205,0.324354467349674,0.144654466134078,0.0246882610807876,12.4892948432211,13.7867127126198,13313,Acceptable
2025,Age x immigrant status,"25 to 54 | Immigrant, landed 10 years or less",Unemployment rate,8.18395916280523,0.3387572201523,0.1510777552429,0.0413928287535814,7.50644472250063,8.86147360310983,4640,Acceptable
2025,Age x immigrant status,"25 to 54 | Immigrant, landed over 10 years",Unemployment rate,5.88075667358427,0.250033610508053,0.111509111433408,0.0425172515011849,5.38068945256816,6.38082389460037,4170,Acceptable
2025,Age x immigrant status,25 to 54 | Non-immigrant (incl. non-permanent residents),Unemployment rate,5.34144652088519,0.116034118413223,0.0517484885888996,0.0217233511483316,5.10937828405875,5.57351475771164,20742,Acceptable
2025,Age x immigrant status,"55 and over | Immigrant, landed 10 years or less",Unemployment rate,11.146705771584,1.53525700378815,0.684688526340419,0.137731903510178,8.07619176400767,14.2172197791603,467,Acceptable
2025,Age x immigrant status,"55 and over | Immigrant, landed over 10 years",Unemployment rate,5.22421710685931,0.310479951194234,0.138466758149868,0.0594309051181236,4.60325720447084,5.84517700924778,2048,Acceptable
2025,Age x immigrant status,55 and over | Non-immigrant (incl. non-permanent residents),Unemployment rate,5.09308925682565,0.175059539260707,0.0780724384663256,0.0343719755207698,4.74297017830423,5.44320833534706,8112,Acceptable
2025,Age x immigrant status,"15 to 24 | Immigrant, landed 10 years or less",Long-term share of unemployment,16.5007696634203,2.95672852175812,1.31863140135891,0.179187309566096,10.587312619904,22.4142267069365,224,Marginal
2025,Age x immigrant status,"15 to 24 | Immigrant, landed over 10 years",Long-term share of unemployment,13.7342161605314,3.03324466570467,1.35275580249223,0.220853132807203,7.66772682912202,19.8007054919407,165,Marginal
2025,Age x immigrant status,15 to 24 | Non-immigrant (incl. non-permanent residents),Long-term share of unemployment,16.7197176780564,1.03374020110472,0.461023824132906,0.0618276110284711,14.652237275847,18.7871980802659,2012,Acceptable
2025,Age x immigrant status,"25 to 54 | Immigrant, landed 10 years or less",Long-term share of unemployment,27.4684131116439,1.9938026998806,0.889189125355827,0.0725852888471168,23.4808077118827,31.4560185114051,1261,Acceptable
2025,Age x immigrant status,"25 to 54 | Immigrant, landed over 10 years",Long-term share of unemployment,29.0096644894289,1.99874028689647,0.891391173071117,0.0688991176586966,25.0121839156359,33.0071450632218,1172,Acceptable
2025,Age x immigrant status,25 to 54 | Non-immigrant (incl. non-permanent residents),Long-term share of unemployment,23.9808847606953,0.987683082702749,0.440483432232185,0.0411862653341949,22.0055185952898,25.9562509261008,4354,Acceptable
2025,Age x immigrant status,"55 and over | Immigrant, landed 10 years or less",Long-term share of unemployment,34.6455176907925,6.68808487771732,2.98272860352689,0.19304329458742,21.2693479353579,48.0216874462272,161,Marginal
2025,Age x immigrant status,"55 and over | Immigrant, landed over 10 years",Long-term share of unemployment,32.4160413409238,2.97445414730611,1.32653661358394,0.0917587103256497,26.4671330463116,38.364949635536,621,Acceptable
2025,Age x immigrant status,55 and over | Non-immigrant (incl. non-permanent residents),Long-term share of unemployment,27.9980828316466,1.59650978313118,0.712005825736643,0.0570221108613417,24.8050632653842,31.1911023979089,1896,Acceptable
2025,Age x immigrant status,"15 to 24 | Immigrant, landed 10 years or less",Long-term unemployment rate,3.06168618283058,0.600357036248877,0.267745122421253,0.196087058045197,1.86097211033283,4.26240025532834,224,Marginal
2025,Age x immigrant status,"15 to 24 | Immigrant, landed over 10 years",Long-term unemployment rate,2.24165182739349,0.517167148236069,0.230644388349126,0.23070806175882,1.20731753092135,3.27598612386562,165,Marginal
2025,Age x immigrant status,15 to 24 | Non-immigrant (incl. non-permanent residents),Long-term unemployment rate,2.11786621645561,0.141079961953147,0.0629183459235282,0.0666141991675253,1.83570629254931,2.4000261403619,2012,Acceptable
2025,Age x immigrant status,"25 to 54 | Immigrant, landed 10 years or less",Long-term unemployment rate,2.20934909991839,0.183594957841459,0.081879034466431,0.0830991163181232,1.84215918423547,2.57653901560131,1261,Acceptable
2025,Age x immigrant status,"25 to 54 | Immigrant, landed over 10 years",Long-term unemployment rate,1.6648061610301,0.136352002651514,0.0608097872399692,0.0819026297735145,1.39210215572707,1.93751016633313,1172,Acceptable
2025,Age x immigrant status,25 to 54 | Non-immigrant (incl. non-permanent residents),Long-term unemployment rate,1.2222805215972,0.0589274064457847,0.0262802377588076,0.0482110329049359,1.10442570870563,1.34013533448877,4354,Acceptable
2025,Age x immigrant status,"55 and over | Immigrant, landed 10 years or less",Long-term unemployment rate,3.83717001125251,0.874249244976653,0.38989460769129,0.227836984656118,2.0886715212992,5.58566850120581,161,Marginal
2025,Age x immigrant status,"55 and over | Immigrant, landed over 10 years",Long-term unemployment rate,1.65365809822266,0.182142554415798,0.0812312966878612,0.110145231720852,1.28937298939107,2.01794320705426,621,Acceptable
2025,Age x immigrant status,55 and over | Non-immigrant (incl. non-permanent residents),Long-term unemployment rate,1.34300410542067,0.0922692015221173,0.0411498944221739,0.0687035885815225,1.15846570237643,1.5275425084649,1896,Acceptable
2025,Age x immigrant status,"15 to 24 | Immigrant, landed 10 years or less",Long-term unemployed (people),7432.16666666667,1469.61716703623,655.414702489426,0.197737380356052,4492.9323325942,10371.4010007391,224,Marginal
2025,Age x immigrant status,"15 to 24 | Immigrant, landed over 10 years",Long-term unemployed (people),4966.16666666667,1148.93173988373,512.396542015889,0.231351828684176,2668.30318689921,7264.03014643413,165,Marginal
2025,Age x immigrant status,15 to 24 | Non-immigrant (incl. non-permanent residents),Long-term unemployed (people),57027,3849.07683634162,1716.59776854497,0.0674956921518161,49328.8463273168,64725.1536726832,2012,Acceptable
2025,Age x immigrant status,"25 to 54 | Immigrant, landed 10 years or less",Long-term unemployed (people),42661.8333333333,3585.47181105239,1599.03612521368,0.0840440161827486,35490.8897112286,49832.7769554381,1261,Acceptable
2025,Age x immigrant status,"25 to 54 | Immigrant, landed over 10 years",Long-term unemployed (people),42688.8333333333,3504.95951481294,1563.12953411626,0.0821048326021155,35678.9143037074,49698.7523629592,1172,Acceptable
2025,Age x immigrant status,25 to 54 | Non-immigrant (incl. non-permanent residents),Long-term unemployed (people),126207,6102.73521084459,2721.67641499035,0.0483549661337691,114001.529578311,138412.470421689,4354,Acceptable
2025,Age x immigrant status,"55 and over | Immigrant, landed 10 years or less",Long-term unemployed (people),3898.83333333333,899.806608881018,401.292591081464,0.230788682652336,2099.2201155713,5698.44655109537,161,Marginal
2025,Age x immigrant status,"55 and over | Immigrant, landed over 10 years",Long-term unemployed (people),22373.4166666667,2480.26949678163,1106.14187884391,0.110857878067273,17412.8776731034,27333.9556602299,621,Acceptable
2025,Age x immigrant status,55 and over | Non-immigrant (incl. non-permanent residents),Long-term unemployed (people),42107.8333333333,2902.60388467055,1294.49308580994,0.068932634498028,36302.6255639922,47913.0411026744,1896,Acceptable
2025,Age x immigrant status,"15 to 24 | Immigrant, landed 10 years or less",Unemployed (people),46170.4166666667,3514.15344803036,1567.22981216116,0.0761126648130826,39142.1097706059,53198.7235627274,1485,Acceptable
2025,Age x immigrant status,"15 to 24 | Immigrant, landed over 10 years",Unemployed (people),36935.9166666667,3175.15398497651,1416.04402227984,0.0859638604242892,30585.6086967136,43286.2246366197,1098,Acceptable
2025,Age x immigrant status,15 to 24 | Non-immigrant (incl. non-permanent residents),Unemployed (people),353762.166666667,9022.84500773045,4023.97672604491,0.0255053984227552,335716.476651206,371807.856682128,13313,Acceptable
2025,Age x immigrant status,"25 to 54 | Immigrant, landed 10 years or less",Unemployed (people),158029.666666667,6908.98231950575,3081.24366876828,0.0437195272586313,144211.702027655,171847.631305678,4640,Acceptable
2025,Age x immigrant status,"25 to 54 | Immigrant, landed over 10 years",Unemployed (people),150793.916666667,6539.5204831411,2916.47237662933,0.0433672698985388,137714.875700384,163872.957632949,4170,Acceptable
2025,Age x immigrant status,25 to 54 | Non-immigrant (incl. non-permanent residents),Unemployed (people),551532.916666667,12172.3672306847,5428.58958512326,0.0220700648372024,527188.182205297,575877.651128036,20742,Acceptable
2025,Age x immigrant status,"55 and over | Immigrant, landed 10 years or less",Unemployed (people),11325.8333333333,1644.02278150685,733.195505874613,0.145156893371217,8037.78777031964,14613.878896347,467,Acceptable
2025,Age x immigrant status,"55 and over | Immigrant, landed over 10 years",Unemployed (people),70681.8333333333,4310.38567989018,1922.33066635799,0.0609829354533368,62061.061973553,79302.6046931137,2048,Acceptable
2025,Age x immigrant status,55 and over | Non-immigrant (incl. non-permanent residents),Unemployed (people),159686,5532.24248202595,2467.25007150587,0.0346445053544202,148621.515035948,170750.484964052,8112,Acceptable
2025,Province x age,Alberta | 15 to 24,Unemployment rate,15.6664527866499,1.03538337378165,0.461756640512126,0.0660892026983894,13.5956860390866,17.7372195342132,1347,Acceptable
2025,Province x age,Alberta | 25 to 54,Unemployment rate,5.94127725951705,0.308991928615089,0.137803135066331,0.0520076601576083,5.32329340228687,6.55926111674723,2330,Acceptable
2025,Province x age,Alberta | 55 and over,Unemployment rate,5.23710358525277,0.534658602378052,0.238445165632979,0.102090515047975,4.16778638049666,6.30642079000887,717,Acceptable
2025,Province x age,British Columbia | 15 to 24,Unemployment rate,13.4273072327683,0.820616918756879,0.365975851214025,0.0611155240981026,11.7860733952545,15.0685410702821,1762,Acceptable
2025,Province x age,British Columbia | 25 to 54,Unemployment rate,5.27431465602506,0.241197159611858,0.107568262098562,0.045730521469046,4.79192033680134,5.75670897524877,3620,Acceptable
2025,Province x age,British Columbia | 55 and over,Unemployment rate,4.61044329738077,0.352125040659541,0.157039488881569,0.0763755278932909,3.90619321606168,5.31469337869985,1159,Acceptable
2025,Province x age,Manitoba | 15 to 24,Unemployment rate,11.8704652581822,0.815896642330724,0.363870718912287,0.0687333330737256,10.2386719735207,13.5022585428436,1087,Acceptable
2025,Province x age,Manitoba | 25 to 54,Unemployment rate,4.75949715503833,0.271527232751175,0.121094761590384,0.0570495629908593,4.21644268953598,5.30255162054068,1705,Acceptable
2025,Province x age,Manitoba | 55 and over,Unemployment rate,4.50445932712088,0.479094619524513,0.21366493571465,0.106360072259935,3.54627008807186,5.46264856616991,571,Acceptable
2025,Province x age,New Brunswick | 15 to 24,Unemployment rate,14.9235444585295,1.17704093930798,0.524932584048532,0.0788714063591805,12.5694625799136,17.2776263371455,852,Acceptable
2025,Province x age,New Brunswick | 25 to 54,Unemployment rate,5.56970156854574,0.329247407198354,0.146836602262556,0.0591140123301653,4.91120675414903,6.22819638294245,1592,Acceptable
2025,Province x age,New Brunswick | 55 and over,Unemployment rate,6.92291313741741,0.566798590594545,0.252778844694042,0.0818728444722316,5.78931595622832,8.0565103186065,807,Acceptable
2025,Province x age,Newfoundland and Labrador | 15 to 24,Unemployment rate,16.3283220735336,1.33433238642764,0.595080871187805,0.0817188918995199,13.6596573006783,18.9969868463889,783,Acceptable
2025,Province x age,Newfoundland and Labrador | 25 to 54,Unemployment rate,8.39215889527086,0.471155208797901,0.210124145204005,0.0561423126846902,7.44984847767506,9.33446931286666,1810,Acceptable
2025,Province x age,Newfoundland and Labrador | 55 and over,Unemployment rate,11.2726958737278,0.854389581576298,0.381037664760137,0.0757928352850841,9.56391671057519,12.9814750368804,981,Acceptable
2025,Province x age,Nova Scotia | 15 to 24,Unemployment rate,12.9932694481643,1.05166522049325,0.469017961322622,0.0809392297057175,10.8899390071778,15.0965998891508,701,Acceptable
2025,Province x age,Nova Scotia | 25 to 54,Unemployment rate,5.60876796908732,0.335890150093262,0.149799109407842,0.0598866189410076,4.9369876689008,6.28054826927385,1451,Acceptable
2025,Province x age,Nova Scotia | 55 and over,Unemployment rate,5.42099261360702,0.526612213574083,0.234856665415127,0.0971431343131247,4.36776818645885,6.47421704075518,563,Acceptable
2025,Province x age,Ontario | 15 to 24,Unemployment rate,15.9843645603786,0.557970964867588,0.248841931177177,0.0349072972378685,14.8684226306434,17.1003064901138,5913,Acceptable
2025,Province x age,Ontario | 25 to 54,Unemployment rate,6.65146490037726,0.18505814748435,0.0825315826442771,0.0278221640279352,6.28134860540856,7.02158119534596,10537,Acceptable
2025,Province x age,Ontario | 55 and over,Unemployment rate,5.23355191226288,0.263658211592284,0.117585363171925,0.0503784458456406,4.70623548907831,5.76086833544744,3069,Acceptable
2025,Province x age,Prince Edward Island | 15 to 24,Unemployment rate,11.0882125080384,1.42633464484372,0.636111715261121,0.128635219049932,8.23554321835098,13.9408817977259,318,Acceptable
2025,Province x age,Prince Edward Island | 25 to 54,Unemployment rate,6.77138387383197,0.556822691796633,0.248329828386016,0.0822317420148745,5.65773849023871,7.88502925742524,799,Acceptable
2025,Province x age,Prince Edward Island | 55 and over,Unemployment rate,9.0203513903705,0.963744144658136,0.429807228722625,0.106841086666198,7.09286310105423,10.9478396796868,463,Acceptable
2025,Province x age,Quebec | 15 to 24,Unemployment rate,9.70155190210401,0.589088429762719,0.262719588878738,0.0607210511995469,8.52337504257857,10.8797287616295,2212,Acceptable
2025,Province x age,Quebec | 25 to 54,Unemployment rate,4.7884094284261,0.205121008625308,0.0914791469901034,0.0428369820273971,4.37816741117548,5.19865144567672,4286,Acceptable
2025,Province x age,Quebec | 55 and over,Unemployment rate,5.43466740119328,0.368198927675606,0.164208064557457,0.0677500388698601,4.69826954584207,6.1710652565445,1899,Acceptable
2025,Province x age,Saskatchewan | 15 to 24,Unemployment rate,11.8186697342336,0.857818996537883,0.382567103199736,0.0725816877726225,10.1030317411578,13.5343077273093,921,Acceptable
2025,Province x age,Saskatchewan | 25 to 54,Unemployment rate,4.23071446237325,0.248113534510377,0.110652802683755,0.0586457764325689,3.73448739335249,4.726941531394,1422,Acceptable
2025,Province x age,Saskatchewan | 55 and over,Unemployment rate,3.47262724329582,0.419007531132634,0.186867507074618,0.120660094440473,2.63461218103055,4.31064230556109,398,Acceptable
2025,Province x age,Alberta | 15 to 24,Long-term share of unemployment,18.2200855052659,2.94262618897285,1.31234209251427,0.161504521376828,12.3348331273202,24.1053378832116,210,Marginal
2025,Province x age,Alberta | 25 to 54,Long-term share of unemployment,23.409139684559,2.34087592002796,1.04397562106864,0.0999983746336491,18.7273878445031,28.0908915246149,534,Acceptable
2025,Province x age,Alberta | 55 and over,Long-term share of unemployment,30.5857501638621,4.63332909120057,2.06635583467565,0.151486527758112,21.3190919814609,39.8524083462632,224,Marginal
2025,Province x age,British Columbia | 15 to 24,Long-term share of unemployment,11.7252031852626,2.11095379345115,0.941435758602294,0.180035583187539,7.50329559836033,15.9471107721649,221,Marginal
2025,Province x age,British Columbia | 25 to 54,Long-term share of unemployment,22.5546230418527,1.94476070447423,0.867317548492328,0.0862244827087337,18.6651016329042,26.4441444508012,786,Acceptable
2025,Province x age,British Columbia | 55 and over,Long-term share of unemployment,23.3462181728869,3.34582385533479,1.49215877162669,0.143313312270013,16.6545704622173,30.0378658835565,272,Acceptable
2025,Province x age,Manitoba | 15 to 24,Long-term share of unemployment,14.722497609508,2.64952410831689,1.18162545603161,0.179964308950255,9.42344939287421,20.0215458261418,163,Marginal
2025,Province x age,Manitoba | 25 to 54,Long-term share of unemployment,23.1657886268228,2.64583138785153,1.17997858952824,0.114212877898231,17.8741258511198,28.4574514025259,371,Acceptable
2025,Province x age,Manitoba | 55 and over,Long-term share of unemployment,26.2031569071141,4.6241443074331,2.06225963707031,0.176472793863157,16.9548682922479,35.4514455219803,144,Marginal
2025,Province x age,New Brunswick | 15 to 24,Long-term share of unemployment,14.3119671423264,2.88514527573009,1.28670695671371,0.201589707902384,8.54167659086616,20.0822576937865,117,Marginal
2025,Province x age,New Brunswick | 25 to 54,Long-term share of unemployment,18.6036184772337,2.41975720582328,1.07915481985671,0.130069169542715,13.7641040655871,23.4431328888802,270,Acceptable
2025,Province x age,New Brunswick | 55 and over,Long-term share of unemployment,20.8236125368279,3.5090149183123,1.56493814872531,0.168511343173831,13.8055827002033,27.8416423734525,156,Marginal
2025,Province x age,Newfoundland and Labrador | 15 to 24,Long-term share of unemployment,16.8139320615645,3.5430205399408,1.58010385642288,0.210719332454061,9.7278909816829,23.8999731414461,120,Marginal
2025,Province x age,Newfoundland and Labrador | 25 to 54,Long-term share of unemployment,20.2257047050846,2.38335637683608,1.06292090599387,0.117837989409433,15.4589919514124,24.9924174587567,344,Acceptable
2025,Province x age,Newfoundland and Labrador | 55 and over,Long-term share of unemployment,20.5344156148829,3.45630819666733,1.54143219012536,0.16831782610664,13.6217992215483,27.4470320082176,190,Marginal
2025,Province x age,Nova Scotia | 15 to 24,Long-term share of unemployment,12.9371678759953,3.17907736638341,1.41779375813979,0.245732095065578,6.57901314322846,19.2953226087621,80,Marginal
2025,Province x age,Nova Scotia | 25 to 54,Long-term share of unemployment,22.0410286969631,2.60701719749357,1.1626683732376,0.118280196144056,16.826994301976,27.2550630919502,305,Acceptable
2025,Province x age,Nova Scotia | 55 and over,Long-term share of unemployment,22.0590387250402,4.33074124964119,1.93140877186166,0.196325021394752,13.3975562257579,30.7205212243226,115,Marginal
2025,Province x age,Ontario | 15 to 24,Long-term share of unemployment,19.6753142103216,1.49125095647691,0.665062863920864,0.075792993216576,16.6928122973678,22.6578161232754,1091,Acceptable
2025,Province x age,Ontario | 25 to 54,Long-term share of unemployment,30.2603581096758,1.39341587400115,0.621430717459762,0.0460475672148642,27.4735263616735,33.0471898576781,2999,Acceptable
2025,Province x age,Ontario | 55 and over,Long-term share of unemployment,36.1129442734843,2.49700009792204,1.11360333357843,0.0691441849496456,31.1189440776402,41.1069444693284,1028,Acceptable
2025,Province x age,Prince Edward Island | 15 to 24,Long-term share of unemployment,18.3364298985279,5.67057747600723,2.52894422625432,0.309251992202826,6.99527494651348,29.6775848505424,51,Marginal
2025,Province x age,Prince Edward Island | 25 to 54,Long-term share of unemployment,17.9184616345133,3.42316143882699,1.52664951548348,0.191041034026801,11.0721387568594,24.7647845121673,131,Marginal
2025,Province x age,Prince Edward Island | 55 and over,Long-term share of unemployment,15.9882687522218,4.44841406689393,1.98388808160349,0.278229878158369,7.09144061843396,24.8850968860097,71,Marginal
2025,Province x age,Quebec | 15 to 24,Long-term share of unemployment,10.259641432269,1.89672599951,0.845895199482355,0.184872542771753,6.46618943324904,14.0530934312891,215,Marginal
2025,Province x age,Quebec | 25 to 54,Long-term share of unemployment,19.9206053389737,1.88962538889939,0.842728494101367,0.0948578297067323,16.141354561175,23.6998561167725,769,Acceptable
2025,Province x age,Quebec | 55 and over,Long-term share of unemployment,26.0241073188744,3.23411761731622,1.44234041593559,0.124273911788345,19.5558720842419,32.4923425535068,390,Acceptable
2025,Province x age,Saskatchewan | 15 to 24,Long-term share of unemployment,15.0131755890149,2.72812496966044,1.2166795921076,0.181715384162735,9.55692564969403,20.4694255283358,133,Marginal
2025,Province x age,Saskatchewan | 25 to 54,Long-term share of unemployment,19.8372185907864,2.42625489326639,1.08205263568107,0.122308219882866,14.9847088042537,24.6897283773192,278,Acceptable
2025,Province x age,Saskatchewan | 55 and over,Long-term share of unemployment,22.73650496055,5.20769631540414,2.3225101120037,0.229045595373607,12.3211123297417,33.1518975913582,88,Marginal
2025,Province x age,Alberta | 15 to 24,Long-term unemployment rate,2.78273129112144,0.487013155108423,0.217196416402473,0.175012641954429,1.80870498090459,3.75675760133828,210,Marginal
2025,Province x age,Alberta | 25 to 54,Long-term unemployment rate,1.33543224730624,0.147488431049784,0.06577637246309,0.110442466360454,1.04045538520667,1.6304091094058,534,Acceptable
2025,Province x age,Alberta | 55 and over,Long-term unemployment rate,1.54648858447264,0.282268548650678,0.125885135929039,0.182522232291118,0.981951487171283,2.11102568177399,224,Marginal
2025,Province x age,British Columbia | 15 to 24,Long-term unemployment rate,1.52226070477964,0.291788391518696,0.130130762015234,0.191680958854505,0.938683921742249,2.10583748781703,221,Marginal
2025,Province x age,British Columbia | 25 to 54,Long-term unemployment rate,1.1364937575971,0.11046025922084,0.0492626784430771,0.0971938987631465,0.915573239155417,1.35741427603878,786,Acceptable
2025,Province x age,British Columbia | 55 and over,Long-term unemployment rate,1.04337319830442,0.172694739091661,0.0770177931927078,0.165515789913242,0.697983720121094,1.38876267648774,272,Marginal
2025,Province x age,Manitoba | 15 to 24,Long-term unemployment rate,1.6718092603991,0.326411720396327,0.145571952622234,0.195244594062366,1.01898581960644,2.32463270119175,163,Marginal
2025,Province x age,Manitoba | 25 to 54,Long-term unemployment rate,1.04223349134067,0.132613545999485,0.0591425234726977,0.127239766425946,0.777006399341699,1.30746058333964,371,Acceptable
2025,Province x age,Manitoba | 55 and over,Long-term unemployment rate,1.09464333164448,0.219265999522928,0.0977874803498557,0.200308167221487,0.656111332598623,1.53317533069033,144,Marginal
2025,Province x age,New Brunswick | 15 to 24,Long-term unemployment rate,2.01636635277074,0.44207657115264,0.197155756518466,0.219244171846635,1.13221321046546,2.90051949507602,117,Marginal
2025,Province x age,New Brunswick | 25 to 54,Long-term unemployment rate,0.975467927887374,0.141367995300764,0.0630468020242528,0.1449232632455,0.692731937285846,1.2582039184889,270,Acceptable
2025,Province x age,New Brunswick | 55 and over,Long-term unemployment rate,1.32503251080088,0.252716607507905,0.112705665012041,0.190724835389252,0.819599295785071,1.83046572581669,156,Marginal
2025,Province x age,Newfoundland and Labrador | 15 to 24,Long-term unemployment rate,2.62684087696653,0.596142337621992,0.265865465930717,0.226942691066394,1.43455620172255,3.81912555221052,120,Marginal
2025,Province x age,Newfoundland and Labrador | 25 to 54,Long-term unemployment rate,1.58964702707011,0.212369972440089,0.0947120144120341,0.133595678049051,1.16490708218993,2.01438697195029,344,Acceptable
2025,Province x age,Newfoundland and Labrador | 55 and over,Long-term unemployment rate,2.19071729535389,0.411071301678347,0.183328135336631,0.18764233182901,1.3685746919972,3.01285989871059,190,Marginal
2025,Province x age,Nova Scotia | 15 to 24,Long-term unemployment rate,1.59307118384668,0.419468737977354,0.187073194483352,0.263308220141483,0.754133707891968,2.43200865980138,80,Marginal
2025,Province x age,Nova Scotia | 25 to 54,Long-term unemployment rate,1.15426481554539,0.149926828618616,0.0668638404465717,0.129889455694598,0.854411158308162,1.45411847278263,305,Acceptable
2025,Province x age,Nova Scotia | 55 and over,Long-term unemployment rate,1.09809188158991,0.245772634197624,0.109608816184104,0.22381791389057,0.60654661319466,1.58963714998516,115,Marginal
2025,Province x age,Ontario | 15 to 24,Long-term unemployment rate,3.04060219887068,0.254548124965932,0.113522478735222,0.0837163523266789,2.53150594893881,3.54969844880254,1091,Acceptable
2025,Province x age,Ontario | 25 to 54,Long-term unemployment rate,1.95692749449296,0.108589153605561,0.0484282093325689,0.0554896151805037,1.73974918728183,2.17410580170408,2999,Acceptable
2025,Province x age,Ontario | 55 and over,Long-term unemployment rate,1.81509742682102,0.15138911338813,0.0675159850721674,0.0834055027301067,1.51231920004476,2.11787565359728,1028,Acceptable
2025,Province x age,Prince Edward Island | 15 to 24,Long-term unemployment rate,1.94896930968307,0.637966961138377,0.284518264627949,0.327335560374791,0.673035387406317,3.22490323195983,51,Marginal
2025,Province x age,Prince Edward Island | 25 to 54,Long-term unemployment rate,1.13763688638958,0.243082295828156,0.108408988527234,0.213673008265058,0.65147229473327,1.62380147804589,131,Marginal
2025,Province x age,Prince Edward Island | 55 and over,Long-term unemployment rate,1.35625676149407,0.411091935780414,0.183337337660999,0.303107750281407,0.534072889933241,2.1784406330549,71,Marginal
2025,Province x age,Quebec | 15 to 24,Long-term unemployment rate,0.965087725206751,0.187452189316439,0.0835992690120751,0.194233316226545,0.590183346573873,1.33999210383963,215,Marginal
2025,Province x age,Quebec | 25 to 54,Long-term unemployment rate,0.916946884716829,0.0970843401463121,0.0432973330338135,0.105877823202697,0.722778204424205,1.11111556500945,769,Acceptable
2025,Province x age,Quebec | 55 and over,Long-term unemployment rate,1.33963318771665,0.201323072236868,0.0897853566588954,0.150282237020429,0.936987043242918,1.74227933219039,390,Marginal
2025,Province x age,Saskatchewan | 15 to 24,Long-term unemployment rate,1.68826900417129,0.331299645332196,0.14775185221751,0.196236289663341,1.02566971350689,2.35086829483568,133,Marginal
2025,Province x age,Saskatchewan | 25 to 54,Long-term unemployment rate,0.803246039387792,0.109436354594626,0.0488060410540889,0.136242632055846,0.584373330198539,1.02211874857704,278,Acceptable
2025,Province x age,Saskatchewan | 55 and over,Long-term unemployment rate,0.727756451008963,0.186245564464219,0.083061142698452,0.255917435298592,0.355265322080525,1.1002475799374,88,Marginal
2025,Province x age,Alberta | 15 to 24,Long-term unemployed (people),11066.3333333333,1951.28879060967,870.22892141873,0.176326587301697,7163.75575211399,14968.9109145527,210,Marginal
2025,Province x age,Alberta | 25 to 54,Long-term unemployed (people),25178.5,2773.0628581592,1236.7208337871,0.110136142270556,19632.3742836816,30724.6257163184,534,Acceptable
2025,Province x age,Alberta | 55 and over,Long-term unemployed (people),7855.08333333333,1442.03682892788,643.114520168952,0.183580080278531,4971.00967547757,10739.1569911891,224,Marginal
2025,Province x age,British Columbia | 15 to 24,Long-term unemployed (people),6186.66666666667,1192.05824296217,531.629948387678,0.192681828065006,3802.55018074233,8570.78315259101,221,Marginal
2025,Province x age,British Columbia | 25 to 54,Long-term unemployed (people),23828.5833333333,2313.1166198145,1031.59562585709,0.0970731909428594,19202.3500937043,28454.8165729623,786,Acceptable
2025,Province x age,British Columbia | 55 and over,Long-term unemployed (people),6653.75,1101.27401971386,491.142319360438,0.165511782034771,4451.20196057228,8856.29803942772,272,Marginal
2025,Province x age,Manitoba | 15 to 24,Long-term unemployed (people),2091.41666666667,410.923885944617,183.262391385463,0.196481118513584,1269.56889477743,2913.2644385559,163,Marginal
2025,Province x age,Manitoba | 25 to 54,Long-term unemployed (people),5339,678.766256988653,302.713791293859,0.127133593742022,3981.4674860227,6696.53251397731,371,Acceptable
2025,Province x age,Manitoba | 55 and over,Long-term unemployed (people),1582.58333333333,317.53015088611,141.610981446375,0.200640398643216,947.523031561113,2217.64363510555,144,Marginal
2025,Province x age,New Brunswick | 15 to 24,Long-term unemployed (people),1187.66666666667,261.489363404149,116.618107874521,0.22017066803605,664.687939858369,1710.64539347496,117,Marginal
2025,Province x age,New Brunswick | 25 to 54,Long-term unemployed (people),2723.16666666667,395.20693455664,176.253000607342,0.145127707163219,1932.75279755339,3513.58053577995,270,Acceptable
2025,Province x age,New Brunswick | 55 and over,Long-term unemployed (people),1301.66666666667,248.511365863877,110.830226113504,0.190917822686717,804.643934938913,1798.68939839442,156,Marginal
2025,Province x age,Newfoundland and Labrador | 15 to 24,Long-term unemployed (people),927.666666666667,212.096936372692,94.5902467456678,0.228634857749938,503.472793921283,1351.86053941205,120,Marginal
2025,Province x age,Newfoundland and Labrador | 25 to 54,Long-term unemployed (people),2709.25,361.55168982991,161.243552769806,0.133450840575772,1986.14662034018,3432.35337965982,344,Acceptable
2025,Province x age,Newfoundland and Labrador | 55 and over,Long-term unemployed (people),1458.83333333333,273.802728375508,122.109579136811,0.187686092797104,911.227876582317,2006.43879008435,190,Marginal
2025,Province x age,Nova Scotia | 15 to 24,Long-term unemployed (people),1221.33333333333,320.424816800979,142.901934384293,0.262356563974601,580.483699731376,1862.18296693529,80,Marginal
2025,Province x age,Nova Scotia | 25 to 54,Long-term unemployed (people),4130.25,536.634155205494,239.326215744322,0.12992776592349,3056.98168958901,5203.51831041099,305,Acceptable
2025,Province x age,Nova Scotia | 55 and over,Long-term unemployed (people),1381.83333333333,309.895082310784,138.205920379434,0.224263718956061,762.043168711766,2001.6234979549,115,Marginal
2025,Province x age,Ontario | 15 to 24,Long-term unemployed (people),38151.5,3219.39685677651,1435.7753028531,0.0843845420698139,31712.706286447,44590.293713553,1091,Acceptable
2025,Province x age,Ontario | 25 to 54,Long-term unemployed (people),114231.666666667,6340.66507204155,2827.78753881741,0.0555070695986946,101550.336522584,126912.99681075,2999,Acceptable
2025,Province x age,Ontario | 55 and over,Long-term unemployed (people),33015.4166666667,2771.19601254184,1235.8882645355,0.0839364240203491,27473.024641583,38557.8086917503,1028,Acceptable
2025,Province x age,Prince Edward Island | 15 to 24,Long-term unemployed (people),320.75,105.574090416292,47.0835620410794,0.3291475928801,109.601819167416,531.898180832584,51,Marginal
2025,Province x age,Prince Edward Island | 25 to 54,Long-term unemployed (people),717.5,153.311902436877,68.3735037788085,0.213675125347564,410.876195126246,1024.12380487375,131,Marginal
2025,Province x age,Prince Edward Island | 55 and over,Long-term unemployed (people),299.833333333333,91.1043235903169,40.6303862534941,0.303849884125571,117.6246861527,482.041980513967,71,Marginal
2025,Province x age,Quebec | 15 to 24,Long-term unemployed (people),6662.5,1296.82785527822,578.354732111141,0.194645831936694,4068.84428944356,9256.15571055644,215,Marginal
2025,Province x age,Quebec | 25 to 54,Long-term unemployed (people),29305.8333333333,3101.63110120492,1383.25454480626,0.105836645760113,23102.5711309235,35509.0955357432,769,Acceptable
2025,Province x age,Quebec | 55 and over,Long-term unemployed (people),13860.9166666667,2087.16847565101,930.828066109808,0.150579397152738,9686.57971536465,18035.2536179687,390,Marginal
2025,Province x age,Saskatchewan | 15 to 24,Long-term unemployed (people),1609.5,317.296243117752,141.506664081386,0.197139635363623,974.907513764496,2244.0924862355,133,Marginal
2025,Province x age,Saskatchewan | 25 to 54,Long-term unemployed (people),3393.91666666667,462.525086571056,206.275313604438,0.136280625601018,2468.86649352455,4318.96683980878,278,Acceptable
2025,Province x age,Saskatchewan | 55 and over,Long-term unemployed (people),970.166666666667,248.945617434857,111.02389210393,0.256600876929934,472.275431796952,1468.05790153638,88,Marginal
2025,Province x age,Alberta | 15 to 24,Unemployed (people),62302.1666666667,4296.74646706286,1916.24789812561,0.0689662446259952,53708.673732541,70895.6596007924,1347,Acceptable
2025,Province x age,Alberta | 25 to 54,Unemployed (people),112018,5829.59162403337,2599.86079749331,0.052041561392217,100358.816751933,123677.183248067,2330,Acceptable
2025,Province x age,Alberta | 55 and over,Unemployed (people),26600.8333333333,2740.83182788728,1222.34655210992,0.103035562590919,21119.1696775588,32082.4969891079,717,Acceptable
2025,Province x age,British Columbia | 15 to 24,Unemployed (people),54570.3333333333,3403.64208038178,1517.94434056098,0.0623716564014961,47763.0491725698,61377.6174940969,1762,Acceptable
2025,Province x age,British Columbia | 25 to 54,Unemployed (people),110585.25,5044.2355446881,2249.61045159513,0.0456139995586039,100496.778910624,120673.721089376,3620,Acceptable
2025,Province x age,British Columbia | 55 and over,Unemployed (people),29401.5,2261.42638959649,1008.54299853356,0.0769153407001851,24878.647220807,33924.352779193,1159,Acceptable
2025,Province x age,Manitoba | 15 to 24,Unemployed (people),14849.8333333333,1042.09836928281,464.751370620977,0.0701757619692347,12765.6365947677,16934.030071899,1087,Acceptable
2025,Province x age,Manitoba | 25 to 54,Unemployed (people),24381.25,1395.83594822653,622.510013662883,0.0572503849567403,21589.578103547,27172.9218964531,1705,Acceptable
2025,Province x age,Manitoba | 55 and over,Unemployed (people),6512.33333333333,697.413994764038,311.030243891377,0.107091261928245,5117.50534380526,7907.16132286141,571,Acceptable
2025,Province x age,New Brunswick | 15 to 24,Unemployed (people),8790.16666666667,712.902217877832,317.937627237129,0.081102241278455,7364.362230911,10215.9711024223,852,Acceptable
2025,Province x age,New Brunswick | 25 to 54,Unemployed (people),15548.6666666667,924.332158821594,412.230409704058,0.059447679896771,13700.0023490235,17397.3309843099,1592,Acceptable
2025,Province x age,New Brunswick | 55 and over,Unemployed (people),6800.83333333333,562.252443425133,250.75136994664,0.0826740512327116,5676.32844648307,7925.3382201836,807,Acceptable
2025,Province x age,Newfoundland and Labrador | 15 to 24,Unemployed (people),5766.33333333333,492.359554682172,219.580784906472,0.0853852051590564,4781.61422396899,6751.05244269768,783,Acceptable
2025,Province x age,Newfoundland and Labrador | 25 to 54,Unemployed (people),14302.8333333333,806.189042395309,359.541357588625,0.0563656880847834,12690.4552485427,15915.211418124,1810,Acceptable
2025,Province x age,Newfoundland and Labrador | 55 and over,Unemployed (people),7506.66666666667,585.184253701767,260.978418151524,0.0779552735837168,6336.29815926313,8677.0351740702,981,Acceptable
2025,Province x age,Nova Scotia | 15 to 24,Unemployed (people),9961.33333333333,817.136433803634,364.423636758916,0.0820308292534769,8327.06046572607,11595.6062009406,701,Acceptable
2025,Province x age,Nova Scotia | 25 to 54,Unemployed (people),20069.5833333333,1199.99193392801,535.168188019503,0.0597915718526631,17669.5994654773,22469.5672011894,1451,Acceptable
2025,Province x age,Nova Scotia | 55 and over,Unemployed (people),6821.75,667.98553359071,297.905842137459,0.0979199668106732,5485.77893281858,8157.72106718142,563,Acceptable
2025,Province x age,Ontario | 15 to 24,Unemployed (people),200561.416666667,7280.23430145958,3246.81332374964,0.0362992764134656,186000.948063748,215121.885269586,5913,Acceptable
2025,Province x age,Ontario | 25 to 54,Unemployed (people),388265.75,10876.7891082897,4850.79220449399,0.0280137743498871,366512.171783421,410019.328216579,10537,Acceptable
2025,Province x age,Ontario | 55 and over,Unemployed (people),95194.8333333333,4849.823728564,2162.90735266334,0.0509462915028372,85495.1858762053,104894.480790461,3069,Acceptable
2025,Province x age,Prince Edward Island | 15 to 24,Unemployed (people),1824.83333333333,240.581216560319,107.293565979784,0.131837364084566,1343.6709002127,2305.99576645397,318,Acceptable
2025,Province x age,Prince Edward Island | 25 to 54,Unemployed (people),4270.66666666667,350.690095971776,156.399537289607,0.0821160074863665,3569.28647472312,4972.04685861022,799,Acceptable
2025,Province x age,Prince Edward Island | 55 and over,Unemployed (people),1994.16666666667,218.257258856444,97.3376057303686,0.109447852330854,1557.65214895378,2430.68118437956,463,Acceptable
2025,Province x age,Quebec | 15 to 24,Unemployed (people),66974.8333333333,4141.13843023455,1846.85037239551,0.0618312614474773,58692.5564728642,75257.1101938024,2212,Acceptable
2025,Province x age,Quebec | 25 to 54,Unemployed (people),153038.666666667,6563.79492484122,2927.2982068808,0.0428897811762684,139911.076816984,166166.256516349,4286,Acceptable
2025,Province x age,Quebec | 55 and over,Unemployed (people),56231.4166666667,3845.05068664195,1714.80220044276,0.068379047062516,48541.3152933828,63921.5180399506,1899,Acceptable
2025,Province x age,Saskatchewan | 15 to 24,Unemployed (people),11267.25,848.14052348453,378.250731780635,0.0752748473216207,9570.96895303094,12963.5310469691,921,Acceptable
2025,Province x age,Saskatchewan | 25 to 54,Unemployed (people),17875.8333333333,1053.152961853,469.681458988919,0.0589149016000931,15769.5274096273,19982.1392570393,1422,Acceptable
2025,Province x age,Saskatchewan | 55 and over,Unemployed (people),4629.33333333333,562.936764559721,251.056561082736,0.121602123680815,3503.45980421389,5755.20686245277,398,Acceptable
2023 Jan-Aug,Canada,Canada,Unemployment rate,5.45963689207302,0.0937671450856356,0.0439990262548899,0.0171746119639895,5.27210260190175,5.64717118224429,27762,Acceptable
2023 Jan-Aug,Canada,Canada,Long-term share of unemployment,15.0590437553792,0.659909829235508,0.309654195783348,0.043821496235429,13.7392240969081,16.3788634138502,3853,Acceptable
2023 Jan-Aug,Canada,Canada,Long-term unemployment rate,0.772350606972409,0.0363068990914487,0.017036545208872,0.0470083130170256,0.699736808789511,0.844964405155306,3853,Acceptable
2023 Jan-Aug,Canada,Canada,Long-term unemployed (people),165499.625,7769.2771478807,3645.63332816546,0.0469443791663015,149961.070704239,181038.179295761,3853,Acceptable
2023 Jan-Aug,Canada,Canada,Unemployed (people),1169893.375,20240.8052195843,9497.73739472664,0.0173014102414113,1129411.76456083,1210374.98543917,27762,Acceptable
2023 Jan-Aug,Province,Alberta,Unemployment rate,6.1075444692758,0.2885034915531,0.135376551007063,0.047237231428183,5.5305374861696,6.684551452382,2635,Acceptable
2023 Jan-Aug,Province,British Columbia,Unemployment rate,5.31424299665417,0.241912703998888,0.113514423468024,0.045521573656153,4.83041758865639,5.79806840465194,3205,Acceptable
2023 Jan-Aug,Province,Manitoba,Unemployment rate,5.10869356302251,0.271709764310228,0.127496310596611,0.0531857628488238,4.56527403440205,5.65211309164296,1970,Acceptable
2023 Jan-Aug,Province,New Brunswick,Unemployment rate,6.75916581614763,0.378094018059825,0.177415752737677,0.0559379705046677,6.00297778002798,7.51535385226728,1626,Acceptable
2023 Jan-Aug,Province,Newfoundland and Labrador,Unemployment rate,10.2846923316414,0.521839191783871,0.244866325824038,0.0507394071651909,9.24101394807369,11.3283707152092,1857,Acceptable
2023 Jan-Aug,Province,Nova Scotia,Unemployment rate,6.46088318388262,0.365964876690596,0.17172430922549,0.0566431656903403,5.72895343050142,7.19281293726381,1582,Acceptable
2023 Jan-Aug,Province,Ontario,Unemployment rate,5.6372168610474,0.161348303138056,0.0757106150503969,0.0286219790927252,5.31452025477128,5.95991346732351,8752,Acceptable
2023 Jan-Aug,Province,Prince Edward Island,Unemployment rate,7.56746754090443,0.606380555657915,0.284536272960864,0.0801299182824699,6.3547064295886,8.78022865222026,865,Acceptable
2023 Jan-Aug,Province,Quebec,Unemployment rate,4.45423442748896,0.200332560290849,0.0940034760778559,0.0449757558907346,4.05356930690726,4.85489954807066,3690,Acceptable
2023 Jan-Aug,Province,Saskatchewan,Unemployment rate,4.97701815242787,0.27276376659272,0.127990887604983,0.0548046557675625,4.43149061924243,5.52254568561331,1580,Acceptable
2023 Jan-Aug,Province,Alberta,Long-term share of unemployment,15.3852269226565,1.78988886234036,0.839882316727513,0.116338151613776,11.8054491979758,18.9650046473372,384,Acceptable
2023 Jan-Aug,Province,British Columbia,Long-term share of unemployment,15.5351985199185,1.76453298131052,0.827984395828579,0.113582905236011,12.0061325572975,19.0642644825396,471,Acceptable
2023 Jan-Aug,Province,Manitoba,Long-term share of unemployment,15.2726481178162,1.95873144246398,0.919109524818554,0.128250937712565,11.3551852328883,19.1901110027442,293,Acceptable
2023 Jan-Aug,Province,New Brunswick,Long-term share of unemployment,11.647189521916,1.89224036892576,0.887909444154353,0.162463259086257,7.86270878406443,15.4316702597675,184,Marginal
2023 Jan-Aug,Province,Newfoundland and Labrador,Long-term share of unemployment,18.6985777719271,2.28904886510005,1.07410672493314,0.122418340743363,14.120480041727,23.2766755021272,296,Acceptable
2023 Jan-Aug,Province,Nova Scotia,Long-term share of unemployment,14.5068809627363,2.0670006001572,0.969913433880607,0.142484149795307,10.3728797624219,18.6408821630507,217,Acceptable
2023 Jan-Aug,Province,Ontario,Long-term share of unemployment,16.5333389258319,1.14338220957467,0.536517389033278,0.069156158638243,14.2465745066825,18.8201033449812,1345,Acceptable
2023 Jan-Aug,Province,Prince Edward Island,Long-term share of unemployment,13.5709594602663,3.15859893467128,1.48213190588607,0.232746914020278,7.25376159092372,19.8881573296088,102,Marginal
2023 Jan-Aug,Province,Quebec,Long-term share of unemployment,11.150998284103,1.58590816815726,0.744167000764165,0.142221183050324,7.97918194778852,14.3228146204176,344,Acceptable
2023 Jan-Aug,Province,Saskatchewan,Long-term share of unemployment,14.5037662079477,2.05754074946244,0.965474520669522,0.141862514878029,10.3886847090228,18.6188477068726,217,Acceptable
2023 Jan-Aug,Province,Alberta,Long-term unemployment rate,0.896495851805449,0.112489593428362,0.0527842942230582,0.125476981518453,0.671516664948725,1.12147503866217,384,Acceptable
2023 Jan-Aug,Province,British Columbia,Long-term unemployment rate,0.781357052031071,0.0969960858831742,0.0455141651747817,0.124137979725199,0.587364880264723,0.975349223797419,471,Acceptable
2023 Jan-Aug,Province,Manitoba,Long-term unemployment rate,0.721583366238079,0.100313809873773,0.0470709644655727,0.139019016467565,0.520955746490534,0.922210985985624,293,Acceptable
2023 Jan-Aug,Province,New Brunswick,Long-term unemployment rate,0.735233700358256,0.128575850628001,0.0603325634193042,0.174877526105441,0.478081999102255,0.992385401614258,184,Marginal
2023 Jan-Aug,Province,Newfoundland and Labrador,Long-term unemployment rate,1.75008281036828,0.231690737705423,0.108717897318998,0.132388442611277,1.28670133495744,2.21346428577913,296,Acceptable
2023 Jan-Aug,Province,Nova Scotia,Long-term unemployment rate,0.845189080167313,0.128807061377539,0.0604410560883519,0.152400290538586,0.587574957412236,1.10280320292239,217,Marginal
2023 Jan-Aug,Province,Ontario,Long-term unemployment rate,0.884632234588773,0.0657748149771949,0.0308639855511125,0.0743527224143836,0.753082604634383,1.01618186454316,1345,Acceptable
2023 Jan-Aug,Province,Prince Edward Island,Long-term unemployment rate,0.894930042167623,0.225964586177221,0.106030974397342,0.252494134211774,0.443000869813182,1.34685921452206,102,Marginal
2023 Jan-Aug,Province,Quebec,Long-term unemployment rate,0.456150934981037,0.0682701253309672,0.0320348778254742,0.14966564813422,0.319610684319102,0.592691185642971,344,Acceptable
2023 Jan-Aug,Province,Saskatchewan,Long-term unemployment rate,0.669382119321288,0.102747366808104,0.0482128797424924,0.153495834206453,0.463887385705079,0.874876852937496,217,Marginal
2023 Jan-Aug,Province,Alberta,Long-term unemployed (people),23223,2912.65986859216,1366.7281638223,0.125421343865657,17397.6802628157,29048.3197371843,384,Acceptable
2023 Jan-Aug,Province,British Columbia,Long-term unemployed (people),23343.5,2898.30837323179,1359.99390929658,0.124159118094193,17546.8832535364,29140.1167464636,471,Acceptable
2023 Jan-Aug,Province,Manitoba,Long-term unemployed (people),5349.875,743.916491506922,349.073241073571,0.139053060399901,3862.04201698616,6837.70798301384,293,Acceptable
2023 Jan-Aug,Province,New Brunswick,Long-term unemployed (people),3053.5,534.131629159626,250.634393886027,0.17492439140646,1985.23674168075,4121.76325831925,184,Marginal
2023 Jan-Aug,Province,Newfoundland and Labrador,Long-term unemployed (people),4616.375,613.314025878545,287.78971464341,0.132856196881437,3389.74694824291,5843.00305175709,296,Acceptable
2023 Jan-Aug,Province,Nova Scotia,Long-term unemployed (people),4544.625,692.864929014495,325.117952295119,0.152458107987897,3158.89514197101,5930.35485802899,217,Marginal
2023 Jan-Aug,Province,Ontario,Long-term unemployed (people),74894,5566.83519130539,2612.16578061747,0.0743295216079444,63760.3296173892,86027.6703826108,1345,Acceptable
2023 Jan-Aug,Province,Prince Edward Island,Long-term unemployed (people),852.375,215.275103500506,101.015072201381,0.252559147676206,421.824792998989,1282.92520700101,102,Marginal
2023 Jan-Aug,Province,Quebec,Long-term unemployed (people),21518.625,3225.78239278409,1513.65687910244,0.149906529473147,15067.0602144318,27970.1897855682,344,Acceptable
2023 Jan-Aug,Province,Saskatchewan,Long-term unemployed (people),4103.75,629.140286957535,295.215984005619,0.15330862917028,2845.46942608493,5362.03057391507,217,Marginal
2023 Jan-Aug,Province,Alberta,Unemployed (people),158211,7515.69180335428,3526.64166833105,0.0475042304476571,143179.616393291,173242.383606709,2635,Acceptable
2023 Jan-Aug,Province,British Columbia,Unemployed (people),158766.125,7255.08432987072,3404.35496484284,0.0456966769823898,144255.956340259,173276.293659741,3205,Acceptable
2023 Jan-Aug,Province,Manitoba,Unemployed (people),37876.25,2019.90715173229,947.815439196128,0.0533291218568968,33836.4356965354,41916.0643034646,1970,Acceptable
2023 Jan-Aug,Province,New Brunswick,Unemployed (people),28071.5,1581.10088019898,741.911242748942,0.056324061065457,24909.298239602,31233.701760398,1626,Acceptable
2023 Jan-Aug,Province,Newfoundland and Labrador,Unemployed (people),27129,1411.53721572574,662.345675105609,0.0520305656576261,24305.9255685485,29952.0744314515,1857,Acceptable
2023 Jan-Aug,Province,Nova Scotia,Unemployed (people),34740.5,1984.05913771844,930.994219905081,0.0571108400201046,30772.3817245631,38708.6182754369,1582,Acceptable
2023 Jan-Aug,Province,Ontario,Unemployed (people),477253.375,13794.4378575999,6472.86246065908,0.0289038036820586,449664.4992848,504842.2507152,8752,Acceptable
2023 Jan-Aug,Province,Prince Edward Island,Unemployed (people),7207.625,585.574797128734,274.773438495313,0.0812437935004573,6036.47540574253,8378.77459425747,865,Acceptable
2023 Jan-Aug,Province,Quebec,Unemployed (people),210125.625,9511.47794470059,4463.13863378781,0.0452656735450547,191102.669110599,229148.580889401,3690,Acceptable
2023 Jan-Aug,Province,Saskatchewan,Unemployed (people),30512.375,1687.64784860604,791.907036649246,0.0553102748837493,27137.0793027879,33887.6706972121,1580,Acceptable
2023 Jan-Aug,Age,15 to 24,Unemployment rate,10.7416996740213,0.333803541411316,0.156633016491206,0.0310754863328209,10.0740925911987,11.409306756844,7691,Acceptable
2023 Jan-Aug,Age,25 to 54,Unemployment rate,4.59327695582152,0.107489859715426,0.050438233513819,0.0234015629253953,4.37829723639066,4.80825667525237,14153,Acceptable
2023 Jan-Aug,Age,55 and over,Unemployment rate,4.56546416487004,0.167900722072603,0.0787852533202394,0.0367762654593923,4.22966272072483,4.90126560901525,5918,Acceptable
2023 Jan-Aug,Age,15 to 24,Long-term share of unemployment,8.05182347477127,0.998461969204324,0.468515431043661,0.124004453442478,6.05489953636262,10.0487474131799,596,Acceptable
2023 Jan-Aug,Age,25 to 54,Long-term share of unemployment,15.9596521371495,0.913855648932658,0.428815003953097,0.0572603739153852,14.1319408392842,17.7873634350148,2130,Acceptable
2023 Jan-Aug,Age,55 and over,Long-term share of unemployment,23.4421374539334,1.75096024546032,0.821615564182075,0.0746928580596017,19.9402169630127,26.944057944854,1127,Acceptable
2023 Jan-Aug,Age,15 to 24,Long-term unemployment rate,0.81802453423907,0.104932668932847,0.049238304644505,0.128275699005112,0.608159196373375,1.02788987210476,596,Acceptable
2023 Jan-Aug,Age,25 to 54,Long-term unemployment rate,0.686626009516847,0.0414330844715451,0.0194419417357718,0.0603430162814544,0.603759840573757,0.769492178459938,2130,Acceptable
2023 Jan-Aug,Age,55 and over,Long-term unemployment rate,1.00368824467544,0.0866906973689918,0.0406784942221442,0.086372135799025,0.830306849937453,1.17706963941342,1127,Acceptable
2023 Jan-Aug,Age,15 to 24,Long-term unemployed (people),24867,3195.14760489259,1499.28189908657,0.128489468166348,18476.7047902148,31257.2952097852,596,Acceptable
2023 Jan-Aug,Age,25 to 54,Long-term unemployed (people),95128.125,5736.29025823294,2691.6803902599,0.060300676148436,83655.5444835341,106600.705516466,2130,Acceptable
2023 Jan-Aug,Age,55 and over,Long-term unemployed (people),45504.5,3936.29243959888,1847.05457587156,0.0865033664714233,37631.9151208022,53377.0848791978,1127,Acceptable
2023 Jan-Aug,Age,15 to 24,Unemployed (people),326535.25,10353.3357205144,4858.1695622339,0.0317066403106998,305828.578558971,347241.921441029,7691,Acceptable
2023 Jan-Aug,Age,25 to 54,Unemployed (people),636372.375,14995.9015884013,7036.63385614683,0.0235646646170041,606380.571823197,666364.178176803,14153,Acceptable
2023 Jan-Aug,Age,55 and over,Unemployed (people),206985.75,7664.49340445695,3596.46490489975,0.0370290872896175,191656.763191086,222314.736808914,5918,Acceptable
2023 Jan-Aug,Gender,Men+,Unemployment rate,5.55379660984704,0.132233257412863,0.0620487544903344,0.0238095246733396,5.28933009502132,5.81826312467277,15225,Acceptable
2023 Jan-Aug,Gender,Women+,Unemployment rate,5.35507398173582,0.13803326902195,0.0647703353045291,0.0257761647164409,5.07900744369192,5.63114051977972,12537,Acceptable
2023 Jan-Aug,Gender,Men+,Long-term share of unemployment,16.2729602278496,0.894761499748063,0.419855320147852,0.054984556418737,14.4834372283535,18.0624832273458,2318,Acceptable
2023 Jan-Aug,Gender,Women+,Long-term share of unemployment,13.6408722329637,0.955095231568065,0.448166147442203,0.0700171671764535,11.7306817698276,15.5510626960999,1535,Acceptable
2023 Jan-Aug,Gender,Men+,Long-term unemployment rate,0.854636969533466,0.0509638926249866,0.023914150821274,0.059632211619405,0.752709184283493,0.95656475478344,2318,Acceptable
2023 Jan-Aug,Gender,Women+,Long-term unemployment rate,0.680972873968846,0.0510324780802525,0.0239463336636139,0.0749405446693126,0.578907917808341,0.783037830129351,1535,Acceptable
2023 Jan-Aug,Gender,Men+,Long-term unemployed (people),96359.5,5752.67080738504,2699.36675216795,0.0597000898446447,84854.1583852299,107864.84161477,2318,Acceptable
2023 Jan-Aug,Gender,Women+,Long-term unemployed (people),69140.125,5171.07317156049,2426.45954543732,0.0747912036832517,58797.978656879,79482.271343121,1535,Acceptable
2023 Jan-Aug,Gender,Men+,Unemployed (people),626185.25,15013.0262899046,7044.66940197005,0.0239753751623894,596159.197420191,656211.302579809,15225,Acceptable
2023 Jan-Aug,Gender,Women+,Unemployed (people),543708.125,14168.5516837244,6648.4105595474,0.026059113396042,515371.021632551,572045.228367449,12537,Acceptable
2023 Jan-Aug,Immigrant status,"Immigrant, landed 10 years or less",Unemployment rate,7.5004328459496,0.394898021349768,0.185300815050988,0.052650030932951,6.71063680325006,8.29022888864913,2564,Acceptable
2023 Jan-Aug,Immigrant status,"Immigrant, landed over 10 years",Unemployment rate,4.91885654908848,0.228968260376787,0.10744040986482,0.0465490827170427,4.46092002833491,5.37679306984206,3391,Acceptable
2023 Jan-Aug,Immigrant status,Non-immigrant (incl. non-permanent residents),Unemployment rate,5.35784548043756,0.10444919996107,0.0490114430506786,0.0194946271486238,5.14894708051542,5.5667438803597,21807,Acceptable
2023 Jan-Aug,Immigrant status,"Immigrant, landed 10 years or less",Long-term share of unemployment,12.6590919348287,1.83572873145083,0.86139208544949,0.145012670806207,8.98763447192707,16.3305493977304,324,Acceptable
2023 Jan-Aug,Immigrant status,"Immigrant, landed over 10 years",Long-term share of unemployment,20.5382991175972,1.99059588750502,0.934061505628868,0.0969211654824661,16.5571073425871,24.5194908926072,630,Acceptable
2023 Jan-Aug,Immigrant status,Non-immigrant (incl. non-permanent residents),Long-term share of unemployment,14.1822474614291,0.718288462310438,0.337047618149387,0.050647012348638,12.7456705368082,15.61882438605,2899,Acceptable
2023 Jan-Aug,Immigrant status,"Immigrant, landed 10 years or less",Long-term unemployment rate,0.923912510150349,0.141655143163989,0.0664698531401415,0.153320949340687,0.640602223822371,1.20722279647833,324,Marginal
2023 Jan-Aug,Immigrant status,"Immigrant, landed over 10 years",Long-term unemployment rate,0.960812406668696,0.105797742837823,0.04964422944282,0.11011279840218,0.749216920993049,1.17240789234434,630,Acceptable
2023 Jan-Aug,Immigrant status,Non-immigrant (incl. non-permanent residents),Long-term unemployment rate,0.707628240449338,0.0385586623045898,0.0180931561214076,0.0544899992686914,0.630510915840159,0.784745565058518,2899,Acceptable
2023 Jan-Aug,Immigrant status,"Immigrant, landed 10 years or less",Long-term unemployed (people),16829.25,2583.04751625311,1212.06180887189,0.153485598957358,11663.1549674938,21995.3450325062,324,Marginal
2023 Jan-Aug,Immigrant status,"Immigrant, landed over 10 years",Long-term unemployed (people),37680,4161.54605550049,1952.75193661569,0.110444428224535,29356.907888999,46003.092111001,630,Acceptable
2023 Jan-Aug,Immigrant status,Non-immigrant (incl. non-permanent residents),Long-term unemployed (people),110990.375,6057.67140284087,2842.48435689999,0.0545783488238586,98875.0321943183,123105.717805682,2899,Acceptable
2023 Jan-Aug,Immigrant status,"Immigrant, landed 10 years or less",Unemployed (people),136621.875,7395.44170569347,3470.21585735751,0.0541307291068394,121830.991588613,151412.758411387,2564,Acceptable
2023 Jan-Aug,Immigrant status,"Immigrant, landed over 10 years",Unemployed (people),192901.875,9150.82897956614,4293.90874765598,0.0474377399367743,174600.217040868,211203.532959132,3391,Acceptable
2023 Jan-Aug,Immigrant status,Non-immigrant (incl. non-permanent residents),Unemployed (people),840369.625,16588.6278842348,7784.00017558876,0.0197396804819484,807192.369231531,873546.88076847,21807,Acceptable
2023 Jan-Aug,Education,Bachelor's or above,Unemployment rate,4.13294772411468,0.14454217887895,0.0678245574995986,0.0349731447207966,3.84386336635678,4.42203208187258,6033,Acceptable
2023 Jan-Aug,Education,High school or less,Unemployment rate,8.45619095641,0.215078962567941,0.100923035592677,0.0254344968883308,8.02603303127411,8.88634888154588,11733,Acceptable
2023 Jan-Aug,Education,"Some postsecondary, certificate or diploma",Unemployment rate,4.71054527492176,0.139114148011579,0.0652775238618819,0.0295324935633678,4.4323169788986,4.98877357094492,9996,Acceptable
2023 Jan-Aug,Education,Bachelor's or above,Long-term share of unemployment,18.3596582906818,1.46049818364575,0.685319979282302,0.0795493118947104,15.4386619233903,21.2806546579733,980,Acceptable
2023 Jan-Aug,Education,High school or less,Long-term share of unemployment,13.4873255012269,1.02924821627043,0.482961481328268,0.0763122545071521,11.428829068686,15.5458219337678,1465,Acceptable
2023 Jan-Aug,Education,"Some postsecondary, certificate or diploma",Long-term share of unemployment,14.3473916410579,0.987217973616093,0.463239330799332,0.068808184673162,12.3729556938257,16.3218275882901,1408,Acceptable
2023 Jan-Aug,Education,Bachelor's or above,Long-term unemployment rate,0.71507192877287,0.0626187248529991,0.0293830308722592,0.0875698266612965,0.589834479066872,0.840309378478868,980,Acceptable
2023 Jan-Aug,Education,High school or less,Long-term unemployment rate,1.08318347531726,0.0886102267400924,0.0415792086794197,0.0818053716284205,0.905963021837074,1.26040392879744,1465,Acceptable
2023 Jan-Aug,Education,"Some postsecondary, certificate or diploma",Long-term unemployment rate,0.625461892821717,0.0464549614891383,0.0217983929057857,0.0742730484819159,0.53255196984344,0.718371815799993,1408,Acceptable
2023 Jan-Aug,Education,Bachelor's or above,Long-term unemployed (people),52941.75,4628.01426066109,2171.63613946935,0.0874171001272358,43685.7214786778,62197.7785213222,980,Acceptable
2023 Jan-Aug,Education,High school or less,Long-term unemployed (people),58785.25,4835.70088656848,2269.09041620715,0.0822604460569357,49113.8482268631,68456.651773137,1465,Acceptable
2023 Jan-Aug,Education,"Some postsecondary, certificate or diploma",Long-term unemployed (people),53772.625,3994.34059891472,1874.29292767861,0.0742820459093213,45783.9438021706,61761.3061978294,1408,Acceptable
2023 Jan-Aug,Education,Bachelor's or above,Unemployed (people),305990.875,10849.8848103958,5091.16883316805,0.035458197275967,284291.105379209,327690.644620792,6033,Acceptable
2023 Jan-Aug,Education,High school or less,Unemployed (people),458924.375,12094.0970900811,5674.99943513992,0.0263531373553237,434736.180819838,483112.569180162,11733,Acceptable
2023 Jan-Aug,Education,"Some postsecondary, certificate or diploma",Unemployed (people),404978.125,12079.2912650253,5668.05199225082,0.0298270215583256,380819.54246995,429136.707530051,9996,Acceptable
2023 Jan-Aug,Age x immigrant status,"15 to 24 | Immigrant, landed 10 years or less",Unemployment rate,12.7412440130003,1.3557999215173,0.636191667014461,0.10641032540731,10.0296441699657,15.4528438560349,596,Acceptable
2023 Jan-Aug,Age x immigrant status,"15 to 24 | Immigrant, landed over 10 years",Unemployment rate,12.2866253779069,1.44867629624527,0.679772710741269,0.117906768676303,9.3892727854164,15.1839779703975,525,Acceptable
2023 Jan-Aug,Age x immigrant status,15 to 24 | Non-immigrant (incl. non-permanent residents),Unemployment rate,10.4247877330936,0.352554994006228,0.165431894331492,0.0338189134429125,9.71967774508112,11.129897721106,6570,Acceptable
2023 Jan-Aug,Age x immigrant status,"25 to 54 | Immigrant, landed 10 years or less",Unemployment rate,6.50636798170512,0.41899709115463,0.196608993454992,0.0643980009020061,5.66837379939586,7.34436216401439,1763,Acceptable
2023 Jan-Aug,Age x immigrant status,"25 to 54 | Immigrant, landed over 10 years",Unemployment rate,4.55465963432517,0.274245772629224,0.128686299867461,0.0602121332102255,4.00616808906672,5.10315117958362,1881,Acceptable
2023 Jan-Aug,Age x immigrant status,25 to 54 | Non-immigrant (incl. non-permanent residents),Unemployment rate,4.31245065512516,0.121720452596818,0.0571157561070385,0.0282253554489159,4.06900974993152,4.55589156031879,10509,Acceptable
2023 Jan-Aug,Age x immigrant status,"55 and over | Immigrant, landed 10 years or less",Unemployment rate,10.6474178272858,2.01234309549339,0.944266103138764,0.188998227376447,6.622731636299,14.6721040182726,205,Marginal
2023 Jan-Aug,Age x immigrant status,"55 and over | Immigrant, landed over 10 years",Unemployment rate,4.29448044265209,0.3695169192415,0.173391059485541,0.0860446156819152,3.55544660416909,5.03351428113509,985,Acceptable
2023 Jan-Aug,Age x immigrant status,55 and over | Non-immigrant (incl. non-permanent residents),Unemployment rate,4.5088151656699,0.181838224995704,0.0853252472219527,0.0403294919650333,4.14513871567849,4.8724916156613,4728,Acceptable
2023 Jan-Aug,Age x immigrant status,"15 to 24 | Immigrant, landed 10 years or less",Long-term share of unemployment,7.41103968685627,3.30657410539116,1.55156735063199,0.44616872194808,0.797891476073955,14.0241878976386,37,Suppressed
2023 Jan-Aug,Age x immigrant status,"15 to 24 | Immigrant, landed over 10 years",Long-term share of unemployment,10.6839186691312,4.3337543894965,2.03355848140151,0.4056334125809,2.01640989013825,19.3514274481242,41,Suppressed
2023 Jan-Aug,Age x immigrant status,15 to 24 | Non-immigrant (incl. non-permanent residents),Long-term share of unemployment,7.85158636700586,1.01070063040232,0.47425826532622,0.128725659141892,5.83018510620121,9.8729876278105,518,Acceptable
2023 Jan-Aug,Age x immigrant status,"25 to 54 | Immigrant, landed 10 years or less",Long-term share of unemployment,12.8564016665877,2.26392852496057,1.06231932856612,0.176093481183329,8.32854461666651,17.3842587165088,233,Marginal
2023 Jan-Aug,Age x immigrant status,"25 to 54 | Immigrant, landed over 10 years",Long-term share of unemployment,17.4419177176459,2.3885787815189,1.12080985748198,0.136944733955624,12.6647601546081,22.2190752806837,324,Acceptable
2023 Jan-Aug,Age x immigrant status,25 to 54 | Non-immigrant (incl. non-permanent residents),Long-term share of unemployment,16.3057216666176,1.09752464615394,0.514999317483897,0.0673091733437891,14.1106723743097,18.5007709589254,1573,Acceptable
2023 Jan-Aug,Age x immigrant status,"55 and over | Immigrant, landed 10 years or less",Long-term share of unemployment,27.8862352591418,9.41624168630216,4.41845024501515,0.3376662930223,9.05375188653749,46.7187186317461,54,Marginal
2023 Jan-Aug,Age x immigrant status,"55 and over | Immigrant, landed over 10 years",Long-term share of unemployment,32.2314233836108,4.31227951848411,2.02348167451322,0.133791159861616,23.6068643466426,40.855982420579,265,Acceptable
2023 Jan-Aug,Age x immigrant status,55 and over | Non-immigrant (incl. non-permanent residents),Long-term share of unemployment,19.8614293012221,1.79101888789935,0.84041256668013,0.0901757300915472,16.2793915254234,23.4434670770208,808,Acceptable
2023 Jan-Aug,Age x immigrant status,"15 to 24 | Immigrant, landed 10 years or less",Long-term unemployment rate,0.925044902497434,0.427310908635507,0.200510145327382,0.461935315228325,0.0704230852264203,1.77966671976845,37,Suppressed
2023 Jan-Aug,Age x immigrant status,"15 to 24 | Immigrant, landed over 10 years",Long-term unemployment rate,1.24407131748378,0.534455080422459,0.250786169229007,0.429601641731788,0.175161156638859,2.3129814783287,41,Suppressed
2023 Jan-Aug,Age x immigrant status,15 to 24 | Non-immigrant (incl. non-permanent residents),Long-term unemployment rate,0.770914463234166,0.102827694921678,0.0482505726761408,0.13338405209093,0.565259073390811,0.976569853077521,518,Acceptable
2023 Jan-Aug,Age x immigrant status,"25 to 54 | Immigrant, landed 10 years or less",Long-term unemployment rate,0.812239423399943,0.149248888680175,0.0700331205088395,0.183749870272777,0.513741646039593,1.11073720076029,233,Marginal
2023 Jan-Aug,Age x immigrant status,"25 to 54 | Immigrant, landed over 10 years",Long-term unemployment rate,0.757914517072103,0.113234066658584,0.0531336287066099,0.149402160940284,0.531446383754935,0.984382650389271,324,Acceptable
2023 Jan-Aug,Age x immigrant status,25 to 54 | Non-immigrant (incl. non-permanent residents),Long-term unemployment rate,0.649885530119572,0.0470984142511575,0.0221003248345439,0.0724718616869218,0.555688701617257,0.744082358621887,1573,Acceptable
2023 Jan-Aug,Age x immigrant status,"55 and over | Immigrant, landed 10 years or less",Long-term unemployment rate,2.89055426502764,1.08040513800581,0.506966208575734,0.373770923825046,0.729743989016024,5.05136454103926,54,Suppressed
2023 Jan-Aug,Age x immigrant status,"55 and over | Immigrant, landed over 10 years",Long-term unemployment rate,1.31019378615554,0.220081454929482,0.103270390762276,0.167976262179703,0.870030876296579,1.75035669601451,265,Marginal
2023 Jan-Aug,Age x immigrant status,55 and over | Non-immigrant (incl. non-permanent residents),Long-term unemployment rate,0.83493531299473,0.0825149725075075,0.0387190890632706,0.0988279825074644,0.669905367979715,0.999965258009745,808,Acceptable
2023 Jan-Aug,Age x immigrant status,"15 to 24 | Immigrant, landed 10 years or less",Long-term unemployed (people),2163.125,1005.01353821842,471.58967049927,0.464611863955353,153.097923563155,4173.15207643685,37,Suppressed
2023 Jan-Aug,Age x immigrant status,"15 to 24 | Immigrant, landed over 10 years",Long-term unemployed (people),2817.75,1218.44578204333,571.74000451142,0.432417986706887,380.85843591334,5254.64156408666,41,Suppressed
2023 Jan-Aug,Age x immigrant status,15 to 24 | Non-immigrant (incl. non-permanent residents),Long-term unemployed (people),19886.125,2652.626856071,1244.71101874865,0.133390836881041,14580.871287858,25191.378712142,518,Acceptable
2023 Jan-Aug,Age x immigrant status,"25 to 54 | Immigrant, landed 10 years or less",Long-term unemployed (people),12203.875,2240.29084542934,1051.22765161094,0.183572090457281,7723.29330914131,16684.4566908587,233,Marginal
2023 Jan-Aug,Age x immigrant status,"25 to 54 | Immigrant, landed over 10 years",Long-term unemployed (people),18597.75,2783.34533953431,1306.04898505496,0.149660326627378,13031.0593209314,24164.4406790686,324,Acceptable
2023 Jan-Aug,Age x immigrant status,25 to 54 | Non-immigrant (incl. non-permanent residents),Long-term unemployed (people),64326.5,4675.39023239311,2193.86670458023,0.0726821796987728,54975.7195352138,73677.2804647862,1573,Acceptable
2023 Jan-Aug,Age x immigrant status,"55 and over | Immigrant, landed 10 years or less",Long-term unemployed (people),2462.25,936.28367301902,439.339065656372,0.380255324609207,589.682653961959,4334.81734603804,54,Suppressed
2023 Jan-Aug,Age x immigrant status,"55 and over | Immigrant, landed over 10 years",Long-term unemployed (people),16264.5,2744.26959096455,1287.71319285738,0.168727571764551,10775.9608180709,21753.0391819291,265,Marginal
2023 Jan-Aug,Age x immigrant status,55 and over | Non-immigrant (incl. non-permanent residents),Long-term unemployed (people),26777.75,2651.09267276473,1243.99112297374,0.0990035635094334,21475.5646544705,32079.9353455295,808,Acceptable
2023 Jan-Aug,Age x immigrant status,"15 to 24 | Immigrant, landed 10 years or less",Unemployed (people),29794.125,3319.07589038226,1557.43365236864,0.111400347900207,23155.9732192355,36432.2767807645,596,Acceptable
2023 Jan-Aug,Age x immigrant status,"15 to 24 | Immigrant, landed over 10 years",Unemployed (people),27828.5,3474.93447939034,1630.56828970406,0.124869629314923,20878.6310412193,34778.3689587807,525,Acceptable
2023 Jan-Aug,Age x immigrant status,15 to 24 | Non-immigrant (incl. non-permanent residents),Unemployed (people),268912.625,9393.22021901547,4407.64771772642,0.0349303801523468,250126.184561969,287699.065438031,6570,Acceptable
2023 Jan-Aug,Age x immigrant status,"25 to 54 | Immigrant, landed 10 years or less",Unemployed (people),97758,6418.91329020375,3011.99246415792,0.0656612583134245,84920.1734195925,110595.826580408,1763,Acceptable
2023 Jan-Aug,Age x immigrant status,"25 to 54 | Immigrant, landed over 10 years",Unemployed (people),111762.5,6862.11236069185,3219.95792498899,0.0613990592613072,98038.2752786163,125486.724721384,1881,Acceptable
2023 Jan-Aug,Age x immigrant status,25 to 54 | Non-immigrant (incl. non-permanent residents),Unemployed (people),426851.875,12178.9245371316,5714.80362312604,0.0285319691687698,402494.025925737,451209.724074263,10509,Acceptable
2023 Jan-Aug,Age x immigrant status,"55 and over | Immigrant, landed 10 years or less",Unemployed (people),9069.75,1830.64088420006,859.004678596452,0.201840280514905,5408.46823159988,12731.0317684001,205,Marginal
2023 Jan-Aug,Age x immigrant status,"55 and over | Immigrant, landed over 10 years",Unemployed (people),53310.875,4685.04241315721,2198.39586620149,0.0878815516188248,43940.7901736856,62680.9598263144,985,Acceptable
2023 Jan-Aug,Age x immigrant status,55 and over | Non-immigrant (incl. non-permanent residents),Unemployed (people),144605.125,5924.66098924612,2780.07093187159,0.0409713071320682,132755.803021508,156454.446978492,4728,Acceptable
2023 Jan-Aug,Province x age,Alberta | 15 to 24,Unemployment rate,11.8738668552509,1.03369532745303,0.485048231026183,0.0870563347268716,9.80647620034487,13.941257510157,736,Acceptable
2023 Jan-Aug,Province x age,Alberta | 25 to 54,Unemployment rate,5.29203126914131,0.332450438580954,0.155998090399511,0.0628209512894464,4.62713039197941,5.95693214630322,1463,Acceptable
2023 Jan-Aug,Province x age,Alberta | 55 and over,Unemployment rate,4.82900708605914,0.587270575303387,0.27556916058284,0.121613111109068,3.65446593545236,6.00354823666591,436,Acceptable
2023 Jan-Aug,Province x age,British Columbia | 15 to 24,Unemployment rate,10.2259129636794,0.895445861756667,0.420176448214159,0.0875663488372266,8.43502124016605,12.0168046871927,847,Acceptable
2023 Jan-Aug,Province x age,British Columbia | 25 to 54,Unemployment rate,4.54311612259797,0.290583110633362,0.136352385500361,0.0639611893669125,3.96194990133124,5.12428234386469,1677,Acceptable
2023 Jan-Aug,Province x age,British Columbia | 55 and over,Unemployment rate,4.56564283430833,0.467985668588364,0.219596253040725,0.102501594095733,3.6296714971316,5.50161417148505,681,Acceptable
2023 Jan-Aug,Province x age,Manitoba | 15 to 24,Unemployment rate,9.22876594143281,0.851911507030868,0.399748512450296,0.0923104467528195,7.52494292737108,10.9325889554945,626,Acceptable
2023 Jan-Aug,Province x age,Manitoba | 25 to 54,Unemployment rate,4.4562648910267,0.324617495626371,0.152322582710789,0.0728451973939055,3.80702989977396,5.10549988227944,1028,Acceptable
2023 Jan-Aug,Province x age,Manitoba | 55 and over,Unemployment rate,3.67435089542018,0.490401912628487,0.230114787108885,0.133466271073821,2.69354707016321,4.65515472067715,316,Acceptable
2023 Jan-Aug,Province x age,New Brunswick | 15 to 24,Unemployment rate,11.4694044628405,1.36923300907916,0.642494970498626,0.119381351796888,8.73093844468216,14.2078704809988,364,Acceptable
2023 Jan-Aug,Province x age,New Brunswick | 25 to 54,Unemployment rate,5.17178750250642,0.443189016503273,0.20796074312807,0.0856935858807984,4.28540946949987,6.05816553551296,732,Acceptable
2023 Jan-Aug,Province x age,New Brunswick | 55 and over,Unemployment rate,8.06061948498164,0.758716729460275,0.356018062286731,0.0941263547887229,6.54318602606109,9.57805294390218,530,Acceptable
2023 Jan-Aug,Province x age,Newfoundland and Labrador | 15 to 24,Unemployment rate,16.0511528632826,1.74154939021589,0.8171996414556,0.108499956672877,12.5680540828508,19.5342516437144,411,Acceptable
2023 Jan-Aug,Province x age,Newfoundland and Labrador | 25 to 54,Unemployment rate,7.92919438632784,0.57227846151551,0.268534304103349,0.0721735946469264,6.78463746329682,9.07375130935886,901,Acceptable
2023 Jan-Aug,Province x age,Newfoundland and Labrador | 55 and over,Unemployment rate,13.2255651627956,1.21602256537189,0.570602941269809,0.0919448469992535,10.7935200320518,15.6576102935394,545,Acceptable
2023 Jan-Aug,Province x age,Nova Scotia | 15 to 24,Unemployment rate,11.8673479067242,1.33321377923441,0.6255934103821,0.112343026404324,9.20092034825537,14.533775465193,383,Acceptable
2023 Jan-Aug,Province x age,Nova Scotia | 25 to 54,Unemployment rate,5.39213867788879,0.417201560459731,0.195766463780935,0.0773721866929208,4.55773555696933,6.22654179880825,812,Acceptable
2023 Jan-Aug,Province x age,Nova Scotia | 55 and over,Unemployment rate,6.03380928010746,0.67524794664407,0.316851410009542,0.111910720955377,4.68331338681932,7.3843051733956,387,Acceptable
2023 Jan-Aug,Province x age,Ontario | 15 to 24,Unemployment rate,12.4283208007696,0.602275728794,0.282610135775048,0.0484599439014081,11.2237693431816,13.6328722583576,2797,Acceptable
2023 Jan-Aug,Province x age,Ontario | 25 to 54,Unemployment rate,4.6597455339303,0.178201751631035,0.0836188788889809,0.0382428075381896,4.30334203066823,5.01614903719237,4476,Acceptable
2023 Jan-Aug,Province x age,Ontario | 55 and over,Unemployment rate,4.00062939183095,0.277996663760695,0.130446357265199,0.0694882321087646,3.44463606430956,4.55662271935234,1479,Acceptable
2023 Jan-Aug,Province x age,Prince Edward Island | 15 to 24,Unemployment rate,12.3992158598666,1.93069088332793,0.905951853264174,0.155710724383559,8.5378340932107,16.2605976265224,195,Marginal
2023 Jan-Aug,Province x age,Prince Edward Island | 25 to 54,Unemployment rate,6.17300546977958,0.721153584867589,0.338392040041516,0.116823739813297,4.7306983000444,7.61531263951476,395,Acceptable
2023 Jan-Aug,Province x age,Prince Edward Island | 55 and over,Unemployment rate,7.68582987038005,1.05833615656816,0.496610623015279,0.137699659557495,5.56915755724374,9.80250218351636,275,Acceptable
2023 Jan-Aug,Province x age,Quebec | 15 to 24,Unemployment rate,7.2933153467314,0.648648118951352,0.304369783145904,0.0889373471616105,5.9960191088287,8.5906115846341,922,Acceptable
2023 Jan-Aug,Province x age,Quebec | 25 to 54,Unemployment rate,3.81201081886799,0.249994784996179,0.117306835977429,0.0655808172838336,3.31202124887563,4.31200038886035,1783,Acceptable
2023 Jan-Aug,Province x age,Quebec | 55 and over,Unemployment rate,4.51796905675769,0.400961856666274,0.188146191745059,0.0887482520639536,3.71604534342514,5.31989277009024,985,Acceptable
2023 Jan-Aug,Province x age,Saskatchewan | 15 to 24,Unemployment rate,9.44832473488306,0.995365277106477,0.467062348124351,0.105348334761569,7.45759418067011,11.439055289096,410,Acceptable
2023 Jan-Aug,Province x age,Saskatchewan | 25 to 54,Unemployment rate,4.33978197843274,0.319531400048665,0.149935997807794,0.0736284453082271,3.70071917833541,4.97884477853007,886,Acceptable
2023 Jan-Aug,Province x age,Saskatchewan | 55 and over,Unemployment rate,3.83826348530426,0.502864751481206,0.235962813871249,0.131013608994418,2.83253398234185,4.84399298826667,284,Acceptable
2023 Jan-Aug,Province x age,Alberta | 15 to 24,Long-term share of unemployment,9.76814148535311,2.77580904351987,1.30251267512571,0.284169618927211,4.21652339831336,15.3197595723929,66,Marginal
2023 Jan-Aug,Province x age,Alberta | 25 to 54,Long-term share of unemployment,16.2270706790632,2.4306729526568,1.1405620056292,0.149791234704669,11.3657247737496,21.0884165843768,231,Acceptable
2023 Jan-Aug,Province x age,Alberta | 55 and over,Long-term share of unemployment,22.1886524670186,5.11088628159696,2.39821762179459,0.230337839992484,11.9668799038247,32.4104250302125,87,Marginal
2023 Jan-Aug,Province x age,British Columbia | 15 to 24,Long-term share of unemployment,7.45294879916139,2.28538103653308,1.07238564357497,0.30664118298924,2.88218672609522,12.0237108722276,66,Marginal
2023 Jan-Aug,Province x age,British Columbia | 25 to 54,Long-term share of unemployment,15.647713337122,2.36654208009329,1.1104694189018,0.151238844239241,10.9146291769354,20.3807974973086,247,Marginal
2023 Jan-Aug,Province x age,British Columbia | 55 and over,Long-term share of unemployment,26.4964373215851,4.87869065483643,2.28926281178329,0.184126288210908,16.7390560119122,36.253818631258,158,Marginal
2023 Jan-Aug,Province x age,Manitoba | 15 to 24,Long-term share of unemployment,9.31425029582465,2.57536333647061,1.20845610638742,0.276497115138197,4.16352362288343,14.4649769687659,65,Marginal
2023 Jan-Aug,Province x age,Manitoba | 25 to 54,Long-term share of unemployment,15.6793769268214,2.94331724378997,1.38111374264101,0.187719018270113,9.79274243924142,21.5660114144013,143,Marginal
2023 Jan-Aug,Province x age,Manitoba | 55 and over,Long-term share of unemployment,27.7262645966384,5.99281336920977,2.81205055919858,0.216142111329932,15.7406378582189,39.711891335058,85,Marginal
2023 Jan-Aug,Province x age,New Brunswick | 15 to 24,Long-term share of unemployment,8.80517332130235,3.29776921974448,1.54743577134176,0.374526326672773,2.2096348818134,15.4007117607913,35,Suppressed
2023 Jan-Aug,Province x age,New Brunswick | 25 to 54,Long-term share of unemployment,12.06129611492,2.96459362404925,1.39109741029755,0.245793950816115,6.13210886682151,17.9904833630185,83,Marginal
2023 Jan-Aug,Province x age,New Brunswick | 55 and over,Long-term share of unemployment,13.5370208984809,3.65566609646982,1.71537427540094,0.270049527431849,6.22568870554124,20.8483530914205,66,Marginal
2023 Jan-Aug,Province x age,Newfoundland and Labrador | 15 to 24,Long-term share of unemployment,14.0153712296984,4.26158518251763,1.99969400968535,0.304065094864372,5.49220086466311,22.5385415947336,55,Marginal
2023 Jan-Aug,Province x age,Newfoundland and Labrador | 25 to 54,Long-term share of unemployment,21.5750710610015,3.55599456973832,1.6686046940351,0.164819599420279,14.4630819215249,28.6870602004781,160,Marginal
2023 Jan-Aug,Province x age,Newfoundland and Labrador | 55 and over,Long-term share of unemployment,17.4228380004553,4.05674147457697,1.90357373562135,0.23284045196718,9.30935505130138,25.5363209496093,81,Marginal
2023 Jan-Aug,Province x age,Nova Scotia | 15 to 24,Long-term share of unemployment,8.35306977591547,3.64178804955944,1.70886218046812,0.435981997906908,1.0694936767966,15.6366458750343,27,Suppressed
2023 Jan-Aug,Province x age,Nova Scotia | 25 to 54,Long-term share of unemployment,14.8020627470356,2.9262368938281,1.37309900820787,0.197691155877186,8.94958895937938,20.6545365346918,114,Marginal
2023 Jan-Aug,Province x age,Nova Scotia | 55 and over,Long-term share of unemployment,21.1554831114733,4.83079170413822,2.26678684552211,0.228347028459885,11.4938997031969,30.8170665197498,76,Marginal
2023 Jan-Aug,Province x age,Ontario | 15 to 24,Long-term share of unemployment,8.38228921615879,1.64580950442094,0.772274932007686,0.196343679152499,5.09067020731691,11.6739082250007,206,Marginal
2023 Jan-Aug,Province x age,Ontario | 25 to 54,Long-term share of unemployment,17.9589050016694,1.62494690232189,0.762485424428428,0.0904814019658126,14.7090111970256,21.2087988063132,795,Acceptable
2023 Jan-Aug,Province x age,Ontario | 55 and over,Long-term share of unemployment,28.864174608992,3.47511649266921,1.63065369709306,0.120395491634346,21.9139416236536,35.8144075943304,344,Acceptable
2023 Jan-Aug,Province x age,Prince Edward Island | 15 to 24,Long-term share of unemployment,8.12204251712691,5.80909825756906,2.72584460706985,0.715226280251481,-3.49615399801121,19.740239032265,12,Suppressed
2023 Jan-Aug,Province x age,Prince Edward Island | 25 to 54,Long-term share of unemployment,17.6900955764188,5.18617284215187,2.43354487156283,0.293168164058147,7.31774989211512,28.0624412607226,53,Marginal
2023 Jan-Aug,Province x age,Prince Edward Island | 55 and over,Long-term share of unemployment,11.9434174570005,4.35769185911008,2.0447908309952,0.364861387019163,3.22803373878032,20.6588011752206,37,Suppressed
2023 Jan-Aug,Province x age,Quebec | 15 to 24,Long-term share of unemployment,4.5212917002692,2.14705162629814,1.00747634781692,0.474875714426986,0.227188447672924,8.81539495286548,29,Suppressed
2023 Jan-Aug,Province x age,Quebec | 25 to 54,Long-term share of unemployment,11.3838424024489,2.34191201288281,1.09891207679798,0.205722455572559,6.70001837668329,16.0676664282145,168,Marginal
2023 Jan-Aug,Province x age,Quebec | 55 and over,Long-term share of unemployment,17.3541822656382,3.54310921333429,1.66255840634866,0.204164573075261,10.2679638389696,24.4404006923067,147,Marginal
2023 Jan-Aug,Province x age,Saskatchewan | 15 to 24,Long-term share of unemployment,9.06631858713259,3.31472533310002,1.55539220934603,0.365608741987565,2.43686792093255,15.6957692533326,35,Suppressed
2023 Jan-Aug,Province x age,Saskatchewan | 25 to 54,Long-term share of unemployment,16.2313551759306,2.85331883562991,1.33888314769311,0.17579054889151,10.5247175046708,21.9379928471905,136,Marginal
2023 Jan-Aug,Province x age,Saskatchewan | 55 and over,Long-term share of unemployment,17.963718334049,5.40904075340205,2.53812277109805,0.301109194255713,7.14563682724485,28.7817998408531,46,Marginal
2023 Jan-Aug,Province x age,Alberta | 15 to 24,Long-term unemployment rate,1.12705280862121,0.335647510667325,0.157498275336767,0.297809923456863,0.45575778728656,1.79834782995586,66,Marginal
2023 Jan-Aug,Province x age,Alberta | 25 to 54,Long-term unemployment rate,0.812586047774983,0.132535510383541,0.0621905828074953,0.163103354711108,0.547515027007901,1.07765706854206,231,Marginal
2023 Jan-Aug,Province x age,Alberta | 55 and over,Long-term unemployment rate,1.02083771316919,0.266353944959562,0.124983161283905,0.260917030712617,0.488129823250063,1.55354560308831,87,Marginal
2023 Jan-Aug,Province x age,British Columbia | 15 to 24,Long-term unemployment rate,0.719072037814416,0.226870833694307,0.106456219383326,0.315505014468189,0.265330370425801,1.17281370520303,66,Marginal
2023 Jan-Aug,Province x age,British Columbia | 25 to 54,Long-term unemployment rate,0.667748670964433,0.109594562316452,0.051425838126466,0.164125466784028,0.448559546331529,0.886937795597337,247,Marginal
2023 Jan-Aug,Province x age,British Columbia | 55 and over,Long-term unemployment rate,1.1768983676176,0.254670321966767,0.119500771537019,0.216391091171531,0.66755772368407,1.68623901155114,158,Marginal
2023 Jan-Aug,Province x age,Manitoba | 15 to 24,Long-term unemployment rate,0.827222992895791,0.235183969329451,0.11035705130838,0.284305406582284,0.356855054236888,1.29759093155469,65,Marginal
2023 Jan-Aug,Province x age,Manitoba | 25 to 54,Long-term unemployment rate,0.63861075857431,0.129392380458845,0.0607157095354879,0.202615409655345,0.379825997656621,0.897395519492,143,Marginal
2023 Jan-Aug,Province x age,Manitoba | 55 and over,Long-term unemployment rate,0.902859897479806,0.220731671772804,0.103575496649147,0.244480536115229,0.461396553934199,1.34432324102541,85,Marginal
2023 Jan-Aug,Province x age,New Brunswick | 15 to 24,Long-term unemployment rate,0.973272410303722,0.372401386099311,0.174744558441836,0.382628113318345,0.228469638105099,1.71807518250234,35,Suppressed
2023 Jan-Aug,Province x age,New Brunswick | 25 to 54,Long-term unemployment rate,0.572576575215213,0.149558884157071,0.0701785818974144,0.26120328813811,0.27345880690107,0.871694343529356,83,Marginal
2023 Jan-Aug,Province x age,New Brunswick | 55 and over,Long-term unemployment rate,1.02019790963741,0.296678169176129,0.139212413291581,0.290804525645002,0.426841571285149,1.61355424798966,66,Marginal
2023 Jan-Aug,Province x age,Newfoundland and Labrador | 15 to 24,Long-term unemployment rate,2.10499186897433,0.670393334354505,0.314573445660827,0.318477873589677,0.764205200265319,3.44577853768334,55,Marginal
2023 Jan-Aug,Province x age,Newfoundland and Labrador | 25 to 54,Long-term unemployment rate,1.54833249792031,0.281149192214862,0.131925640676223,0.181581922870246,0.98603411349059,2.11063088235004,160,Marginal
2023 Jan-Aug,Province x age,Newfoundland and Labrador | 55 and over,Long-term unemployment rate,2.07617150409072,0.525078644568753,0.246386397358724,0.252907162791793,1.02601421495322,3.12632879322823,81,Marginal
2023 Jan-Aug,Province x age,Nova Scotia | 15 to 24,Long-term unemployment rate,0.89985182374549,0.408915424337161,0.191878301029733,0.454425288193689,0.0820209750711675,1.71768267241981,27,Suppressed
2023 Jan-Aug,Province x age,Nova Scotia | 25 to 54,Long-term unemployment rate,0.711299927141282,0.151539486382462,0.0711079540056925,0.213045834253772,0.408220954376358,1.01437889990621,114,Marginal
2023 Jan-Aug,Province x age,Nova Scotia | 55 and over,Long-term unemployment rate,1.17446678443844,0.298308481869968,0.139977416544633,0.253994822009888,0.577849820698506,1.77108374817838,76,Marginal
2023 Jan-Aug,Province x age,Ontario | 15 to 24,Long-term unemployment rate,0.991247333081943,0.201948971657883,0.0947619563121838,0.203732171495475,0.587349389766177,1.39514527639771,206,Marginal
2023 Jan-Aug,Province x age,Ontario | 25 to 54,Long-term unemployment rate,0.795869262735437,0.0757673395775492,0.0355528491380553,0.0952007360067325,0.644334583580339,0.947403941890536,795,Acceptable
2023 Jan-Aug,Province x age,Ontario | 55 and over,Long-term unemployment rate,1.08260279339725,0.157017464640505,0.0736784248137697,0.145037003043174,0.768567864116236,1.39663772267826,344,Acceptable
2023 Jan-Aug,Province x age,Prince Edward Island | 15 to 24,Long-term unemployment rate,0.909033420811332,0.670345932378244,0.314551202893425,0.737427158376582,-0.431658443945157,2.24972528556782,12,Suppressed
2023 Jan-Aug,Province x age,Prince Edward Island | 25 to 54,Long-term unemployment rate,0.92184077255678,0.297720417101343,0.139701474719054,0.322962951915869,0.326399938354094,1.51728160675947,53,Marginal
2023 Jan-Aug,Province x age,Prince Edward Island | 55 and over,Long-term unemployment rate,0.81789911109888,0.317414029054141,0.148942448714512,0.388084575159499,0.183071052990599,1.45272716920716,37,Suppressed
2023 Jan-Aug,Province x age,Quebec | 15 to 24,Long-term unemployment rate,0.3006116262802,0.143789021907293,0.0674711482821196,0.478321559570246,0.0130335824656134,0.588189670094787,29,Suppressed
2023 Jan-Aug,Province x age,Quebec | 25 to 54,Long-term unemployment rate,0.397981437685812,0.0872204980395264,0.0409270963694253,0.219157201267219,0.223540441606759,0.572422433764864,168,Marginal
2023 Jan-Aug,Province x age,Quebec | 55 and over,Long-term unemployment rate,0.728051939355385,0.162611063225204,0.0763031489723511,0.223350910058944,0.402829812904977,1.05327406580579,147,Marginal
2023 Jan-Aug,Province x age,Saskatchewan | 15 to 24,Long-term unemployment rate,0.805798957004021,0.306009389391631,0.143590968305463,0.379758979248845,0.193780178220759,1.41781773578728,35,Suppressed
2023 Jan-Aug,Province x age,Saskatchewan | 25 to 54,Long-term unemployment rate,0.650151854230152,0.123038202222043,0.0577340931621417,0.189245330027911,0.404075449786065,0.896228258674239,136,Marginal
2023 Jan-Aug,Province x age,Saskatchewan | 55 and over,Long-term unemployment rate,0.634011986937118,0.21149619509656,0.0992418680590544,0.333583906068225,0.211019596743998,1.05700437713024,46,Marginal
2023 Jan-Aug,Province x age,Alberta | 15 to 24,Long-term unemployed (people),4018.125,1198.81791951312,562.529882586462,0.298352569796391,1620.48916097375,6415.76083902625,66,Marginal
2023 Jan-Aug,Province x age,Alberta | 25 to 54,Long-term unemployed (people),14045.625,2291.42104114815,1075.21983801904,0.163141265778358,9462.7829177037,18628.4670822963,231,Marginal
2023 Jan-Aug,Province x age,Alberta | 55 and over,Long-term unemployed (people),5159.25,1346.54267456652,631.847823003177,0.260995818106608,2466.16465086696,7852.33534913304,87,Marginal
2023 Jan-Aug,Province x age,British Columbia | 15 to 24,Long-term unemployed (people),2897.25,914.871506169043,429.291681889427,0.315772372480471,1067.50698766191,4726.99301233809,66,Marginal
2023 Jan-Aug,Province x age,British Columbia | 25 to 54,Long-term unemployed (people),13078.75,2147.31574604411,1007.60028260908,0.164183560817671,8784.11850791177,17373.3814920882,247,Marginal
2023 Jan-Aug,Province x age,British Columbia | 55 and over,Long-term unemployed (people),7367.5,1594.12345086173,748.02191646065,0.216372372020595,4179.25309827654,10555.7469017235,158,Marginal
2023 Jan-Aug,Province x age,Manitoba | 15 to 24,Long-term unemployed (people),1033.125,293.958847789221,137.936406722449,0.284533669971418,445.207304421559,1621.04269557844,65,Marginal
2023 Jan-Aug,Province x age,Manitoba | 25 to 54,Long-term unemployed (people),3019.75,611.738535222496,287.050435926152,0.202579198682837,1796.27292955501,4243.22707044499,143,Marginal
2023 Jan-Aug,Province x age,Manitoba | 55 and over,Long-term unemployed (people),1297,318.111797283607,149.26986747745,0.245267384181656,660.776405432786,1933.22359456721,85,Marginal
2023 Jan-Aug,Province x age,New Brunswick | 15 to 24,Long-term unemployed (people),585.5,224.02888588713,105.122671944414,0.382628327732076,137.442228225739,1033.55777177426,35,Suppressed
2023 Jan-Aug,Province x age,New Brunswick | 25 to 54,Long-term unemployed (people),1477.75,386.218885232284,181.228242109216,0.261356038052637,705.312229535431,2250.18777046457,83,Marginal
2023 Jan-Aug,Province x age,New Brunswick | 55 and over,Long-term unemployed (people),990.25,288.870540327718,135.548783921444,0.291714759230213,412.508919344564,1567.99108065544,66,Marginal
2023 Jan-Aug,Province x age,Newfoundland and Labrador | 15 to 24,Long-term unemployed (people),724.875,233.760918371543,109.689302957911,0.322484453694145,257.353163256914,1192.39683674309,55,Marginal
2023 Jan-Aug,Province x age,Newfoundland and Labrador | 25 to 54,Long-term unemployed (people),2552.25,463.037593758794,217.27443259777,0.181423290727317,1626.17481248241,3478.32518751759,160,Marginal
2023 Jan-Aug,Province x age,Newfoundland and Labrador | 55 and over,Long-term unemployed (people),1339.25,340.78609995531,159.909492237833,0.254460406910816,657.677800089379,2020.82219991062,81,Marginal
2023 Jan-Aug,Province x age,Nova Scotia | 15 to 24,Long-term unemployed (people),687.75,313.002653525447,146.872467512355,0.455111092003557,61.7446929491069,1313.75530705089,27,Suppressed
2023 Jan-Aug,Province x age,Nova Scotia | 25 to 54,Long-term unemployed (people),2396.75,510.192983922902,239.401492646311,0.212868669624659,1376.3640321542,3417.13596784581,114,Marginal
2023 Jan-Aug,Province x age,Nova Scotia | 55 and over,Long-term unemployed (people),1460.125,372.574553033375,174.825814797369,0.255166203601319,714.975893933249,2205.27410606675,76,Marginal
2023 Jan-Aug,Province x age,Ontario | 15 to 24,Long-term unemployed (people),12065.75,2465.82117633839,1157.0548573116,0.204365346235285,7134.10764732321,16997.3923526768,206,Marginal
2023 Jan-Aug,Province x age,Ontario | 25 to 54,Long-term unemployed (people),43434.375,4136.04697735385,1940.78682231233,0.0952251984137876,35162.2810452923,51706.4689547077,795,Acceptable
2023 Jan-Aug,Province x age,Ontario | 55 and over,Long-term unemployed (people),19393.875,2821.32841270452,1323.87205338162,0.145475229303299,13751.218174591,25036.531825409,344,Acceptable
2023 Jan-Aug,Province x age,Prince Edward Island | 15 to 24,Long-term unemployed (people),143.75,106.059321753946,49.7669719832662,0.737803977418755,-68.3686435078919,355.868643507892,12,Suppressed
2023 Jan-Aug,Province x age,Prince Edward Island | 25 to 54,Long-term unemployed (people),522.875,168.727741181257,79.1733213950617,0.322692309215888,185.419517637485,860.330482362515,53,Marginal
2023 Jan-Aug,Province x age,Prince Edward Island | 55 and over,Long-term unemployed (people),185.75,72.4576741396969,33.9998312194445,0.390081691196215,40.8346517206063,330.665348279394,37,Suppressed
2023 Jan-Aug,Province x age,Quebec | 15 to 24,Long-term unemployed (people),1990.25,953.928261265605,447.61856164411,0.479300721650851,82.3934774687896,3898.10652253121,29,Suppressed
2023 Jan-Aug,Province x age,Quebec | 25 to 54,Long-term unemployed (people),12053.625,2642.32004892339,1239.87468212053,0.219213726071899,6768.98490215322,17338.2650978468,168,Marginal
2023 Jan-Aug,Province x age,Quebec | 55 and over,Long-term unemployed (people),7474.75,1679.72560000572,788.18962343543,0.224719970568343,4115.29879998855,10834.2012000114,147,Marginal
2023 Jan-Aug,Province x age,Saskatchewan | 15 to 24,Long-term unemployed (people),720.625,274.01080506876,128.576044363228,0.380240492723344,172.60338986248,1268.64661013752,35,Suppressed
2023 Jan-Aug,Province x age,Saskatchewan | 25 to 54,Long-term unemployed (people),2546.375,480.85150195002,225.633379790756,0.188837662147178,1584.67199609996,3508.07800390004,136,Marginal
2023 Jan-Aug,Province x age,Saskatchewan | 55 and over,Long-term unemployed (people),836.75,277.987183161553,130.441908616046,0.33222250751306,280.775633676894,1392.72436632311,46,Marginal
2023 Jan-Aug,Province x age,Alberta | 15 to 24,Unemployed (people),42332.25,3771.57106234612,1769.76118919687,0.0890945097968126,34789.1078753078,49875.3921246922,736,Acceptable
2023 Jan-Aug,Province x age,Alberta | 25 to 54,Unemployed (people),91473.25,5754.12815564685,2700.05059408694,0.0629050367801171,79964.9936887063,102981.506311294,1463,Acceptable
2023 Jan-Aug,Province x age,Alberta | 55 and over,Unemployed (people),24405.5,2984.35274548235,1400.36912377368,0.122281975189296,18436.7945090353,30374.2054909647,436,Acceptable
2023 Jan-Aug,Province x age,British Columbia | 15 to 24,Unemployed (people),41201.75,3693.55879550185,1733.15493682617,0.0896456775622843,33814.6324089963,48588.8675910037,847,Acceptable
2023 Jan-Aug,Province x age,British Columbia | 25 to 54,Unemployed (people),88983,5707.17136595785,2678.01672475579,0.0641377720009198,77568.6572680843,100397.342731916,1677,Acceptable
2023 Jan-Aug,Province x age,British Columbia | 55 and over,Unemployed (people),28581.375,2939.24381996126,1379.20234092538,0.102837733312735,22702.8873600775,34459.8626399225,681,Acceptable
2023 Jan-Aug,Province x age,Manitoba | 15 to 24,Unemployed (people),11525.875,1079.38640211271,506.488179866784,0.0936489769421159,9367.10219577458,13684.6478042254,626,Acceptable
2023 Jan-Aug,Province x age,Manitoba | 25 to 54,Unemployed (people),21072,1535.3382114003,720.437699279876,0.0728615324316772,18001.3235771994,24142.6764228006,1028,Acceptable
2023 Jan-Aug,Province x age,Manitoba | 55 and over,Unemployed (people),5278.375,708.80759791103,332.598844527799,0.134285191543047,3860.75980417794,6695.99019582206,316,Acceptable
2023 Jan-Aug,Province x age,New Brunswick | 15 to 24,Unemployed (people),6899.75,828.455715453116,388.74218407679,0.120070396094513,5242.83856909377,8556.66143090623,364,Acceptable
2023 Jan-Aug,Province x age,New Brunswick | 25 to 54,Unemployed (people),13347.75,1147.81023198249,538.595181569259,0.0859927876969896,11052.129536035,15643.370463965,732,Acceptable
2023 Jan-Aug,Province x age,New Brunswick | 55 and over,Unemployed (people),7824,755.73685476637,354.619794431038,0.0965921337891577,6312.52629046726,9335.47370953274,530,Acceptable
2023 Jan-Aug,Province x age,Newfoundland and Labrador | 15 to 24,Unemployed (people),5527.375,630.560500442795,295.882400908559,0.114079558640909,4266.25399911441,6788.49600088559,411,Acceptable
2023 Jan-Aug,Province x age,Newfoundland and Labrador | 25 to 54,Unemployed (people),13070.375,948.06653492746,444.868021987438,0.0725355267104012,11174.2419301451,14966.5080698549,901,Acceptable
2023 Jan-Aug,Province x age,Newfoundland and Labrador | 55 and over,Unemployed (people),8531.25,817.475968025799,383.590078881677,0.0958213588894709,6896.2980639484,10166.2019360516,545,Acceptable
2023 Jan-Aug,Province x age,Nova Scotia | 15 to 24,Unemployed (people),9070.125,1043.21085241244,489.513268669548,0.115016149437019,6983.70329517511,11156.5467048249,383,Acceptable
2023 Jan-Aug,Province x age,Nova Scotia | 25 to 54,Unemployed (people),18169,1408.32144581669,660.83671645566,0.077512325709543,15352.3571083666,20985.6428916334,812,Acceptable
2023 Jan-Aug,Province x age,Nova Scotia | 55 and over,Unemployed (people),7501.375,854.394812523625,400.913771598103,0.113898426958208,5792.58537495275,9210.16462504725,387,Acceptable
2023 Jan-Aug,Province x age,Ontario | 15 to 24,Unemployed (people),151281.125,7567.93848136532,3551.15774968811,0.0500256623644577,136145.248037269,166417.001962731,2797,Acceptable
2023 Jan-Aug,Province x age,Ontario | 25 to 54,Unemployed (people),254304.5,9780.66414879897,4589.45079622768,0.0384604446590563,234743.171702402,273865.828297598,4476,Acceptable
2023 Jan-Aug,Province x age,Ontario | 55 and over,Unemployed (people),71667.75,5035.58584231237,2362.88385961103,0.0702629263833784,61596.5783153753,81738.9216846248,1479,Acceptable
2023 Jan-Aug,Province x age,Prince Edward Island | 15 to 24,Unemployed (people),1960.75,313.916392680706,147.301227853151,0.160100162019995,1332.91721463859,2588.58278536141,195,Marginal
2023 Jan-Aug,Province x age,Prince Edward Island | 25 to 54,Unemployed (people),3501.375,408.737531896115,191.794827290855,0.116736291284457,2683.89993620777,4318.85006379223,395,Acceptable
2023 Jan-Aug,Province x age,Prince Edward Island | 55 and over,Unemployed (people),1745.5,245.319120946503,115.112840787612,0.140543753048698,1254.86175810699,2236.13824189301,275,Acceptable
2023 Jan-Aug,Province x age,Quebec | 15 to 24,Unemployed (people),48286.625,4364.10614890356,2047.80065394301,0.0903791919377997,39558.4127021929,57014.8372978071,922,Acceptable
2023 Jan-Aug,Province x age,Quebec | 25 to 54,Unemployed (people),115454,7588.43085362926,3560.77353168129,0.0657268769694359,100277.138292741,130630.861707259,1783,Acceptable
2023 Jan-Aug,Province x age,Quebec | 55 and over,Unemployed (people),46385,4148.29416213416,1946.53365617621,0.0894318025683769,38088.4116757317,54681.5883242683,985,Acceptable
2023 Jan-Aug,Province x age,Saskatchewan | 15 to 24,Unemployed (people),8449.625,905.147807537325,424.728961429068,0.107122837704315,6639.32938492535,10259.9206150746,410,Acceptable
2023 Jan-Aug,Province x age,Saskatchewan | 25 to 54,Unemployed (people),16997.125,1255.4536042019,589.105448850205,0.0738627034984977,14486.2177915962,19508.0322084038,886,Acceptable
2023 Jan-Aug,Province x age,Saskatchewan | 55 and over,Unemployed (people),5065.625,666.648699840668,312.816324100404,0.131602457710681,3732.32760031866,6398.92239968134,284,Acceptable
2025 Jan-Aug,Canada,Canada,Unemployment rate,7.06702624925177,0.0990585462838682,0.0464819481784865,0.0140170055678449,6.86890915668403,7.2651433418195,38917,Acceptable
2025 Jan-Aug,Canada,Canada,Long-term share of unemployment,23.246410729129,0.647367534916969,0.303768885566065,0.0278480640499818,21.9516756592951,24.5411457989629,8013,Acceptable
2025 Jan-Aug,Canada,Canada,Long-term unemployment rate,1.57297679355676,0.0490793285571407,0.0230298433826243,0.0312015592081076,1.47481813644248,1.67113545067105,8013,Acceptable
2025 Jan-Aug,Canada,Canada,Long-term unemployed (people),355454.125,11092.2914042327,5204.91500808729,0.0312059718092529,333269.542191535,377638.707808465,8013,Acceptable
2025 Jan-Aug,Canada,Canada,Unemployed (people),1596974.375,22567.5799806715,10589.5465109026,0.0141314603001514,1551839.21503866,1642109.53496134,38917,Acceptable
2025 Jan-Aug,Province,Alberta,Unemployment rate,7.47426692278942,0.314665263140648,0.147652625680166,0.0420998161279493,6.84493639650812,8.10359744907071,3155,Acceptable
2025 Jan-Aug,Province,British Columbia,Unemployment rate,6.28922122896868,0.239479936747964,0.112372878739882,0.0380778363535535,5.81026135547275,6.7681811024646,4623,Acceptable
2025 Jan-Aug,Province,Manitoba,Unemployment rate,6.05230166400152,0.288467082552497,0.135359466552034,0.047662376822403,5.47536749889652,6.62923582910651,2404,Acceptable
2025 Jan-Aug,Province,New Brunswick,Unemployment rate,7.41559427450893,0.347299242462473,0.162965700549527,0.0468336359307457,6.72099578958398,8.11019275943388,2187,Acceptable
2025 Jan-Aug,Province,Newfoundland and Labrador,Unemployment rate,10.4443612933843,0.515459144563333,0.24187257076295,0.0493528641995404,9.41344300425765,11.475279582511,2227,Acceptable
2025 Jan-Aug,Province,Nova Scotia,Unemployment rate,6.82020303735413,0.340856525468003,0.159942538503443,0.0499774748055355,6.13848998641813,7.50191608829014,1844,Acceptable
2025 Jan-Aug,Province,Ontario,Unemployment rate,7.93229963409406,0.179698824028475,0.0843213608474565,0.0226540640567971,7.57290198603711,8.29169728215101,13640,Acceptable
2025 Jan-Aug,Province,Prince Edward Island,Unemployment rate,8.04646419971497,0.534340447414427,0.250732379165062,0.0664068632074886,6.97778330488612,9.11514509454383,1074,Acceptable
2025 Jan-Aug,Province,Quebec,Unemployment rate,5.9706806542931,0.203304047820395,0.0953978083645983,0.0340503971978828,5.56407255865231,6.37728874993389,5944,Acceptable
2025 Jan-Aug,Province,Saskatchewan,Unemployment rate,5.138277734117,0.260263027953245,0.122125076855371,0.0506518023004396,4.61775167821051,5.65880379002349,1819,Acceptable
2025 Jan-Aug,Province,Alberta,Long-term share of unemployment,23.88919202728,1.86570643745528,0.875458738245059,0.0780983482122275,20.1577791523694,27.6206049021905,723,Acceptable
2025 Jan-Aug,Province,British Columbia,Long-term share of unemployment,19.9083145769893,1.5269176919528,0.716486478882664,0.076697486673114,16.8544791930837,22.9621499608949,884,Acceptable
2025 Jan-Aug,Province,Manitoba,Long-term share of unemployment,18.9397006398794,1.96170182568054,0.920503338920638,0.103576179105491,15.0162969885184,22.8631042912405,449,Acceptable
2025 Jan-Aug,Province,New Brunswick,Long-term share of unemployment,17.6747157489488,1.93005350130996,0.90565276995394,0.109198559610485,13.8146087463289,21.5348227515687,360,Acceptable
2025 Jan-Aug,Province,Newfoundland and Labrador,Long-term share of unemployment,20.0656908313967,2.0796994546967,0.975872207966992,0.103644547908742,15.9062919220032,24.2250897407901,406,Acceptable
2025 Jan-Aug,Province,Nova Scotia,Long-term share of unemployment,19.2157426631502,2.12169716038473,0.995579090943164,0.110414528211469,14.9723483423808,23.4591369839197,331,Acceptable
2025 Jan-Aug,Province,Ontario,Long-term share of unemployment,26.7161228716709,1.06036171528143,0.497561090377003,0.0396899550273369,24.5953994411081,28.8368463022338,3403,Acceptable
2025 Jan-Aug,Province,Prince Edward Island,Long-term share of unemployment,17.7916433439795,2.83157807347408,1.32868157480719,0.159152137817121,12.1284871970313,23.4547994909276,177,Marginal
2025 Jan-Aug,Province,Quebec,Long-term share of unemployment,19.5471629998017,1.52190619464418,0.714134898257524,0.0778581625711935,16.5033506105134,22.5909753890901,988,Acceptable
2025 Jan-Aug,Province,Saskatchewan,Long-term share of unemployment,16.8924094085712,2.04043062217574,0.957445813609874,0.12078979219746,12.8115481642197,20.9732706529227,292,Acceptable
2025 Jan-Aug,Province,Alberta,Long-term unemployment rate,1.71998699158926,0.150525814448149,0.0706323014942401,0.0875156702836826,1.41893536269296,2.02103862048556,723,Acceptable
2025 Jan-Aug,Province,British Columbia,Long-term unemployment rate,1.19435198814222,0.100519717052359,0.0471675837595529,0.0841625568093327,0.993312554037505,1.39539142224694,884,Acceptable
2025 Jan-Aug,Province,Manitoba,Long-term unemployment rate,1.0762895959844,0.120917722962679,0.0567390855555808,0.112346828784576,0.834454150059041,1.31812504190976,449,Acceptable
2025 Jan-Aug,Province,New Brunswick,Long-term unemployment rate,1.21121439916996,0.146725908492605,0.0688492445210178,0.121139501473195,0.917762582184748,1.50466621615517,360,Acceptable
2025 Jan-Aug,Province,Newfoundland and Labrador,Long-term unemployment rate,1.95417666760972,0.227947682803159,0.106961516970979,0.116646404893359,1.4982813020034,2.41007203321604,406,Acceptable
2025 Jan-Aug,Province,Nova Scotia,Long-term unemployment rate,1.21849544023266,0.146811819445758,0.0688895571303002,0.120486145945467,0.92487180134114,1.51211907912417,331,Acceptable
2025 Jan-Aug,Province,Ontario,Long-term unemployment rate,2.04292004143096,0.0933876543008258,0.0438209550873281,0.0457128288953554,1.85614473282931,2.22969535003261,3403,Acceptable
2025 Jan-Aug,Province,Prince Edward Island,Long-term unemployment rate,1.32770652120497,0.233556006158489,0.109593150538704,0.17590936131467,0.860594508887996,1.79481853352195,177,Marginal
2025 Jan-Aug,Province,Quebec,Long-term unemployment rate,1.11485578429871,0.0954376623407486,0.0447828949809755,0.0856053883245381,0.923980459617213,1.30573110898021,988,Acceptable
2025 Jan-Aug,Province,Saskatchewan,Long-term unemployment rate,0.818706971530478,0.109963261835631,0.0515988456314902,0.134313332681249,0.598780447859216,1.03863349520174,292,Acceptable
2025 Jan-Aug,Province,Alberta,Long-term unemployed (people),47831,4211.19842200243,1976.05067068018,0.0880432861951963,39408.6031559951,56253.3968440049,723,Acceptable
2025 Jan-Aug,Province,British Columbia,Long-term unemployed (people),37591.875,3171.59303397108,1488.22921977708,0.084369109919925,31248.6889320578,43935.0610679422,884,Acceptable
2025 Jan-Aug,Province,Manitoba,Long-term unemployed (people),8420.875,946.295789916655,444.037122676704,0.112374995462663,6528.28342016669,10313.4665798333,449,Acceptable
2025 Jan-Aug,Province,New Brunswick,Long-term unemployed (people),5291.125,641.98769218514,301.244463590876,0.12133292866548,4007.14961562972,6575.10038437028,360,Acceptable
2025 Jan-Aug,Province,Newfoundland and Labrador,Long-term unemployed (people),5353.125,627.530394466801,294.460562670111,0.117226927162508,4098.0642110664,6608.1857889336,406,Acceptable
2025 Jan-Aug,Province,Nova Scotia,Long-term unemployed (people),6848.875,828.003367507189,388.529925623885,0.120896259240706,5192.86826498562,8504.88173501438,331,Acceptable
2025 Jan-Aug,Province,Ontario,Long-term unemployed (people),182487.75,8362.52733423045,3924.00834428738,0.0458251435191154,165762.695331539,199212.804668461,3403,Acceptable
2025 Jan-Aug,Province,Prince Edward Island,Long-term unemployed (people),1350.875,238.285447262964,111.812379919493,0.176393409651495,874.304105474072,1827.44589452593,177,Marginal
2025 Jan-Aug,Province,Quebec,Long-term unemployed (people),54957.875,4708.58958457234,2209.44507338783,0.0856763400071844,45540.6958308553,64375.0541691447,988,Acceptable
2025 Jan-Aug,Province,Saskatchewan,Long-term unemployed (people),5320.75,714.148034207402,335.104775540223,0.134219430382446,3892.4539315852,6749.0460684148,292,Acceptable
2025 Jan-Aug,Province,Alberta,Unemployed (people),207851.375,8892.73321903568,4172.80063315079,0.0427840961794728,190065.908561929,225636.841438071,3155,Acceptable
2025 Jan-Aug,Province,British Columbia,Unemployed (people),197951.375,7601.29729501727,3566.81094373986,0.0383998206378575,182748.780409965,213153.969590035,4623,Acceptable
2025 Jan-Aug,Province,Manitoba,Unemployed (people),47353.125,2278.11154143662,1068.97452654333,0.0481090010730362,42796.9019171268,51909.3480828732,2404,Acceptable
2025 Jan-Aug,Province,New Brunswick,Unemployed (people),32394.625,1535.73599813592,720.624355586927,0.0474071238094568,29323.1530037282,35466.0969962719,2187,Acceptable
2025 Jan-Aug,Province,Newfoundland and Labrador,Unemployed (people),28610.5,1433.83755457951,672.809822156517,0.0501157810796563,25742.824890841,31478.175109159,2227,Acceptable
2025 Jan-Aug,Province,Nova Scotia,Unemployed (people),38334.75,1933.89866968987,907.457065737372,0.0504476661433784,34466.9526606203,42202.5473393798,1844,Acceptable
2025 Jan-Aug,Province,Ontario,Unemployed (people),708567.875,16218.1513741286,7610.15884043779,0.0228886348737284,676131.572251743,741004.177748257,13640,Acceptable
2025 Jan-Aug,Province,Prince Edward Island,Unemployed (people),8186.875,551.471063107837,258.770700145917,0.0673603863632749,7083.93287378433,9289.81712621567,1074,Acceptable
2025 Jan-Aug,Province,Quebec,Unemployed (people),294330.375,10100.5854802996,4739.56976435174,0.0343171698819722,274129.204039401,314531.545960599,5944,Acceptable
2025 Jan-Aug,Province,Saskatchewan,Unemployed (people),33393.5,1709.4629180872,802.143477291404,0.0511914869087457,29974.5741638256,36812.4258361744,1819,Acceptable
2025 Jan-Aug,Age,15 to 24,Unemployment rate,14.3672982177827,0.369754004406053,0.173502308648244,0.0257358063291538,13.6277902089706,15.1068062265948,11230,Acceptable
2025 Jan-Aug,Age,25 to 54,Unemployment rate,5.99323223103498,0.116772364227719,0.0547939293108334,0.0194840379491775,5.75968750257954,6.22677695949042,20477,Acceptable
2025 Jan-Aug,Age,55 and over,Unemployment rate,5.39550539523551,0.179432024680039,0.0841961686863228,0.03325583268594,5.03664134587544,5.75436944459559,7210,Acceptable
2025 Jan-Aug,Age,15 to 24,Long-term share of unemployment,16.1909220887854,1.0321341227358,0.484315655801888,0.0637477048605346,14.1266538433138,18.2551903342571,1629,Acceptable
2025 Jan-Aug,Age,25 to 54,Long-term share of unemployment,25.1670332363735,0.912541185002153,0.428198208667962,0.0362593864930917,23.3419508663692,26.9921156063778,4554,Acceptable
2025 Jan-Aug,Age,55 and over,Long-term share of unemployment,29.7549605948917,1.67088910675493,0.784043212683694,0.0561549762913074,26.4131823813819,33.0967388084016,1830,Acceptable
2025 Jan-Aug,Age,15 to 24,Long-term unemployment rate,2.24248889941793,0.15563334107513,0.0730289426413376,0.0694020564006032,1.93122221726767,2.55375558156819,1629,Acceptable
2025 Jan-Aug,Age,25 to 54,Long-term unemployment rate,1.44432366009288,0.0598266015867838,0.0280728629580617,0.041421880178115,1.32467045691931,1.56397686326645,4554,Acceptable
2025 Jan-Aug,Age,55 and over,Long-term unemployment rate,1.51699153520065,0.101207749681045,0.0474904342170998,0.0667160938822634,1.31457603583856,1.71940703456274,1830,Acceptable
2025 Jan-Aug,Age,15 to 24,Long-term unemployed (people),72319,5030.19224263843,2360.35298236777,0.0695556111483625,62258.6155147232,82379.3844852769,1629,Acceptable
2025 Jan-Aug,Age,25 to 54,Long-term unemployed (people),213575.875,8832.45131069422,4144.51412335689,0.0413550983260362,195910.972378612,231240.777621388,4554,Acceptable
2025 Jan-Aug,Age,55 and over,Long-term unemployed (people),69559.25,4656.58256037285,2185.04144649803,0.0669441168553838,60246.0848792543,78872.4151207457,1830,Acceptable
2025 Jan-Aug,Age,15 to 24,Unemployed (people),463337.25,12280.6883531426,5762.55498431312,0.0265048587247034,438775.873293715,487898.626706285,11230,Acceptable
2025 Jan-Aug,Age,25 to 54,Unemployed (people),886234.75,17324.0043791389,8129.0661331474,0.019547873042824,851586.741241722,920882.758758278,20477,Acceptable
2025 Jan-Aug,Age,55 and over,Unemployed (people),247402.375,8332.85041906405,3910.08283372206,0.0336813679297301,230736.674161872,264068.075838128,7210,Acceptable
2025 Jan-Aug,Gender,Men+,Unemployment rate,7.40896649161729,0.135207276717591,0.0634442747800026,0.0182491413438795,7.1385519381821,7.67938104505247,21573,Acceptable
2025 Jan-Aug,Gender,Women+,Unemployment rate,6.68153558240717,0.142340615807653,0.0667915023576583,0.0213035782047533,6.39685435079186,6.96621681402248,17344,Acceptable
2025 Jan-Aug,Gender,Men+,Long-term share of unemployment,23.9941450413791,0.898320400369274,0.421525288469146,0.0374391502101899,22.1975042406405,25.7907858421176,4617,Acceptable
2025 Jan-Aug,Gender,Women+,Long-term share of unemployment,22.2981856721668,0.980752746591316,0.460205606211181,0.0439835222923772,20.3366801789842,24.2596911653495,3396,Acceptable
2025 Jan-Aug,Gender,Men+,Long-term unemployment rate,1.7129534269679,0.0719757285814962,0.0337736844678362,0.0420184970871628,1.56900196980491,1.85690488413089,4617,Acceptable
2025 Jan-Aug,Gender,Women+,Long-term unemployment rate,1.41517236146351,0.0701485084302406,0.0329162849241567,0.0495688796223351,1.27487534460303,1.55546937832399,3396,Acceptable
2025 Jan-Aug,Gender,Men+,Long-term unemployed (people),205129.875,8610.00661303429,4040.13481135308,0.0419734405485027,187909.861773931,222349.888226069,4617,Acceptable
2025 Jan-Aug,Gender,Women+,Long-term unemployed (people),150324.25,7465.65896108673,3503.16440090944,0.0496637033684634,135392.932077827,165255.567922173,3396,Acceptable
2025 Jan-Aug,Gender,Men+,Unemployed (people),887239.75,16310.2226919299,7653.36212156106,0.0183831063609694,854619.30461614,919860.19538386,21573,Acceptable
2025 Jan-Aug,Gender,Women+,Unemployed (people),709734.625,15250.011212178,7155.87152727311,0.0214869201459321,679234.602575644,740234.647424356,17344,Acceptable
2025 Jan-Aug,Immigrant status,"Immigrant, landed 10 years or less",Unemployment rate,9.99146704421844,0.390418212062506,0.183198722188215,0.0390751638707973,9.21063062009343,10.7723034683435,4681,Acceptable
2025 Jan-Aug,Immigrant status,"Immigrant, landed over 10 years",Unemployment rate,6.508502203218,0.231163585090415,0.108470537737698,0.0355171709054844,6.04617503303717,6.97082937339884,5158,Acceptable
2025 Jan-Aug,Immigrant status,Non-immigrant (incl. non-permanent residents),Unemployment rate,6.79570352947168,0.111295937494762,0.0522241865359384,0.0163773974264906,6.57311165448215,7.0182954044612,29078,Acceptable
2025 Jan-Aug,Immigrant status,"Immigrant, landed 10 years or less",Long-term share of unemployment,25.0290276287337,1.83162427517486,0.8594661221573,0.07318000133062,21.365779078384,28.6922761790834,1137,Acceptable
2025 Jan-Aug,Immigrant status,"Immigrant, landed over 10 years",Long-term share of unemployment,27.0656655284847,1.70711863698562,0.801043453550218,0.063073218546538,23.6514282545135,30.4799028024559,1328,Acceptable
2025 Jan-Aug,Immigrant status,Non-immigrant (incl. non-permanent residents),Long-term share of unemployment,21.913893995679,0.748776541652976,0.351353757066471,0.0341690318389156,20.416340912373,23.4114470789849,5548,Acceptable
2025 Jan-Aug,Immigrant status,"Immigrant, landed 10 years or less",Long-term unemployment rate,2.45651510194346,0.203319241993334,0.0954049380347342,0.0827673486853301,2.04987661795679,2.86315358593013,1137,Acceptable
2025 Jan-Aug,Immigrant status,"Immigrant, landed over 10 years",Long-term unemployment rate,1.71483689552663,0.124744655200047,0.05853482426378,0.0727443266035734,1.46534758512653,1.96432620592672,1328,Acceptable
2025 Jan-Aug,Immigrant status,Non-immigrant (incl. non-permanent residents),Long-term unemployment rate,1.41244534301823,0.0541699923007261,0.0254185718386765,0.0383519210626383,1.30410535841677,1.52078532761968,5548,Acceptable
2025 Jan-Aug,Immigrant status,"Immigrant, landed 10 years or less",Long-term unemployed (people),56180.875,4680.72074333065,2196.36797824574,0.0833151983362781,46819.4335133387,65542.3164866613,1137,Acceptable
2025 Jan-Aug,Immigrant status,"Immigrant, landed over 10 years",Long-term unemployed (people),70308.75,5183.92036721473,2432.48792668298,0.073730799754152,59940.9092655705,80676.5907344295,1328,Acceptable
2025 Jan-Aug,Immigrant status,Non-immigrant (incl. non-permanent residents),Long-term unemployed (people),228964.5,8824.412351904,4140.74194538827,0.0385405263781241,211315.675296192,246613.324703808,5548,Acceptable
2025 Jan-Aug,Immigrant status,"Immigrant, landed 10 years or less",Unemployed (people),228506.375,9279.48705140462,4354.27989232029,0.0406093136412698,209947.400897191,247065.349102809,4681,Acceptable
2025 Jan-Aug,Immigrant status,"Immigrant, landed over 10 years",Unemployed (people),266850.25,9849.97527978336,4621.97415256057,0.0369119956971498,247150.299440433,286550.200559567,5158,Acceptable
2025 Jan-Aug,Immigrant status,Non-immigrant (incl. non-permanent residents),Unemployed (people),1101617.75,18346.7200484259,8608.96230086321,0.0166543431679691,1064924.30990315,1138311.19009685,29078,Acceptable
2025 Jan-Aug,Education,Bachelor's or above,Unemployment rate,5.45374869288125,0.154260162252989,0.0723845961488338,0.0282851614439705,5.14522836837527,5.76226901738723,9235,Acceptable
2025 Jan-Aug,Education,High school or less,Unemployment rate,10.7272129123924,0.229957237033177,0.10790447443488,0.0214368111187132,10.267298438326,11.1871273864587,15827,Acceptable
2025 Jan-Aug,Education,"Some postsecondary, certificate or diploma",Unemployment rate,6.29184408243888,0.147117989921491,0.0690332236862985,0.0233823324281208,5.9976081025959,6.58608006228186,13855,Acceptable
2025 Jan-Aug,Education,Bachelor's or above,Long-term share of unemployment,27.446915041897,1.34074071347423,0.629125327419077,0.0488485030622795,24.7654336149486,30.1283964688455,2243,Acceptable
2025 Jan-Aug,Education,High school or less,Long-term share of unemployment,21.5871555246972,0.988200495876491,0.463700366727127,0.0457772444704871,19.6107545329442,23.5635565164502,3077,Acceptable
2025 Jan-Aug,Education,"Some postsecondary, certificate or diploma",Long-term share of unemployment,21.5740767419383,1.01030721212995,0.474073658864336,0.0468296847283386,19.5534623176784,23.5946911661982,2693,Acceptable
2025 Jan-Aug,Education,Bachelor's or above,Long-term unemployment rate,1.43357287746736,0.0815419023150971,0.0382624883967513,0.05688019325474,1.27048907283717,1.59665668209755,2243,Acceptable
2025 Jan-Aug,Education,High school or less,Long-term unemployment rate,2.22903766561296,0.111886758726299,0.0525014217962695,0.0501950956021782,2.00526414816037,2.45281118306556,3077,Acceptable
2025 Jan-Aug,Education,"Some postsecondary, certificate or diploma",Long-term unemployment rate,1.29201349803039,0.0670087762690394,0.0314430060089476,0.0518638360753901,1.15799594549231,1.42603105056847,2693,Acceptable
2025 Jan-Aug,Education,Bachelor's or above,Long-term unemployed (people),119159.375,6795.47781897811,3188.69052372954,0.0570284781955101,105568.419362044,132750.330637956,2243,Acceptable
2025 Jan-Aug,Education,High school or less,Long-term unemployed (people),123044.25,6230.82836557055,2923.73603351233,0.0506389235219895,110582.593268859,135505.906731141,3077,Acceptable
2025 Jan-Aug,Education,"Some postsecondary, certificate or diploma",Long-term unemployed (people),113250.5,5898.56186444795,2767.82425339828,0.0520842015218295,101453.376271104,125047.623728896,2693,Acceptable
2025 Jan-Aug,Education,Bachelor's or above,Unemployed (people),453318.625,12975.5445460795,6088.60731158067,0.0286234534177358,427367.535907841,479269.714092159,9235,Acceptable
2025 Jan-Aug,Education,High school or less,Unemployed (people),592148.75,13219.0156358869,6202.85298753633,0.0223238090697429,565710.718728226,618586.781271774,15827,Acceptable
2025 Jan-Aug,Education,"Some postsecondary, certificate or diploma",Unemployed (people),551507,13217.880482181,6202.32033126676,0.0239668408237447,525071.239035638,577942.760964362,13855,Acceptable
2025 Jan-Aug,Age x immigrant status,"15 to 24 | Immigrant, landed 10 years or less",Unemployment rate,20.3646486020092,1.59334394089499,0.747656141439334,0.0782406793278915,17.1779607202192,23.5513364837992,1066,Acceptable
2025 Jan-Aug,Age x immigrant status,"15 to 24 | Immigrant, landed over 10 years",Unemployment rate,17.2745757132139,1.51789997242809,0.712255030033874,0.0878690161557482,14.2387757683577,20.31037565807,794,Acceptable
2025 Jan-Aug,Age x immigrant status,15 to 24 | Non-immigrant (incl. non-permanent residents),Unemployment rate,13.6048020673152,0.381305861955138,0.178922869156199,0.0280272994835555,12.8421903434049,14.3674137912255,9370,Acceptable
2025 Jan-Aug,Age x immigrant status,"25 to 54 | Immigrant, landed 10 years or less",Unemployment rate,8.65952755491416,0.39557405010353,0.18561803284469,0.0456807888877318,7.8683794547071,9.45067565512122,3302,Acceptable
2025 Jan-Aug,Age x immigrant status,"25 to 54 | Immigrant, landed over 10 years",Unemployment rate,6.19934626827112,0.282627329643718,0.132619237644342,0.0455898601906194,5.63409160898369,6.76460092755856,2961,Acceptable
2025 Jan-Aug,Age x immigrant status,25 to 54 | Non-immigrant (incl. non-permanent residents),Unemployment rate,5.44087568779124,0.131258861571981,0.0615915317803277,0.0241245838177321,5.17835796464728,5.7033934109352,14214,Acceptable
2025 Jan-Aug,Age x immigrant status,"55 and over | Immigrant, landed 10 years or less",Unemployment rate,10.5549058266673,1.65207144040327,0.775213264890078,0.156521665615364,7.25076294586074,13.8590487074738,313,Marginal
2025 Jan-Aug,Age x immigrant status,"55 and over | Immigrant, landed over 10 years",Unemployment rate,5.31254407507819,0.376713953538663,0.176768175219512,0.0709102735365294,4.55911616800086,6.06597198215551,1403,Acceptable
2025 Jan-Aug,Age x immigrant status,55 and over | Non-immigrant (incl. non-permanent residents),Unemployment rate,5.25990779148355,0.201567499714918,0.094582955511651,0.0383214892172219,4.85677279205371,5.66304279091338,5494,Acceptable
2025 Jan-Aug,Age x immigrant status,"15 to 24 | Immigrant, landed 10 years or less",Long-term share of unemployment,17.1920350649783,3.42371767415241,1.60653546289359,0.199145573005887,10.3445997166735,24.0394704132831,165,Marginal
2025 Jan-Aug,Age x immigrant status,"15 to 24 | Immigrant, landed over 10 years",Long-term share of unemployment,14.6704669293319,3.38485417702846,1.58829926695575,0.23072572899918,7.90075857527496,21.4401752833888,116,Marginal
2025 Jan-Aug,Age x immigrant status,15 to 24 | Non-immigrant (incl. non-permanent residents),Long-term share of unemployment,16.2126372531177,1.14147139115009,0.53562076207557,0.0704062746442185,13.9296944708175,18.4955800354179,1348,Acceptable
2025 Jan-Aug,Age x immigrant status,"25 to 54 | Immigrant, landed 10 years or less",Long-term share of unemployment,26.9317493820435,2.18336206223181,1.0245145526435,0.0810701908464788,22.5650252575799,31.2984735065071,872,Acceptable
2025 Jan-Aug,Age x immigrant status,"25 to 54 | Immigrant, landed over 10 years",Long-term share of unemployment,28.2334492898276,2.29616901166396,1.07744776208766,0.0813279662747852,23.6411112664997,32.8257873131556,791,Acceptable
2025 Jan-Aug,Age x immigrant status,25 to 54 | Non-immigrant (incl. non-permanent residents),Long-term share of unemployment,23.7331471871222,1.10887950561172,0.520327439172442,0.0467228175373814,21.5153881758987,25.9509061983456,2891,Acceptable
2025 Jan-Aug,Age x immigrant status,"55 and over | Immigrant, landed 10 years or less",Long-term share of unemployment,31.3456603427733,7.91468137809402,3.71386239216101,0.252496878085988,15.5162975865853,47.1750230989614,100,Marginal
2025 Jan-Aug,Age x immigrant status,"55 and over | Immigrant, landed over 10 years",Long-term share of unemployment,31.1559713233421,3.37894295099498,1.585525500204,0.108452499070811,24.3980854213522,37.9138572253321,421,Acceptable
2025 Jan-Aug,Age x immigrant status,55 and over | Non-immigrant (incl. non-permanent residents),Long-term share of unemployment,29.0110471170116,1.93251892417852,0.906809637910454,0.066613208285244,25.1460092686546,32.8760849653686,1309,Acceptable
2025 Jan-Aug,Age x immigrant status,"15 to 24 | Immigrant, landed 10 years or less",Long-term unemployment rate,3.44675103231506,0.74136290692396,0.347875004367023,0.215090356098628,1.96402521846714,4.92947684616298,165,Marginal
2025 Jan-Aug,Age x immigrant status,"15 to 24 | Immigrant, landed over 10 years",Long-term unemployment rate,2.46626647357886,0.606957096506422,0.284806807335215,0.246103615732023,1.25235228056601,3.6801806665917,116,Marginal
2025 Jan-Aug,Age x immigrant status,15 to 24 | Non-immigrant (incl. non-permanent residents),Long-term unemployment rate,2.11830600198175,0.162649782280206,0.0763213173906819,0.0767829492660842,1.79300643742134,2.44360556654216,1348,Acceptable
2025 Jan-Aug,Age x immigrant status,"25 to 54 | Immigrant, landed 10 years or less",Long-term unemployment rate,2.28776784236569,0.214099914554784,0.100463629910694,0.0935846332787822,1.85956801325612,2.71596767147526,872,Acceptable
2025 Jan-Aug,Age x immigrant status,"25 to 54 | Immigrant, landed over 10 years",Long-term unemployment rate,1.70508714149491,0.159451812067448,0.0748207110191751,0.0935153448683281,1.38618351736001,2.0239907656298,791,Acceptable
2025 Jan-Aug,Age x immigrant status,25 to 54 | Non-immigrant (incl. non-permanent residents),Long-term unemployment rate,1.22144547072317,0.0643547153333976,0.0301976220668138,0.0526873420679973,1.09273604005637,1.35015490138996,2891,Acceptable
2025 Jan-Aug,Age x immigrant status,"55 and over | Immigrant, landed 10 years or less",Long-term unemployment rate,3.28532010287863,0.961317994429853,0.451086098841851,0.292610145838616,1.36268411401893,5.20795609173834,100,Marginal
2025 Jan-Aug,Age x immigrant status,"55 and over | Immigrant, landed over 10 years",Long-term unemployment rate,1.6089595632379,0.208712343812678,0.0979355816661248,0.129718824873797,1.19153487561254,2.02638425086325,421,Acceptable
2025 Jan-Aug,Age x immigrant status,55 and over | Non-immigrant (incl. non-permanent residents),Long-term unemployment rate,1.41915304068522,0.113272800518186,0.0531518040718086,0.0798171848072799,1.19260743964885,1.64569864172159,1309,Acceptable
2025 Jan-Aug,Age x immigrant status,"15 to 24 | Immigrant, landed 10 years or less",Long-term unemployed (people),8388.875,1845.85839667675,866.145300510283,0.220036464564885,4697.15820664651,12080.5917933535,165,Marginal
2025 Jan-Aug,Age x immigrant status,"15 to 24 | Immigrant, landed over 10 years",Long-term unemployed (people),5468.875,1348.99429837629,632.998215928918,0.246667605014979,2770.88640324741,8166.86359675259,116,Marginal
2025 Jan-Aug,Age x immigrant status,15 to 24 | Non-immigrant (incl. non-permanent residents),Long-term unemployed (people),58461.25,4511.09262410706,2116.7721660402,0.0771638072074589,49439.0647517859,67483.4352482141,1348,Acceptable
2025 Jan-Aug,Age x immigrant status,"25 to 54 | Immigrant, landed 10 years or less",Long-term unemployed (people),44371.875,4185.06792776499,1963.78927250114,0.0943180320363966,36001.73914447,52742.01085553,872,Acceptable
2025 Jan-Aug,Age x immigrant status,"25 to 54 | Immigrant, landed over 10 years",Long-term unemployed (people),43279.125,4095.89389683341,1921.94550595978,0.0946390181602195,35087.3372063332,51470.9127936668,791,Acceptable
2025 Jan-Aug,Age x immigrant status,25 to 54 | Non-immigrant (incl. non-permanent residents),Long-term unemployed (people),125924.875,6646.22516768129,3118.65563766126,0.052779287394022,112632.424664637,139217.325335363,2891,Acceptable
2025 Jan-Aug,Age x immigrant status,"55 and over | Immigrant, landed 10 years or less",Long-term unemployed (people),3420.125,1016.56172437553,477.008508253784,0.29722940663734,1387.00155124893,5453.24844875107,100,Marginal
2025 Jan-Aug,Age x immigrant status,"55 and over | Immigrant, landed over 10 years",Long-term unemployed (people),21560.75,2818.827205216,1322.69839395266,0.130738828900479,15923.095589568,27198.404410432,421,Acceptable
2025 Jan-Aug,Age x immigrant status,55 and over | Non-immigrant (incl. non-permanent residents),Long-term unemployed (people),44578.375,3576.83574656116,1678.3841480792,0.0802370150675336,37424.7035068777,51732.0464931223,1309,Acceptable
2025 Jan-Aug,Age x immigrant status,"15 to 24 | Immigrant, landed 10 years or less",Unemployed (people),49564.5,4306.70237358603,2020.86467103537,0.0868908669226166,40951.0952528279,58177.9047471721,1066,Acceptable
2025 Jan-Aug,Age x immigrant status,"15 to 24 | Immigrant, landed over 10 years",Unemployed (people),38305.875,3636.5502647856,1706.40441736175,0.0949345306636541,31032.7744704288,45578.9755295712,794,Acceptable
2025 Jan-Aug,Age x immigrant status,15 to 24 | Non-immigrant (incl. non-permanent residents),Unemployed (people),375466.875,10818.1280911817,5076.26740131584,0.0288124700512707,353830.618817637,397103.131182363,9370,Acceptable
2025 Jan-Aug,Age x immigrant status,"25 to 54 | Immigrant, landed 10 years or less",Unemployed (people),167953.875,7976.30516825765,3742.7785627329,0.0474910457901471,152001.264663485,183906.485336515,3302,Acceptable
2025 Jan-Aug,Age x immigrant status,"25 to 54 | Immigrant, landed over 10 years",Unemployed (people),157354,7424.04619502407,3483.63814589914,0.0471805368470078,142505.907609952,172202.092390048,2961,Acceptable
2025 Jan-Aug,Age x immigrant status,25 to 54 | Non-immigrant (incl. non-permanent residents),Unemployed (people),560926.875,13709.6934589613,6433.09724207162,0.02444114209889,533507.488082077,588346.261917923,14214,Acceptable
2025 Jan-Aug,Age x immigrant status,"55 and over | Immigrant, landed 10 years or less",Unemployed (people),10988,1836.73554431008,861.86451942823,0.167158313097022,7314.52891137985,14661.4710886202,313,Marginal
2025 Jan-Aug,Age x immigrant status,"55 and over | Immigrant, landed over 10 years",Unemployed (people),71190.375,5156.83099666787,2419.77658813437,0.0724371938856604,60876.7130066643,81504.0369933358,1403,Acceptable
2025 Jan-Aug,Age x immigrant status,55 and over | Non-immigrant (incl. non-permanent residents),Unemployed (people),165224,6432.68455244216,3018.45445175749,0.0389331123350249,152358.630895116,178089.369104884,5494,Acceptable
2025 Jan-Aug,Province x age,Alberta | 15 to 24,Unemployment rate,16.5508595700573,1.16298032866927,0.545713554233812,0.0702670652087013,14.2248989127187,18.8768202273958,967,Acceptable
2025 Jan-Aug,Province x age,Alberta | 25 to 54,Unemployment rate,6.15674093710679,0.349056608193063,0.163790321805181,0.0566950293603053,5.45862772072066,6.85485415349291,1683,Acceptable
2025 Jan-Aug,Province x age,Alberta | 55 and over,Unemployment rate,5.09963272834062,0.587163511571599,0.275518922304373,0.115138391890166,3.92530570519742,6.27395975148382,505,Acceptable
2025 Jan-Aug,Province x age,British Columbia | 15 to 24,Unemployment rate,13.5729461937769,0.967379876125025,0.45393055882425,0.0712726524008887,11.6381864415268,15.5077059460269,1277,Acceptable
2025 Jan-Aug,Province x age,British Columbia | 25 to 54,Unemployment rate,5.29002907981693,0.267321281066867,0.125437071304773,0.0505330456663799,4.7553865176832,5.82467164195067,2512,Acceptable
2025 Jan-Aug,Province x age,British Columbia | 55 and over,Unemployment rate,4.83355008592342,0.397529800403542,0.186535743506774,0.0822438566554332,4.03849048511633,5.6286096867305,834,Acceptable
2025 Jan-Aug,Province x age,Manitoba | 15 to 24,Unemployment rate,11.7750460020115,1.01488263803866,0.476220618596349,0.0861892716058431,9.74528072593413,13.8048112780888,750,Acceptable
2025 Jan-Aug,Province x age,Manitoba | 25 to 54,Unemployment rate,4.96083352346186,0.336882518423475,0.158077786834513,0.067908450632382,4.28706848661491,5.63459856030881,1228,Acceptable
2025 Jan-Aug,Province x age,Manitoba | 55 and over,Unemployment rate,4.85183948330591,0.547752647138746,0.257025881300242,0.112895871560351,3.75633418902841,5.9473447775834,426,Acceptable
2025 Jan-Aug,Province x age,New Brunswick | 15 to 24,Unemployment rate,15.0034954642688,1.32439065944455,0.621453274954817,0.0882721404887694,12.3547141453797,17.6522767831579,581,Acceptable
2025 Jan-Aug,Province x age,New Brunswick | 25 to 54,Unemployment rate,5.81951930924115,0.375102857620971,0.176012189191389,0.0644559864292095,5.06931359399921,6.5697250244831,1071,Acceptable
2025 Jan-Aug,Province x age,New Brunswick | 55 and over,Unemployment rate,7.32493099950163,0.697988499784374,0.327522121949818,0.0952894300071718,5.92895399993288,8.72090799907038,535,Acceptable
2025 Jan-Aug,Province x age,Newfoundland and Labrador | 15 to 24,Unemployment rate,16.684889869962,1.66069724660746,0.779260813456274,0.0995330061840704,13.3634953767471,20.0062843631769,524,Acceptable
2025 Jan-Aug,Province x age,Newfoundland and Labrador | 25 to 54,Unemployment rate,8.79692129670214,0.572892690773777,0.268822523279014,0.0651242260162709,7.65113591515459,9.9427066782497,1156,Acceptable
2025 Jan-Aug,Province x age,Newfoundland and Labrador | 55 and over,Unemployment rate,11.2721774421045,1.09324424716358,0.512990795336976,0.096986075031079,9.08568894777734,13.4586659364317,547,Acceptable
2025 Jan-Aug,Province x age,Nova Scotia | 15 to 24,Unemployment rate,13.2540138743435,1.26106600526152,0.591738995828194,0.0951459699089822,10.7318818638205,15.7761458848665,489,Acceptable
2025 Jan-Aug,Province x age,Nova Scotia | 25 to 54,Unemployment rate,5.80562559889674,0.399396923837617,0.187411867152449,0.0687948123822376,5.00683175122151,6.60441944657197,979,Acceptable
2025 Jan-Aug,Province x age,Nova Scotia | 55 and over,Unemployment rate,5.63748820210053,0.626891777453671,0.294160899854294,0.111200548006485,4.38370464719319,6.89127175700787,376,Acceptable
2025 Jan-Aug,Province x age,Ontario | 15 to 24,Unemployment rate,16.4905190208464,0.651497540404488,0.305706837497013,0.0395074005603403,15.1875239400374,17.7935141016554,4214,Acceptable
2025 Jan-Aug,Province x age,Ontario | 25 to 54,Unemployment rate,6.84946537049486,0.219512609859303,0.103003467532877,0.0320481377721666,6.41044015077625,7.28849059021346,7319,Acceptable
2025 Jan-Aug,Province x age,Ontario | 55 and over,Unemployment rate,5.31930261257887,0.300383961877276,0.140951308831208,0.0564705533328636,4.71853468882432,5.92007053633342,2107,Acceptable
2025 Jan-Aug,Province x age,Prince Edward Island | 15 to 24,Unemployment rate,10.1442517849337,1.62275857614212,0.761458580527509,0.159968286527771,6.89873463264945,13.389768937218,207,Marginal
2025 Jan-Aug,Province x age,Prince Edward Island | 25 to 54,Unemployment rate,6.93425867006045,0.654144996363023,0.306949122138631,0.0943352458406805,5.62596867733441,8.2425486627865,540,Acceptable
2025 Jan-Aug,Province x age,Prince Edward Island | 55 and over,Unemployment rate,9.60764008744678,1.10775982060423,0.519802041390554,0.115299887435585,7.39212044623833,11.8231597286552,327,Acceptable
2025 Jan-Aug,Province x age,Quebec | 15 to 24,Unemployment rate,10.5892921044476,0.707017887242952,0.331759045826435,0.0667672475430156,9.17525632996167,12.0033278789335,1606,Acceptable
2025 Jan-Aug,Province x age,Quebec | 25 to 54,Unemployment rate,5.06656561803248,0.250154539159675,0.117381798562965,0.0493735911105833,4.56625653971313,5.56687469635183,3061,Acceptable
2025 Jan-Aug,Province x age,Quebec | 55 and over,Unemployment rate,5.64064537635971,0.413638873376121,0.194094718710883,0.0733318345290252,4.81336762960746,6.46792312311195,1277,Acceptable
2025 Jan-Aug,Province x age,Saskatchewan | 15 to 24,Unemployment rate,11.4202268824478,0.954422872096962,0.447850651412173,0.083573021965426,9.51138113825391,13.3290726266418,615,Acceptable
2025 Jan-Aug,Province x age,Saskatchewan | 25 to 54,Unemployment rate,4.17492887893614,0.30581516328499,0.143499830204183,0.0732503887258836,3.56329855236616,4.78655920550613,928,Acceptable
2025 Jan-Aug,Province x age,Saskatchewan | 55 and over,Unemployment rate,3.64658667840138,0.480349578462136,0.225397858652716,0.131725808495718,2.68588752147711,4.60728583532565,276,Acceptable
2025 Jan-Aug,Province x age,Alberta | 15 to 24,Long-term share of unemployment,20.0647777321266,3.19733981810501,1.50031056692754,0.159350871501836,13.6700980959166,26.4594573683366,165,Marginal
2025 Jan-Aug,Province x age,Alberta | 25 to 54,Long-term share of unemployment,24.3406758433875,2.50473225349635,1.17531337956815,0.10290315148241,19.3312113363948,29.3501403503802,394,Acceptable
2025 Jan-Aug,Province x age,Alberta | 55 and over,Long-term share of unemployment,31.9135544489147,5.68267939586961,2.66652418294958,0.178064759441513,20.5481956571754,43.2789132406539,164,Marginal
2025 Jan-Aug,Province x age,British Columbia | 15 to 24,Long-term share of unemployment,10.4695096509165,2.33530465849912,1.09581166077552,0.223057691942114,5.79890033391822,15.1401189679147,136,Marginal
2025 Jan-Aug,Province x age,British Columbia | 25 to 54,Long-term share of unemployment,23.9951607039626,2.223921786302,1.04354668124916,0.0926820959333993,19.5473171313586,28.4430042765666,555,Acceptable
2025 Jan-Aug,Province x age,British Columbia | 55 and over,Long-term share of unemployment,22.7075117094542,3.58486593973811,1.68215221289659,0.157871368100872,15.537779829978,29.8772435889304,193,Marginal
2025 Jan-Aug,Province x age,Manitoba | 15 to 24,Long-term share of unemployment,13.1829372631873,3.05511068632403,1.43357137701485,0.231747343200614,7.07271589053924,19.2931586358354,105,Marginal
2025 Jan-Aug,Province x age,Manitoba | 25 to 54,Long-term share of unemployment,21.124623274996,2.9367614246833,1.37803750888415,0.139020771469064,15.2511004256294,26.9981461243626,242,Acceptable
2025 Jan-Aug,Province x age,Manitoba | 55 and over,Long-term share of unemployment,23.6716647443291,4.84576266930441,2.27381177828301,0.204707303928224,13.9801394057203,33.3631900829379,102,Marginal
2025 Jan-Aug,Province x age,New Brunswick | 15 to 24,Long-term share of unemployment,12.3118230910791,3.25758466096694,1.52857968422213,0.264589950397136,5.79665376914524,18.826992413013,70,Marginal
2025 Jan-Aug,Province x age,New Brunswick | 25 to 54,Long-term share of unemployment,19.4363982454688,2.84665006923659,1.33575391487537,0.146459752125126,13.7430981069957,25.129698383942,192,Acceptable
2025 Jan-Aug,Province x age,New Brunswick | 55 and over,Long-term share of unemployment,20.3991215506541,4.17280610445564,1.95803556969588,0.204558127372982,12.0535093417428,28.7447337595653,98,Marginal
2025 Jan-Aug,Province x age,Newfoundland and Labrador | 15 to 24,Long-term share of unemployment,17.7131656321464,4.22952180074712,1.98464868037462,0.23877842552724,9.25412203065211,26.1722092336406,80,Marginal
2025 Jan-Aug,Province x age,Newfoundland and Labrador | 25 to 54,Long-term share of unemployment,19.3662793829799,2.93770547124893,1.37848049058728,0.151691784113718,13.490868440482,25.2416903254777,201,Marginal
2025 Jan-Aug,Province x age,Newfoundland and Labrador | 55 and over,Long-term share of unemployment,23.3775719248241,4.18856019053814,1.96542797186971,0.179170026896181,15.0004515437478,31.7546923059004,125,Marginal
2025 Jan-Aug,Province x age,Nova Scotia | 15 to 24,Long-term share of unemployment,13.2942240534633,3.8115510464512,1.78852128228388,0.2867072971783,5.67112196056091,20.9173261463657,57,Marginal
2025 Jan-Aug,Province x age,Nova Scotia | 25 to 54,Long-term share of unemployment,21.1683942358181,2.94470112097511,1.38176310920269,0.139108384328582,15.2789919938678,27.0577964777683,197,Acceptable
2025 Jan-Aug,Province x age,Nova Scotia | 55 and over,Long-term share of unemployment,22.5349640119375,4.96970564651988,2.33197042546836,0.220533107747022,12.5955527188977,32.4743753049773,77,Marginal
2025 Jan-Aug,Province x age,Ontario | 15 to 24,Long-term share of unemployment,18.8047518464612,1.64986442012775,0.774177649025278,0.0877365696499863,15.5050230062057,22.1044806867167,743,Acceptable
2025 Jan-Aug,Province x age,Ontario | 25 to 54,Long-term share of unemployment,28.711662873373,1.49353568036484,0.70082239949795,0.0520184319156916,25.7245915126433,31.6987342341027,1958,Acceptable
2025 Jan-Aug,Province x age,Ontario | 55 and over,Long-term share of unemployment,36.0234406673465,2.9391368735422,1.3791521576944,0.0815895655465911,30.1451669202621,41.9017144144309,702,Acceptable
2025 Jan-Aug,Province x age,Prince Edward Island | 15 to 24,Long-term share of unemployment,15.5868902439024,6.20370742284434,2.91100988012483,0.398008026345808,3.17947539821376,27.9943050895911,27,Suppressed
2025 Jan-Aug,Province x age,Prince Edward Island | 25 to 54,Long-term share of unemployment,19.7106467169531,3.98730814631626,1.87099303978896,0.202292101501001,11.7360304243206,27.6852630095857,99,Marginal
2025 Jan-Aug,Province x age,Prince Edward Island | 55 and over,Long-term share of unemployment,15.6213172711798,4.7802923535062,2.2430906750534,0.306010835739538,6.06073256416739,25.1819019781922,51,Marginal
2025 Jan-Aug,Province x age,Quebec | 15 to 24,Long-term share of unemployment,11.2053995210102,2.33968822998353,1.09786859528767,0.208800072286276,6.52602306104316,15.8847759809773,164,Marginal
2025 Jan-Aug,Province x age,Quebec | 25 to 54,Long-term share of unemployment,20.7500299293667,2.15989285354758,1.01350192846543,0.104091071718927,16.4302442222715,25.0698156364619,553,Acceptable
2025 Jan-Aug,Province x age,Quebec | 55 and over,Long-term share of unemployment,27.0713851159675,3.64891064211397,1.71220436537226,0.13478847227369,19.7735638317395,34.3692064001954,271,Acceptable
2025 Jan-Aug,Province x age,Saskatchewan | 15 to 24,Long-term share of unemployment,13.8786973409023,3.17999320939571,1.49217089400333,0.229127642983024,7.51871092211089,20.2386837596937,82,Marginal
2025 Jan-Aug,Province x age,Saskatchewan | 25 to 54,Long-term share of unemployment,18.5109756739086,2.89760514580763,1.35966392887678,0.156534436479857,12.7157653822934,24.3061859655239,163,Marginal
2025 Jan-Aug,Province x age,Saskatchewan | 55 and over,Long-term share of unemployment,17.9364944241083,5.4493100045209,2.55701859900904,0.30381131762272,7.03787441506649,28.8351144331501,47,Marginal
2025 Jan-Aug,Province x age,Alberta | 15 to 24,Long-term unemployment rate,3.23174468879896,0.563629103059073,0.264475703945851,0.174403969785292,2.10448648268082,4.35900289491711,165,Marginal
2025 Jan-Aug,Province x age,Alberta | 25 to 54,Long-term unemployment rate,1.43707988504378,0.167834886421033,0.0787543607878999,0.116788835587884,1.10141011220171,1.77274965788585,394,Acceptable
2025 Jan-Aug,Province x age,Alberta | 55 and over,Long-term unemployment rate,1.55755622426549,0.342342747094926,0.160639928877479,0.219794792484213,0.872870730075635,2.24224171845534,164,Marginal
2025 Jan-Aug,Province x age,British Columbia | 15 to 24,Long-term unemployment rate,1.36851611402413,0.322183516478959,0.151180469315815,0.235425445982932,0.724149081066208,2.01288314698204,136,Marginal
2025 Jan-Aug,Province x age,British Columbia | 25 to 54,Long-term unemployment rate,1.20113402813519,0.126152191072022,0.0591952923598192,0.105027572374982,0.948829645991147,1.45343841027924,555,Acceptable
2025 Jan-Aug,Province x age,British Columbia | 55 and over,Long-term unemployment rate,1.05876158143003,0.18511426915961,0.0868624887903956,0.174840372380703,0.688533043110815,1.42899011974925,193,Marginal
2025 Jan-Aug,Province x age,Manitoba | 15 to 24,Long-term unemployment rate,1.47872351885275,0.357533550358997,0.167768017836979,0.241785259922278,0.763656418134751,2.19379061957074,105,Marginal
2025 Jan-Aug,Province x age,Manitoba | 25 to 54,Long-term unemployment rate,0.980155488335922,0.151605291935832,0.071138832414839,0.154674736549425,0.676944904464257,1.28336607220759,242,Marginal
2025 Jan-Aug,Province x age,Manitoba | 55 and over,Long-term unemployment rate,1.05986325233593,0.238335121516878,0.111835688923944,0.224873464564026,0.583193009302177,1.53653349536969,102,Marginal
2025 Jan-Aug,Province x age,New Brunswick | 15 to 24,Long-term unemployment rate,1.70838199773109,0.478761935031033,0.224652877402144,0.280242905665641,0.750858127669022,2.66590586779315,70,Marginal
2025 Jan-Aug,Province x age,New Brunswick | 25 to 54,Long-term unemployment rate,1.05483194777627,0.17297027189214,0.0811640743391212,0.163978984763197,0.708891403991995,1.40077249156055,192,Marginal
2025 Jan-Aug,Province x age,New Brunswick | 55 and over,Long-term unemployment rate,1.35117016243894,0.300350799637582,0.140935747876956,0.222289396248532,0.750468563163773,1.9518717617141,98,Marginal
2025 Jan-Aug,Province x age,Newfoundland and Labrador | 15 to 24,Long-term unemployment rate,2.79640212076826,0.742883079100887,0.34858832559978,0.265656742849556,1.31063596256649,4.28216827897004,80,Marginal
2025 Jan-Aug,Province x age,Newfoundland and Labrador | 25 to 54,Long-term unemployment rate,1.57565849068733,0.262647123162723,0.123243782854366,0.166690386727235,1.05036424436189,2.10095273701278,201,Marginal
2025 Jan-Aug,Province x age,Newfoundland and Labrador | 55 and over,Long-term unemployment rate,2.46796330496075,0.492661464319114,0.231175052664261,0.199622686175615,1.48264037632252,3.45328623359898,125,Marginal
2025 Jan-Aug,Province x age,Nova Scotia | 15 to 24,Long-term unemployment rate,1.66665354299708,0.51416774078083,0.241266596155531,0.308503073683942,0.638318061435418,2.69498902455874,57,Marginal
2025 Jan-Aug,Province x age,Nova Scotia | 25 to 54,Long-term unemployment rate,1.13951772804138,0.171523425900068,0.0804851604750614,0.150522823541222,0.796470876241248,1.48256457984152,197,Marginal
2025 Jan-Aug,Province x age,Nova Scotia | 55 and over,Long-term unemployment rate,1.16000963913489,0.285443379020098,0.133940632577858,0.246069833723947,0.589122881094692,1.73089639717508,77,Marginal
2025 Jan-Aug,Province x age,Ontario | 15 to 24,Long-term unemployment rate,2.98951869851168,0.289512265536465,0.135849905218059,0.0968424334260219,2.41049416743875,3.56854322958461,743,Acceptable
2025 Jan-Aug,Province x age,Ontario | 25 to 54,Long-term unemployment rate,1.90193421376341,0.117765662364144,0.0552600216797923,0.0619188936777774,1.66640288903512,2.1374655384917,1958,Acceptable
2025 Jan-Aug,Province x age,Ontario | 55 and over,Long-term unemployment rate,1.82225636130418,0.179763013112865,0.0843514807493347,0.0986485858577053,1.46273033507845,2.18178238752991,702,Acceptable
2025 Jan-Aug,Province x age,Prince Edward Island | 15 to 24,Long-term unemployment rate,1.48987323327991,0.636015537841315,0.298442107013503,0.426892384958919,0.217842157597277,2.76190430896254,27,Suppressed
2025 Jan-Aug,Province x age,Prince Edward Island | 25 to 54,Long-term unemployment rate,1.26789691377665,0.290779991585791,0.136444769353864,0.229340404906936,0.686336930605065,1.84945689694823,99,Marginal
2025 Jan-Aug,Province x age,Prince Edward Island | 55 and over,Long-term unemployment rate,1.37268438614659,0.453904816158589,0.212988994227597,0.330669468334811,0.464874753829411,2.28049401846377,51,Marginal
2025 Jan-Aug,Province x age,Quebec | 15 to 24,Long-term unemployment rate,1.15049994250451,0.253718268864854,0.119054032869772,0.220528710599096,0.643063404774802,1.65793648023422,164,Marginal
2025 Jan-Aug,Province x age,Quebec | 25 to 54,Long-term unemployment rate,1.00479752519632,0.116676528965293,0.0547489598471288,0.116119443011662,0.771444467265733,1.23815058312691,553,Acceptable
2025 Jan-Aug,Province x age,Quebec | 55 and over,Long-term unemployment rate,1.42878342775257,0.222557579498976,0.104432280354244,0.15576718988759,0.983668268754616,1.87389858675052,271,Marginal
2025 Jan-Aug,Province x age,Saskatchewan | 15 to 24,Long-term unemployment rate,1.51077171254618,0.37577824798289,0.176329107427934,0.248732647601385,0.759215216580403,2.26232820851196,82,Marginal
2025 Jan-Aug,Province x age,Saskatchewan | 25 to 54,Long-term unemployment rate,0.731081500212955,0.127728379164055,0.0599348983399379,0.174711546013473,0.475624741884846,0.986538258541065,163,Marginal
2025 Jan-Aug,Province x age,Saskatchewan | 55 and over,Long-term unemployment rate,0.595624548287426,0.197657938492784,0.0927484442156029,0.331849886075216,0.200308671301858,0.990940425272995,47,Marginal
2025 Jan-Aug,Province x age,Alberta | 15 to 24,Long-term unemployed (people),13063.625,2297.88387019321,1078.25243738606,0.17589940542485,8467.85725961358,17659.3927403864,165,Marginal
2025 Jan-Aug,Province x age,Alberta | 25 to 54,Long-term unemployed (people),26844.875,3142.75663194098,1474.69810918541,0.117071010088182,20559.361736118,33130.388263882,394,Acceptable
2025 Jan-Aug,Province x age,Alberta | 55 and over,Long-term unemployed (people),7922.5,1744.92692088371,818.784504260096,0.220249532456133,4432.64615823258,11412.3538417674,164,Marginal
2025 Jan-Aug,Province x age,British Columbia | 15 to 24,Long-term unemployed (people),5677,1343.65860604039,630.494510958899,0.236684623223603,2989.68278791922,8364.31721208079,136,Marginal
2025 Jan-Aug,Province x age,British Columbia | 25 to 54,Long-term unemployed (people),25163.875,2645.35522267177,1241.29889834596,0.105125113786004,19873.1645546565,30454.5854453436,555,Acceptable
2025 Jan-Aug,Province x age,British Columbia | 55 and over,Long-term unemployed (people),6751,1184.80928069857,555.956509083049,0.175501300651544,4381.38143860285,9120.61856139715,193,Marginal
2025 Jan-Aug,Province x age,Manitoba | 15 to 24,Long-term unemployed (people),1887.5,457.489764961776,214.671185323101,0.242378683423457,972.520470076448,2802.47952992355,105,Marginal
2025 Jan-Aug,Province x age,Manitoba | 25 to 54,Long-term unemployed (people),4994.125,771.988263156678,362.245558698374,0.1545792832892,3450.14847368664,6538.10152631336,242,Marginal
2025 Jan-Aug,Province x age,Manitoba | 55 and over,Long-term unemployed (people),1539.25,346.066406516116,162.387208145581,0.224827939916268,847.117186967768,2231.38281303223,102,Marginal
2025 Jan-Aug,Province x age,New Brunswick | 15 to 24,Long-term unemployed (people),1020.25,286.471845062955,134.423227034376,0.280785929980843,447.306309874091,1593.19369012591,70,Marginal
2025 Jan-Aug,Province x age,New Brunswick | 25 to 54,Long-term unemployed (people),2935.625,481.898304623085,226.124578475048,0.164155266637627,1971.82839075383,3899.42160924617,192,Marginal
2025 Jan-Aug,Province x age,New Brunswick | 55 and over,Long-term unemployed (people),1335.25,297.636059690949,139.66189108972,0.222906616506983,739.977880618102,1930.5221193819,98,Marginal
2025 Jan-Aug,Province x age,Newfoundland and Labrador | 15 to 24,Long-term unemployed (people),1016.625,271.462783775323,127.380418158702,0.26702351779203,473.699432449354,1559.55056755065,80,Marginal
2025 Jan-Aug,Province x age,Newfoundland and Labrador | 25 to 54,Long-term unemployed (people),2696.125,449.98476110683,211.14955883703,0.166900555837296,1796.15547778634,3596.09452221366,201,Marginal
2025 Jan-Aug,Province x age,Newfoundland and Labrador | 55 and over,Long-term unemployed (people),1640.375,329.566878795863,154.645017075418,0.200909474233552,981.241242408274,2299.50875759173,125,Marginal
2025 Jan-Aug,Province x age,Nova Scotia | 15 to 24,Long-term unemployed (people),1322.875,410.138756893865,192.452334090371,0.310035911854004,502.59748621227,2143.15251378773,57,Marginal
2025 Jan-Aug,Province x age,Nova Scotia | 25 to 54,Long-term unemployed (people),4081.875,614.847235315042,288.509153442459,0.150628629077334,2852.18052936992,5311.56947063008,197,Marginal
2025 Jan-Aug,Province x age,Nova Scotia | 55 and over,Long-term unemployed (people),1444.125,356.043968776427,167.069050846991,0.246546503091095,732.037062447146,2156.21293755285,77,Marginal
2025 Jan-Aug,Province x age,Ontario | 15 to 24,Long-term unemployed (people),38582.25,3740.51297267649,1755.18758026858,0.0969490626564416,31101.224054647,46063.275945353,743,Acceptable
2025 Jan-Aug,Province x age,Ontario | 25 to 54,Long-term unemployed (people),110918.25,6877.33876022951,3227.10271704183,0.0620036717152453,97163.572479541,124672.927520459,1958,Acceptable
2025 Jan-Aug,Province x age,Ontario | 55 and over,Long-term unemployed (people),32987.25,3272.80631360033,1535.72224885121,0.0992142816876318,26441.6373727993,39532.8626272007,702,Acceptable
2025 Jan-Aug,Province x age,Prince Edward Island | 15 to 24,Long-term unemployed (people),255.625,109.59939326615,51.4281049874481,0.428750682703766,36.4262134676997,474.8237865323,27,Suppressed
2025 Jan-Aug,Province x age,Prince Edward Island | 25 to 54,Long-term unemployed (people),797,183.223762208077,85.9753927300475,0.229891796998841,430.552475583847,1163.44752441615,99,Marginal
2025 Jan-Aug,Province x age,Prince Edward Island | 55 and over,Long-term unemployed (people),298.25,99.4122380402815,46.6479134839499,0.333318484627934,99.4255239194371,497.074476080563,51,Marginal
2025 Jan-Aug,Province x age,Quebec | 15 to 24,Long-term unemployed (people),8041.625,1778.76050538879,834.660478425422,0.221194162297893,4484.10398922242,11599.1460107776,164,Marginal
2025 Jan-Aug,Province x age,Quebec | 25 to 54,Long-term unemployed (people),32065.125,3726.18526626468,1748.46448840084,0.1162067905946,24612.7544674707,39517.4955325294,553,Acceptable
2025 Jan-Aug,Province x age,Quebec | 55 and over,Long-term unemployed (people),14851.125,2314.44694984401,1086.02444938186,0.155843207153937,10222.231100312,19480.018899688,271,Marginal
2025 Jan-Aug,Province x age,Saskatchewan | 15 to 24,Long-term unemployed (people),1451.625,362.249403964444,169.98087145869,0.249547509835146,727.126192071113,2176.12380792889,82,Marginal
2025 Jan-Aug,Province x age,Saskatchewan | 25 to 54,Long-term unemployed (people),3079,537.936581296469,252.419818714891,0.174711458686739,2003.12683740706,4154.87316259294,163,Marginal
2025 Jan-Aug,Province x age,Saskatchewan | 55 and over,Long-term unemployed (people),790.125,262.435042529248,123.144266746119,0.332143701982911,265.254914941504,1314.9950850585,47,Marginal
2025 Jan-Aug,Province x age,Alberta | 15 to 24,Unemployed (people),66903.25,4853.4100097973,2277.40019440487,0.0725437106537769,57196.4299804054,76610.0700195946,967,Acceptable
2025 Jan-Aug,Province x age,Alberta | 25 to 54,Unemployed (people),115008.875,6576.5877659442,3085.97918297605,0.0571833066443281,101855.699468112,128162.050531888,1683,Acceptable
2025 Jan-Aug,Province x age,Alberta | 55 and over,Unemployed (people),25939.25,3009.94570424603,1412.37829034855,0.116038270352691,19919.3585915079,31959.1414084921,505,Acceptable
2025 Jan-Aug,Province x age,British Columbia | 15 to 24,Unemployed (people),56304.5,4157.2844584259,1950.7522370258,0.0738357406322035,47989.9310831482,64619.0689168518,1277,Acceptable
2025 Jan-Aug,Province x age,British Columbia | 25 to 54,Unemployed (people),110826.625,5623.74520488626,2638.87007218382,0.0507436295645226,99579.1345902275,122074.115409773,2512,Acceptable
2025 Jan-Aug,Province x age,British Columbia | 55 and over,Unemployed (people),30820.25,2552.75638205823,1197.8480839311,0.0828272444921191,25714.7372358835,35925.7627641165,834,Acceptable
2025 Jan-Aug,Province x age,Manitoba | 15 to 24,Unemployed (people),15030.125,1318.34783598265,618.617757803142,0.0877136973899185,12393.4293280347,17666.8206719653,750,Acceptable
2025 Jan-Aug,Province x age,Manitoba | 25 to 54,Unemployed (people),25276.625,1724.88824525411,809.381613574506,0.0682404492393312,21826.8485094918,28726.4014905082,1228,Acceptable
2025 Jan-Aug,Province x age,Manitoba | 55 and over,Unemployed (people),7046.375,801.329499868915,376.013556468527,0.113722233044497,5443.71600026217,8649.03399973783,426,Acceptable
2025 Jan-Aug,Province x age,New Brunswick | 15 to 24,Unemployed (people),8960.125,818.455434448319,384.04968089687,0.0913441982615553,7323.21413110336,10597.0358688966,581,Acceptable
2025 Jan-Aug,Province x age,New Brunswick | 25 to 54,Unemployed (people),16195.875,1048.76926312704,492.121481372872,0.0647553320291146,14098.3364737459,18293.4135262541,1071,Acceptable
2025 Jan-Aug,Province x age,New Brunswick | 55 and over,Unemployed (people),7238.625,699.393694888842,328.181491670825,0.0966196888067612,5839.83761022232,8637.41238977769,535,Acceptable
2025 Jan-Aug,Province x age,Newfoundland and Labrador | 15 to 24,Unemployed (people),6065.75,626.259722089483,293.864316007808,0.103245224760249,4813.23055582103,7318.26944417897,524,Acceptable
2025 Jan-Aug,Province x age,Newfoundland and Labrador | 25 to 54,Unemployed (people),15052.5,991.37722146923,465.191004334061,0.0658613002138668,13069.7455570615,17035.2544429385,1156,Acceptable
2025 Jan-Aug,Province x age,Newfoundland and Labrador | 55 and over,Unemployed (people),7492.25,754.249290687649,353.92177412877,0.100670598376676,5983.7514186247,9000.7485813753,547,Acceptable
2025 Jan-Aug,Province x age,Nova Scotia | 15 to 24,Unemployed (people),10520.125,1022.89719341264,479.98134557592,0.0972324181901487,8474.33061317472,12565.9193868253,489,Acceptable
2025 Jan-Aug,Province x age,Nova Scotia | 25 to 54,Unemployed (people),20796.375,1438.16447050335,674.840171775905,0.0691545747998555,17920.0460589933,23672.7039410067,979,Acceptable
2025 Jan-Aug,Province x age,Nova Scotia | 55 and over,Unemployed (people),7018.25,786.877264633186,369.232031052583,0.112118728263198,5444.49547073363,8592.00452926637,376,Acceptable
2025 Jan-Aug,Province x age,Ontario | 15 to 24,Unemployed (people),212824,8754.65165664561,4108.0076368047,0.0411356409833741,195314.696686709,230333.303313291,4214,Acceptable
2025 Jan-Aug,Province x age,Ontario | 25 to 54,Unemployed (people),399451.625,12862.3072379907,6035.47216187461,0.0321999121620563,373727.010524019,425176.239475981,7319,Acceptable
2025 Jan-Aug,Province x age,Ontario | 55 and over,Unemployed (people),96292.25,5498.80927015726,2580.24549246242,0.0571054188697144,85294.6314596855,107289.868540315,2107,Acceptable
2025 Jan-Aug,Province x age,Prince Edward Island | 15 to 24,Unemployed (people),1740.5,281.477885490535,132.079875766274,0.161722427745208,1177.54422901893,2303.45577098107,207,Marginal
2025 Jan-Aug,Province x age,Prince Edward Island | 25 to 54,Unemployed (people),4358.875,414.019615669845,194.273377132899,0.0949831357104401,3530.83576866031,5186.91423133969,540,Acceptable
2025 Jan-Aug,Province x age,Prince Edward Island | 55 and over,Unemployed (people),2087.5,249.055817047031,116.86623734974,0.119308175830913,1589.38836590594,2585.61163409406,327,Acceptable
2025 Jan-Aug,Province x age,Quebec | 15 to 24,Unemployed (people),74015.75,5028.14868005732,2359.39406692274,0.0679334963174368,63959.4526398854,84072.0473601146,1606,Acceptable
2025 Jan-Aug,Province x age,Quebec | 25 to 54,Unemployed (people),161684.375,8029.45232414734,3767.71718174735,0.0496612757055055,145625.470351705,177743.279648295,3061,Acceptable
2025 Jan-Aug,Province x age,Quebec | 55 and over,Unemployed (people),58630.25,4334.41825356049,2033.86999107107,0.0739280192999431,49961.413492879,67299.086507121,1277,Acceptable
2025 Jan-Aug,Province x age,Saskatchewan | 15 to 24,Unemployed (people),10973.125,937.591373807386,439.952687424085,0.0854443354839562,9097.94225238523,12848.3077476148,615,Acceptable
2025 Jan-Aug,Province x age,Saskatchewan | 25 to 54,Unemployed (people),17583,1292.68576571976,606.576161546582,0.0735190676061971,14997.6284685605,20168.3715314395,928,Acceptable
2025 Jan-Aug,Province x age,Saskatchewan | 55 and over,Unemployed (people),4837.375,642.345996061277,301.412593074172,0.132788133246084,3552.68300787745,6122.06699212256,276,Acceptable
2026 Jan-Aug,Canada,Canada,Unemployment rate,6.79840716251439,0.0960053475946202,0.0450492739814964,0.0141217413578849,6.60639646732515,6.99041785770363,37909,Acceptable
2026 Jan-Aug,Canada,Canada,Long-term share of unemployment,24.0154338753962,0.648733464019947,0.30440983022114,0.0270131894091897,22.7179669473563,25.3129008034361,8299,Acceptable
2026 Jan-Aug,Canada,Canada,Long-term unemployment rate,1.55243901749795,0.0480024726423959,0.0225245426013931,0.0309206816508393,1.45643407221316,1.64844396278274,8299,Acceptable
2026 Jan-Aug,Canada,Canada,Long-term unemployed (people),351598.5,10890.8029722057,5110.36915407078,0.0309751121583445,329816.894055589,373380.105944411,8299,Acceptable
2026 Jan-Aug,Canada,Canada,Unemployed (people),1539712.5,21887.7931682876,10270.5652965499,0.0142155065756026,1495936.91366342,1583488.08633658,37909,Acceptable
2026 Jan-Aug,Province,Alberta,Unemployment rate,6.99436407055579,0.315676414492173,0.14812709544058,0.0451329686741755,6.36301124157145,7.62571689954014,2740,Acceptable
2026 Jan-Aug,Province,British Columbia,Unemployment rate,6.6634173167058,0.254358961212496,0.119354669509604,0.0381724495289819,6.15469939428081,7.17213523913079,4343,Acceptable
2026 Jan-Aug,Province,Manitoba,Unemployment rate,5.60599263670034,0.281268217104274,0.131981491573991,0.0501727767644425,5.04345620249179,6.16852907090888,2015,Acceptable
2026 Jan-Aug,Province,New Brunswick,Unemployment rate,7.51399116514535,0.322075763344038,0.151129907543798,0.0428634737871438,6.86983963845727,8.15814269183342,2480,Acceptable
2026 Jan-Aug,Province,Newfoundland and Labrador,Unemployment rate,9.48282419434027,0.391492584326896,0.183702857548476,0.0412843870458502,8.69983902568648,10.2658093629941,2717,Acceptable
2026 Jan-Aug,Province,Nova Scotia,Unemployment rate,6.84729924476563,0.329780330993628,0.154745176772559,0.0481621029263072,6.18773858277837,7.50685990675288,1906,Acceptable
2026 Jan-Aug,Province,Ontario,Unemployment rate,7.35121834603444,0.163672778552079,0.0768013452275503,0.0222647146156897,7.02387278893028,7.6785639031386,13074,Acceptable
2026 Jan-Aug,Province,Prince Edward Island,Unemployment rate,7.56982124990379,0.488457623563848,0.22920245448402,0.0645269693217731,6.5929060027761,8.54673649703149,1096,Acceptable
2026 Jan-Aug,Province,Quebec,Unemployment rate,5.80737662151426,0.220948816966928,0.10367738923731,0.0380462352223535,5.3654789875804,6.24927425544812,5362,Acceptable
2026 Jan-Aug,Province,Saskatchewan,Unemployment rate,6.13694173282257,0.273395844948955,0.128287482240191,0.0445492000497145,5.59015004292467,6.68373342272048,2176,Acceptable
2026 Jan-Aug,Province,Alberta,Long-term share of unemployment,23.8416964126065,1.93911234901993,0.909903517674436,0.081332817743397,19.9634717145667,27.7199211106464,641,Acceptable
2026 Jan-Aug,Province,British Columbia,Long-term share of unemployment,23.1743821221879,1.73942737628046,0.816203913722041,0.0750581986224812,19.695527369627,26.6532368747489,965,Acceptable
2026 Jan-Aug,Province,Manitoba,Long-term share of unemployment,24.1179156457875,2.36254351788522,1.10859314503835,0.0979580305604837,19.3928286100171,28.843002681558,446,Acceptable
2026 Jan-Aug,Province,New Brunswick,Long-term share of unemployment,20.7840239689184,1.94017281552431,0.91040112793575,0.0933492387434579,16.9036783378697,24.664369599967,475,Acceptable
2026 Jan-Aug,Province,Newfoundland and Labrador,Long-term share of unemployment,21.5603817524016,1.84106216737108,0.863894731625501,0.0853909818719239,17.8782574176594,25.2425060871437,542,Acceptable
2026 Jan-Aug,Province,Nova Scotia,Long-term share of unemployment,22.5852326530331,2.21410494270905,1.03894025371431,0.0980333024115074,18.157022767615,27.0134425384512,402,Acceptable
2026 Jan-Aug,Province,Ontario,Long-term share of unemployment,27.4461669565045,1.05152558879626,0.493414851725319,0.0383122929501477,25.343115778912,29.549218134097,3357,Acceptable
2026 Jan-Aug,Province,Prince Edward Island,Long-term share of unemployment,15.4788939932391,2.58729715321804,1.21405589633422,0.167150001437319,10.3042996868031,20.6534882996752,157,Marginal
2026 Jan-Aug,Province,Quebec,Long-term share of unemployment,17.6394009685618,1.52503405653417,0.715602607200711,0.0864561137451435,14.5893328554934,20.6894690816301,824,Acceptable
2026 Jan-Aug,Province,Saskatchewan,Long-term share of unemployment,24.2147775423729,2.20145878447224,1.03300620668988,0.0909138554182445,19.8118599734284,28.6176951113174,490,Acceptable
2026 Jan-Aug,Province,Alberta,Long-term unemployment rate,1.57168813455612,0.145112042040123,0.068091958455096,0.0923287762054055,1.28146405047587,1.86191221863636,641,Acceptable
2026 Jan-Aug,Province,British Columbia,Long-term unemployment rate,1.47154800377298,0.122871563952648,0.0576559002984951,0.0834981690285405,1.22580487586769,1.71729113167828,965,Acceptable
2026 Jan-Aug,Province,Manitoba,Long-term unemployment rate,1.27206589507849,0.143159121595902,0.0671755756664283,0.112540649151724,0.985747651886685,1.55838413827029,446,Acceptable
2026 Jan-Aug,Province,New Brunswick,Long-term unemployment rate,1.45098288183141,0.151242825267068,0.0709687495946687,0.104234741264605,1.14849723129727,1.75346853236555,475,Acceptable
2026 Jan-Aug,Province,Newfoundland and Labrador,Long-term unemployment rate,1.91210062765509,0.185515694172338,0.0870508523121628,0.0970219304827308,1.54106923931041,2.28313201599976,542,Acceptable
2026 Jan-Aug,Province,Nova Scotia,Long-term unemployment rate,1.43565448684162,0.1595406562022,0.0748623999861793,0.111127473681486,1.11657317443722,1.75473579924602,402,Acceptable
2026 Jan-Aug,Province,Ontario,Long-term unemployment rate,1.94034679804242,0.0892862798786991,0.0418964379153967,0.0460156297672036,1.76177423828502,2.11891935779982,3357,Acceptable
2026 Jan-Aug,Province,Prince Edward Island,Long-term unemployment rate,1.07377530208574,0.191173500717929,0.089705705230178,0.178038645838274,0.69142830064988,1.4561223035216,157,Marginal
2026 Jan-Aug,Province,Quebec,Long-term unemployment rate,0.965276884183086,0.0924662220922533,0.0433885848802576,0.09579243386783,0.780344439998579,1.15020932836759,824,Acceptable
2026 Jan-Aug,Province,Saskatchewan,Long-term unemployment rate,1.38654921398612,0.143591718290672,0.0673785660988829,0.103560491645203,1.09936577740478,1.67373265056747,490,Acceptable
2026 Jan-Aug,Province,Alberta,Long-term unemployed (people),45001.5,4170.48074020877,1956.94442244535,0.0926742606403957,36660.5385195825,53342.4614804175,641,Acceptable
2026 Jan-Aug,Province,British Columbia,Long-term unemployed (people),46219.625,3862.86813971391,1812.60116795949,0.0835763626319752,38493.8887205722,53945.3612794278,965,Acceptable
2026 Jan-Aug,Province,Manitoba,Long-term unemployed (people),10102,1137.38795715553,533.704663218417,0.112590373901755,7827.22408568895,12376.7759143111,446,Acceptable
2026 Jan-Aug,Province,New Brunswick,Long-term unemployed (people),6399.375,666.245436468283,312.627097952023,0.104111016539628,5066.88412706343,7731.86587293657,475,Acceptable
2026 Jan-Aug,Province,Newfoundland and Labrador,Long-term unemployed (people),5184.625,503.909312990225,236.452960918152,0.0971930106787328,4176.80637401955,6192.44362598045,542,Acceptable
2026 Jan-Aug,Province,Nova Scotia,Long-term unemployed (people),8198.75,909.778808177558,426.901998888724,0.110965550623883,6379.19238364489,10018.3076163551,402,Acceptable
2026 Jan-Aug,Province,Ontario,Long-term unemployed (people),173114.125,7980.13032892963,3744.57347015684,0.046097511274309,157153.864342141,189074.385657859,3357,Acceptable
2026 Jan-Aug,Province,Prince Edward Island,Long-term unemployed (people),1116.125,199.394959022342,93.5635187474711,0.178649308117229,717.335081955316,1514.91491804468,157,Marginal
2026 Jan-Aug,Province,Quebec,Long-term unemployed (people),47118.875,4519.36599806508,2120.65434030991,0.0959141320344571,38080.1430038698,56157.6069961302,824,Acceptable
2026 Jan-Aug,Province,Saskatchewan,Long-term unemployed (people),9143.5,948.218217785323,444.939197216666,0.103704075877435,7247.06356442936,11039.9364355706,490,Acceptable
2026 Jan-Aug,Province,Alberta,Unemployed (people),200266.75,9142.2050998015,4289.86210304675,0.0456501396252823,181982.339800397,218551.160199603,2740,Acceptable
2026 Jan-Aug,Province,British Columbia,Unemployed (people),209290.25,8052.64961826735,3778.6022135151,0.0384759902492703,193184.950763465,225395.549236535,4343,Acceptable
2026 Jan-Aug,Province,Manitoba,Unemployed (people),44519.5,2249.62761341943,1055.60880984666,0.0505312865917054,40020.2447731611,49018.7552268389,2015,Acceptable
2026 Jan-Aug,Province,New Brunswick,Unemployed (people),33139.5,1432.67097324449,672.262418876391,0.0432315204889781,30274.158053511,36004.841946489,2480,Acceptable
2026 Jan-Aug,Province,Newfoundland and Labrador,Unemployed (people),25712.5,1078.11051208535,505.889484889339,0.0419294316805192,23556.2789758293,27868.7210241707,2717,Acceptable
2026 Jan-Aug,Province,Nova Scotia,Unemployed (people),39103.625,1902.81826051964,892.872983670621,0.048660917255616,35297.9884789607,42909.2615210393,1906,Acceptable
2026 Jan-Aug,Province,Ontario,Unemployed (people),655862,14726.4118587674,6910.17926825512,0.0224535220195215,626409.176282465,685314.823717535,13074,Acceptable
2026 Jan-Aug,Province,Prince Edward Island,Unemployed (people),7868.375,514.755777930217,241.542525021139,0.0654208496583115,6838.86344413957,8897.88655586044,1096,Acceptable
2026 Jan-Aug,Province,Quebec,Unemployed (people),283480.375,10856.7178885847,5094.37516718154,0.0382979523312141,261766.939222831,305193.810777169,5362,Acceptable
2026 Jan-Aug,Province,Saskatchewan,Unemployed (people),40469.625,1817.83477636577,852.995577281601,0.0449184981666069,36833.9554472685,44105.2945527315,2176,Acceptable
2026 Jan-Aug,Age,15 to 24,Unemployment rate,13.7637302563441,0.340355016128651,0.159707211699272,0.0247283991904573,13.0830202240868,14.4444402886014,10971,Acceptable
2026 Jan-Aug,Age,25 to 54,Unemployment rate,5.81383297833423,0.116396659532302,0.0546176347170004,0.0200206404219152,5.58103965926963,6.04662629739883,19743,Acceptable
2026 Jan-Aug,Age,55 and over,Unemployment rate,5.14343958817783,0.171888845955461,0.0806566291339038,0.0334190463421689,4.79966189626691,5.48721728008875,7195,Acceptable
2026 Jan-Aug,Age,15 to 24,Long-term share of unemployment,18.2791312872614,1.05969675559605,0.497249066601207,0.0579730370630112,16.1597377760693,20.3985247984535,1930,Acceptable
2026 Jan-Aug,Age,25 to 54,Long-term share of unemployment,25.5913045573222,0.897349241805427,0.421069584809732,0.0350646150060637,23.7966060737113,27.386003040933,4540,Acceptable
2026 Jan-Aug,Age,55 and over,Long-term share of unemployment,28.862788734127,1.67193215864217,0.78453265136,0.0579269097675687,25.5189244168426,32.2066530514113,1829,Acceptable
2026 Jan-Aug,Age,15 to 24,Long-term unemployment rate,2.37958085085453,0.151477195585869,0.0710787248509366,0.063657091345088,2.07662645968279,2.68253524202627,1930,Acceptable
2026 Jan-Aug,Age,25 to 54,Long-term unemployment rate,1.42020327719231,0.0588741482938582,0.0276259365063315,0.0414547334450955,1.30245498060459,1.53795157378002,4540,Acceptable
2026 Jan-Aug,Age,55 and over,Long-term unemployment rate,1.40550486523847,0.0975568794885801,0.0457773103579404,0.0694105597934217,1.21039110626131,1.60061862421563,1829,Acceptable
2026 Jan-Aug,Age,15 to 24,Long-term unemployed (people),75957.125,4868.68136638618,2284.5660819755,0.0640977573385799,66219.7622672277,85694.4877327724,1930,Acceptable
2026 Jan-Aug,Age,25 to 54,Long-term unemployed (people),211118.25,8755.99233779571,4108.63673418277,0.0414743506911208,193606.265324409,228630.234675591,4540,Acceptable
2026 Jan-Aug,Age,55 and over,Long-term unemployed (people),64523.125,4504.95021253598,2113.88991844977,0.0698191572794402,55513.224574928,73533.025425072,1829,Acceptable
2026 Jan-Aug,Age,15 to 24,Unemployed (people),439343.5,11321.0784207708,5312.27037161304,0.0257681709659318,416701.343158458,461985.656841542,10971,Acceptable
2026 Jan-Aug,Age,25 to 54,Unemployed (people),864246.875,17371.6004625894,8151.39998284982,0.0201002757025756,829503.674074821,898990.075925179,19743,Acceptable
2026 Jan-Aug,Age,55 and over,Unemployed (people),236122.125,7998.64499719088,3753.26123999544,0.033875033935049,220124.835005618,252119.414994382,7195,Acceptable
2026 Jan-Aug,Gender,Men+,Unemployment rate,7.07912716420764,0.136259816774831,0.0639381656579912,0.0192481097759857,6.80660753065797,7.3516467977573,21011,Acceptable
2026 Jan-Aug,Gender,Women+,Unemployment rate,6.48491754174504,0.136264082064781,0.0639401670904152,0.0210124617911661,6.21238937761548,6.7574457058746,16898,Acceptable
2026 Jan-Aug,Gender,Men+,Long-term share of unemployment,24.3610745806629,0.889565286131318,0.417417063772014,0.0365158475742046,22.5819440084003,26.1402051529256,4701,Acceptable
2026 Jan-Aug,Gender,Women+,Long-term share of unemployment,23.5917216068069,0.966204761313081,0.453379151319884,0.0409552459721423,21.6593120841808,25.5241311294331,3598,Acceptable
2026 Jan-Aug,Gender,Men+,Long-term unemployment rate,1.64392677768441,0.0693740375367282,0.0325528744231099,0.0422001992293395,1.50517870261095,1.78267485275787,4701,Acceptable
2026 Jan-Aug,Gender,Women+,Long-term unemployment rate,1.45027150868883,0.067311883074852,0.0315852349772585,0.0464132975595084,1.31564774253913,1.58489527483854,3598,Acceptable
2026 Jan-Aug,Gender,Men+,Long-term unemployed (people),196425.75,8295.17082246308,3892.40216787043,0.0422305671352309,179835.408355074,213016.091644926,4701,Acceptable
2026 Jan-Aug,Gender,Women+,Long-term unemployed (people),155172.75,7196.1655355819,3376.70807877786,0.0463751885275082,140780.418928836,169565.081071164,3598,Acceptable
2026 Jan-Aug,Gender,Men+,Unemployed (people),845854.5,16376.2949288972,7684.36566855387,0.0193606523685778,813101.910142206,878607.089857795,21011,Acceptable
2026 Jan-Aug,Gender,Women+,Unemployed (people),693858,14689.731700566,6892.96757601192,0.0211710922127669,664478.536598868,723237.463401132,16898,Acceptable
2026 Jan-Aug,Immigrant status,"Immigrant, landed 10 years or less",Unemployment rate,9.3824956485616,0.383909592362398,0.180144636145533,0.0409176413976013,8.6146764638368,10.1503148332864,4406,Acceptable
2026 Jan-Aug,Immigrant status,"Immigrant, landed over 10 years",Unemployment rate,6.06839348112064,0.223116212735285,0.104694411812003,0.0367669323733574,5.62216105565007,6.51462590659121,4720,Acceptable
2026 Jan-Aug,Immigrant status,Non-immigrant (incl. non-permanent residents),Unemployment rate,6.61401908109197,0.111844106468102,0.0524814077729513,0.0169101578173308,6.39033086815576,6.83770729402817,28783,Acceptable
2026 Jan-Aug,Immigrant status,"Immigrant, landed 10 years or less",Long-term share of unemployment,23.4663325585616,1.8302442806728,0.858818577494699,0.0779944746843299,19.805843997216,27.1268211199072,975,Acceptable
2026 Jan-Aug,Immigrant status,"Immigrant, landed over 10 years",Long-term share of unemployment,29.6479290000997,1.77340250286007,0.832146304684507,0.0598153922607582,26.1011239943795,33.1947340058198,1284,Acceptable
2026 Jan-Aug,Immigrant status,Non-immigrant (incl. non-permanent residents),Long-term share of unemployment,22.7537825137928,0.750687469645434,0.352250435437499,0.0329917660586931,21.252407574502,24.2551574530837,6040,Acceptable
2026 Jan-Aug,Immigrant status,"Immigrant, landed 10 years or less",Long-term unemployment rate,2.14428612737096,0.191722694738555,0.08996340745744,0.0894109663310747,1.76084073789385,2.52773151684807,975,Acceptable
2026 Jan-Aug,Immigrant status,"Immigrant, landed over 10 years",Long-term unemployment rate,1.73484501444698,0.124972052785293,0.0586415276545508,0.0720364365373183,1.48490090887639,1.98478912001756,1284,Acceptable
2026 Jan-Aug,Immigrant status,Non-immigrant (incl. non-permanent residents),Long-term unemployment rate,1.41902686001106,0.0521999414963353,0.024494150848929,0.0367857318049135,1.31462697701839,1.52342674300373,6040,Acceptable
2026 Jan-Aug,Immigrant status,"Immigrant, landed 10 years or less",Long-term unemployed (people),50101.5,4544.50395546742,2132.45000335084,0.0907059460388895,41012.4920890652,59190.5079109348,975,Acceptable
2026 Jan-Aug,Immigrant status,"Immigrant, landed over 10 years",Long-term unemployed (people),72892.25,5274.30039323119,2474.89759089941,0.0723574919587636,62343.6492135376,83440.8507864624,1284,Acceptable
2026 Jan-Aug,Immigrant status,Non-immigrant (incl. non-permanent residents),Long-term unemployed (people),228604.75,8485.55252346309,3981.73633127169,0.0371188810532725,211633.644953074,245575.855046926,6040,Acceptable
2026 Jan-Aug,Immigrant status,"Immigrant, landed 10 years or less",Unemployed (people),219223.125,9378.24805585768,4400.62222282338,0.0427794652405291,200466.628888285,237979.621111715,4406,Acceptable
2026 Jan-Aug,Immigrant status,"Immigrant, landed over 10 years",Unemployed (people),254973.125,9577.06738165447,4493.91563308689,0.037561085630709,235818.990236691,274127.259763309,4720,Acceptable
2026 Jan-Aug,Immigrant status,Non-immigrant (incl. non-permanent residents),Unemployed (people),1065516.25,18337.94216693,8604.84339292325,0.0172103824478792,1028840.36566614,1102192.13433386,28783,Acceptable
2026 Jan-Aug,Education,Bachelor's or above,Unemployment rate,4.85108453831834,0.142590012048308,0.0669085283344055,0.0293934296386716,4.56590451422172,5.13626456241495,8339,Acceptable
2026 Jan-Aug,Education,High school or less,Unemployment rate,10.9087994519185,0.233924956886465,0.109766275920224,0.0214436939571132,10.4409495381456,11.3766493656915,16055,Acceptable
2026 Jan-Aug,Education,"Some postsecondary, certificate or diploma",Unemployment rate,6.05111150120246,0.145820833030399,0.0684245495067048,0.0240981897295104,5.75946983514166,6.34275316726325,13515,Acceptable
2026 Jan-Aug,Education,Bachelor's or above,Long-term share of unemployment,28.2253595029501,1.39079992930202,0.652614970294464,0.0492748348929501,25.443759644346,31.0069593615541,2169,Acceptable
2026 Jan-Aug,Education,High school or less,Long-term share of unemployment,22.5118420140317,0.936669414919994,0.439520070079756,0.0416078530728923,20.6385031841917,24.3851808438717,3386,Acceptable
2026 Jan-Aug,Education,"Some postsecondary, certificate or diploma",Long-term share of unemployment,22.460310790382,1.1705053311002,0.549244564794326,0.0521143871081889,20.1193001281816,24.8013214525825,2744,Acceptable
2026 Jan-Aug,Education,Bachelor's or above,Long-term unemployment rate,1.30285151244491,0.0774981668636937,0.0363650175701453,0.0594834991734875,1.14785517871752,1.4578478461723,2169,Acceptable
2026 Jan-Aug,Education,High school or less,Long-term unemployment rate,2.34620228754179,0.108633295636358,0.0509747761062158,0.0463017601735345,2.12893569626907,2.5634688788145,3386,Acceptable
2026 Jan-Aug,Education,"Some postsecondary, certificate or diploma",Long-term unemployment rate,1.28446695161479,0.0739205350807009,0.0346862598922137,0.0575495811610962,1.13662588145338,1.43230802177619,2744,Acceptable
2026 Jan-Aug,Education,Bachelor's or above,Long-term unemployed (people),110005.375,6563.83768984122,3079.99637383011,0.059668336113951,96877.6996203175,123133.050379682,2169,Acceptable
2026 Jan-Aug,Education,High school or less,Long-term unemployed (people),130682.875,6142.35361920663,2882.22039725609,0.0470019780266284,118398.167761587,142967.582238413,3386,Acceptable
2026 Jan-Aug,Education,"Some postsecondary, certificate or diploma",Long-term unemployed (people),110910.25,6445.72461296564,3024.57333236129,0.0581165817673807,98018.8007740687,123801.699225931,2744,Acceptable
2026 Jan-Aug,Education,Bachelor's or above,Unemployed (people),409598,12255.9163883174,5750.93105857953,0.0299218169725376,385086.167223365,434109.832776635,8339,Acceptable
2026 Jan-Aug,Education,High school or less,Unemployed (people),607617.375,13645.0624002087,6402.76994941125,0.0224566692159003,580327.250199583,634907.499800417,16055,Acceptable
2026 Jan-Aug,Education,"Some postsecondary, certificate or diploma",Unemployed (people),522497.125,12759.6146072425,5987.2849663239,0.0244204494086785,496977.895785515,548016.354214485,13515,Acceptable
2026 Jan-Aug,Age x immigrant status,"15 to 24 | Immigrant, landed 10 years or less",Unemployment rate,17.8317942399324,1.40317516571382,0.658421890738674,0.0786895108161104,15.0254439085048,20.6381445713601,1013,Acceptable
2026 Jan-Aug,Age x immigrant status,"15 to 24 | Immigrant, landed over 10 years",Unemployment rate,16.10706492902,1.59532508211687,0.748585766464776,0.099045051916478,12.9164147647863,19.2977150932537,644,Acceptable
2026 Jan-Aug,Age x immigrant status,15 to 24 | Non-immigrant (incl. non-permanent residents),Unemployment rate,13.1910876112064,0.35745857437066,0.167732836319228,0.0270984914137773,12.4761704624651,13.9060047599477,9314,Acceptable
2026 Jan-Aug,Age x immigrant status,"25 to 54 | Immigrant, landed 10 years or less",Unemployment rate,8.15548057309152,0.387051664069183,0.181619012862402,0.0474590872481794,7.38137724495316,8.92958390122989,3116,Acceptable
2026 Jan-Aug,Age x immigrant status,"25 to 54 | Immigrant, landed over 10 years",Unemployment rate,5.7869685102946,0.281244517902323,0.131970371028432,0.0485996281821838,5.22447947448995,6.34945754609924,2730,Acceptable
2026 Jan-Aug,Age x immigrant status,25 to 54 | Non-immigrant (incl. non-permanent residents),Unemployment rate,5.36735937261021,0.133288483719792,0.0625439058564234,0.0248331580702359,5.10078240517063,5.6339363400498,13897,Acceptable
2026 Jan-Aug,Age x immigrant status,"55 and over | Immigrant, landed 10 years or less",Unemployment rate,12.6760695828335,2.09133798584144,0.981333438944407,0.16498315760854,8.49339361115061,16.8587455545164,277,Marginal
2026 Jan-Aug,Age x immigrant status,"55 and over | Immigrant, landed over 10 years",Unemployment rate,4.96906875165759,0.35496261044143,0.166561637362992,0.0714344333277783,4.25914353077473,5.67899397254045,1346,Acceptable
2026 Jan-Aug,Age x immigrant status,55 and over | Non-immigrant (incl. non-permanent residents),Unemployment rate,4.99587239037643,0.193615187559995,0.0908514353616882,0.0387550306394849,4.60864201525644,5.38310276549642,5572,Acceptable
2026 Jan-Aug,Age x immigrant status,"15 to 24 | Immigrant, landed 10 years or less",Long-term share of unemployment,15.8108464038762,3.15164802275481,1.47887027991219,0.19933455440957,9.50755035836654,22.1141424493858,158,Marginal
2026 Jan-Aug,Age x immigrant status,"15 to 24 | Immigrant, landed over 10 years",Long-term share of unemployment,20.737939752185,4.43708340054106,2.08204429021749,0.21395970156937,11.8637729511028,29.6121065532671,105,Marginal
2026 Jan-Aug,Age x immigrant status,15 to 24 | Non-immigrant (incl. non-permanent residents),Long-term share of unemployment,18.3434829437336,1.1620465084899,0.545275371130852,0.0633492838875988,16.0193899267538,20.6675759607134,1667,Acceptable
2026 Jan-Aug,Age x immigrant status,"25 to 54 | Immigrant, landed 10 years or less",Long-term share of unemployment,24.6891938482658,2.21299785721436,1.03842076809168,0.0896342695842944,20.2631981338371,29.1151895626946,734,Acceptable
2026 Jan-Aug,Age x immigrant status,"25 to 54 | Immigrant, landed over 10 years",Long-term share of unemployment,30.5617650422649,2.35202965682125,1.1036596510243,0.0769598762888381,25.8577057286225,35.2658243559074,781,Acceptable
2026 Jan-Aug,Age x immigrant status,25 to 54 | Non-immigrant (incl. non-permanent residents),Long-term share of unemployment,24.49179463265,1.0729447967417,0.503465539435705,0.0438083371526951,22.3459050391666,26.6376842261334,3025,Acceptable
2026 Jan-Aug,Age x immigrant status,"55 and over | Immigrant, landed 10 years or less",Long-term share of unemployment,35.3132089398331,8.76760275510872,4.11408477310641,0.248281111185535,17.7780034296156,52.8484144500505,83,Marginal
2026 Jan-Aug,Age x immigrant status,"55 and over | Immigrant, landed over 10 years",Long-term share of unemployment,32.2666244281495,3.50225540353297,1.6433882817979,0.108541115335188,25.2621136210836,39.2711352352154,398,Acceptable
2026 Jan-Aug,Age x immigrant status,55 and over | Non-immigrant (incl. non-permanent residents),Long-term share of unemployment,26.7751938519275,1.94569162315656,0.912990757402288,0.0726676951030363,22.8838106056144,30.6665770982406,1348,Acceptable
2026 Jan-Aug,Age x immigrant status,"15 to 24 | Immigrant, landed 10 years or less",Long-term unemployment rate,2.70090001982684,0.560903788640634,0.26319688522379,0.20767291810994,1.57909244254557,3.82270759710811,158,Marginal
2026 Jan-Aug,Age x immigrant status,"15 to 24 | Immigrant, landed over 10 years",Long-term unemployment rate,3.18785080083226,0.76451583443312,0.358739217673536,0.239821711302651,1.65881913196602,4.7168824696985,105,Marginal
2026 Jan-Aug,Age x immigrant status,15 to 24 | Non-immigrant (incl. non-permanent residents),Long-term unemployment rate,2.28281287670844,0.15779409254225,0.0740428474631734,0.0691226574688727,1.96722469162394,2.59840106179294,1667,Acceptable
2026 Jan-Aug,Age x immigrant status,"25 to 54 | Immigrant, landed 10 years or less",Long-term unemployment rate,1.96953822572457,0.201706729145096,0.094648287130186,0.102413208594056,1.56612476743437,2.37295168401476,734,Acceptable
2026 Jan-Aug,Age x immigrant status,"25 to 54 | Immigrant, landed over 10 years",Long-term unemployment rate,1.70231528353148,0.15769944388161,0.0739984347970881,0.0926382118560674,1.38691639576826,2.0177141712947,781,Acceptable
2026 Jan-Aug,Age x immigrant status,25 to 54 | Non-immigrant (incl. non-permanent residents),Long-term unemployment rate,1.2428299650265,0.0632957536010601,0.0297007179004186,0.0509287315097127,1.11623845782438,1.36942147222862,3025,Acceptable
2026 Jan-Aug,Age x immigrant status,"55 and over | Immigrant, landed 10 years or less",Long-term unemployment rate,4.37048868922955,1.34438569013559,0.630835685814601,0.307605347074491,1.68171730895837,7.05926006950073,83,Marginal
2026 Jan-Aug,Age x immigrant status,"55 and over | Immigrant, landed over 10 years",Long-term unemployment rate,1.56040886724323,0.206881583781717,0.0970765210794439,0.132581650953583,1.14664569967979,1.97417203480666,398,Acceptable
2026 Jan-Aug,Age x immigrant status,55 and over | Non-immigrant (incl. non-permanent residents),Long-term unemployment rate,1.24773843440488,0.101195279386125,0.0474845826916737,0.0811029592387212,1.04534787563263,1.45012899317713,1348,Acceptable
2026 Jan-Aug,Age x immigrant status,"15 to 24 | Immigrant, landed 10 years or less",Long-term unemployed (people),6828.25,1433.09016841367,672.459120815411,0.209876640195316,3962.06966317266,9694.43033682734,158,Marginal
2026 Jan-Aug,Age x immigrant status,"15 to 24 | Immigrant, landed over 10 years",Long-term unemployed (people),7157,1734.77808850699,814.022295260428,0.242389002166688,3687.44382298602,10626.556177014,105,Marginal
2026 Jan-Aug,Age x immigrant status,15 to 24 | Non-immigrant (incl. non-permanent residents),Long-term unemployed (people),61971.875,4329.21388979392,2031.42791034231,0.0698577199704531,53313.4472204122,70630.3027795878,1667,Acceptable
2026 Jan-Aug,Age x immigrant status,"25 to 54 | Immigrant, landed 10 years or less",Long-term unemployed (people),39206.625,4070.227196633,1909.90173716462,0.103814781217027,31066.170606734,47347.079393266,734,Acceptable
2026 Jan-Aug,Age x immigrant status,"25 to 54 | Immigrant, landed over 10 years",Long-term unemployed (people),44091,4095.24341820504,1921.64027723365,0.0928816179765722,35900.5131635899,52281.4868364101,781,Acceptable
2026 Jan-Aug,Age x immigrant status,25 to 54 | Non-immigrant (incl. non-permanent residents),Long-term unemployed (people),127820.625,6535.83872108319,3066.85821802544,0.0511328959710782,114748.947557834,140892.302442166,3025,Acceptable
2026 Jan-Aug,Age x immigrant status,"55 and over | Immigrant, landed 10 years or less",Long-term unemployed (people),4066.625,1279.02300055957,600.165084804842,0.31451707510763,1508.57899888087,6624.67100111913,83,Marginal
2026 Jan-Aug,Age x immigrant status,"55 and over | Immigrant, landed over 10 years",Long-term unemployed (people),21644.25,2894.86651896253,1358.37886346981,0.133747601278055,15854.5169620749,27433.9830379251,398,Acceptable
2026 Jan-Aug,Age x immigrant status,55 and over | Non-immigrant (incl. non-permanent residents),Long-term unemployed (people),38812.25,3153.41839055868,1479.70100222342,0.0812480181014674,32505.4132188826,45119.0867811174,1348,Acceptable
2026 Jan-Aug,Age x immigrant status,"15 to 24 | Immigrant, landed 10 years or less",Unemployed (people),45081.25,3800.22227529828,1783.20540219669,0.0842971806526723,37480.8054494034,52681.6945505966,1013,Acceptable
2026 Jan-Aug,Age x immigrant status,"15 to 24 | Immigrant, landed over 10 years",Unemployed (people),36161.75,3961.44251630752,1858.85592574102,0.109547865252857,28238.864967385,44084.635032615,644,Acceptable
2026 Jan-Aug,Age x immigrant status,15 to 24 | Non-immigrant (incl. non-permanent residents),Unemployed (people),358100.5,10033.7048007188,4708.18686606543,0.0280192426447849,338033.090398562,378167.909601438,9314,Acceptable
2026 Jan-Aug,Age x immigrant status,"25 to 54 | Immigrant, landed 10 years or less",Unemployed (people),162347.125,8024.58457718255,3765.43305412129,0.0494285598046935,146297.955845635,178396.294154365,3116,Acceptable
2026 Jan-Aug,Age x immigrant status,"25 to 54 | Immigrant, landed over 10 years",Unemployed (people),149886,7406.65290741161,3475.47656950028,0.0494152416330519,135072.694185177,164699.305814823,2730,Acceptable
2026 Jan-Aug,Age x immigrant status,25 to 54 | Non-immigrant (incl. non-permanent residents),Unemployed (people),552013.75,13801.0708467458,6475.97490546385,0.0250013171714397,524411.608306509,579615.891693492,13897,Acceptable
2026 Jan-Aug,Age x immigrant status,"55 and over | Immigrant, landed 10 years or less",Unemployed (people),11794.75,2089.3450868261,980.39829672568,0.177141956109803,7616.0598263478,15973.4401736522,277,Marginal
2026 Jan-Aug,Age x immigrant status,"55 and over | Immigrant, landed over 10 years",Unemployed (people),68925.375,5049.77660650185,2369.54269310308,0.0732644052571619,58825.8217869963,79024.9282130037,1346,Acceptable
2026 Jan-Aug,Age x immigrant status,55 and over | Non-immigrant (incl. non-permanent residents),Unemployed (people),155402,6071.14899735415,2848.8085446984,0.0390673800681726,143259.702005292,167544.297994708,5572,Acceptable
2026 Jan-Aug,Province x age,Alberta | 15 to 24,Unemployment rate,15.1437788537955,1.15584467733769,0.542365241666576,0.0763247197741533,12.8320894991201,17.4554682084708,875,Acceptable
2026 Jan-Aug,Province x age,Alberta | 25 to 54,Unemployment rate,5.87591124747019,0.369214251098443,0.173249036354083,0.0628352327917486,5.1374827452733,6.61433974966707,1443,Acceptable
2026 Jan-Aug,Province x age,Alberta | 55 and over,Unemployment rate,4.84699633804702,0.567747081171621,0.266408012185859,0.117133796185285,3.71150217570378,5.98249050039026,422,Acceptable
2026 Jan-Aug,Province x age,British Columbia | 15 to 24,Unemployment rate,14.1754164559448,1.03338439428861,0.484902329639802,0.0728997555380628,12.1086476673676,16.2421852445221,1173,Acceptable
2026 Jan-Aug,Province x age,British Columbia | 25 to 54,Unemployment rate,5.5851709982962,0.294294688362964,0.13809399559015,0.052692153642698,4.99658162157027,6.17376037502212,2377,Acceptable
2026 Jan-Aug,Province x age,British Columbia | 55 and over,Unemployment rate,5.45650820185662,0.502261612341214,0.23567979859088,0.0920481732567205,4.45198497717419,6.46103142653904,793,Acceptable
2026 Jan-Aug,Province x age,Manitoba | 15 to 24,Unemployment rate,11.7944669174177,0.998921218668654,0.46873092794527,0.084694054056269,9.79662448008043,13.792309354755,649,Acceptable
2026 Jan-Aug,Province x age,Manitoba | 25 to 54,Unemployment rate,4.43090549363173,0.306304644650342,0.143729513036328,0.0691291306236558,3.81829620433105,5.04351478293242,1034,Acceptable
2026 Jan-Aug,Province x age,Manitoba | 55 and over,Unemployment rate,4.42634588666722,0.549039750351103,0.257629837920458,0.124039052620106,3.32826638596501,5.52442538736942,332,Acceptable
2026 Jan-Aug,Province x age,New Brunswick | 15 to 24,Unemployment rate,14.1624534469232,1.14629459071445,0.537883986407192,0.0809389838427666,11.8698642654943,16.4550426283521,656,Acceptable
2026 Jan-Aug,Province x age,New Brunswick | 25 to 54,Unemployment rate,6.10195013410953,0.376905270341022,0.176857948167193,0.061768002369299,5.34813959342749,6.85576067479158,1234,Acceptable
2026 Jan-Aug,Province x age,New Brunswick | 55 and over,Unemployment rate,7.17661748709228,0.618329638679354,0.290143226410305,0.0861589237257621,5.93995820973357,8.41327676445098,590,Acceptable
2026 Jan-Aug,Province x age,Newfoundland and Labrador | 15 to 24,Unemployment rate,18.0342332220864,1.44153249116288,0.676420572131388,0.0799331179435702,15.1511682397606,20.9172982044121,689,Acceptable
2026 Jan-Aug,Province x age,Newfoundland and Labrador | 25 to 54,Unemployment rate,6.96560939961098,0.423663802742571,0.198798787817338,0.0608222164691336,6.11828179412584,7.81293700509612,1226,Acceptable
2026 Jan-Aug,Province x age,Newfoundland and Labrador | 55 and over,Unemployment rate,11.1055317780071,0.829444054680988,0.389205949541721,0.0746874684851729,9.44664366864508,12.764419887369,802,Acceptable
2026 Jan-Aug,Province x age,Nova Scotia | 15 to 24,Unemployment rate,13.5178600316567,1.21384814270285,0.569582621412388,0.0897958804026827,11.090163746251,15.9455563170624,516,Acceptable
2026 Jan-Aug,Province x age,Nova Scotia | 25 to 54,Unemployment rate,5.77123582764515,0.384222754216112,0.180291583315685,0.066575472860704,5.00279031921293,6.53968133607738,997,Acceptable
2026 Jan-Aug,Province x age,Nova Scotia | 55 and over,Unemployment rate,5.80326967187436,0.639781524015265,0.300209247565685,0.110245010173485,4.52370662384382,7.08283271990489,393,Acceptable
2026 Jan-Aug,Province x age,Ontario | 15 to 24,Unemployment rate,15.8352039867782,0.601062200400176,0.282040703191683,0.0379573386551912,14.6330795859779,17.0373283875786,4065,Acceptable
2026 Jan-Aug,Province x age,Ontario | 25 to 54,Unemployment rate,6.30219247910477,0.197353380525504,0.0926055343084468,0.0313150353912292,5.90748571805376,6.69689924015578,6995,Acceptable
2026 Jan-Aug,Province x age,Ontario | 55 and over,Unemployment rate,4.89657370908881,0.276622620772971,0.129801605274115,0.0564930984822133,4.34332846754287,5.44981895063475,2014,Acceptable
2026 Jan-Aug,Province x age,Prince Edward Island | 15 to 24,Unemployment rate,12.359022556391,1.60660742511928,0.753879860739766,0.129994699644633,9.14580770615241,15.5722374066295,273,Acceptable
2026 Jan-Aug,Province x age,Prince Edward Island | 25 to 54,Unemployment rate,5.75519653731944,0.547598906238788,0.256953740361243,0.0951486022567423,4.65999872484187,6.85039434979702,499,Acceptable
2026 Jan-Aug,Province x age,Prince Edward Island | 55 and over,Unemployment rate,9.23932641977467,1.06953835538378,0.501867110661894,0.115759342920786,7.10024970900712,11.3784031305422,324,Acceptable
2026 Jan-Aug,Province x age,Quebec | 15 to 24,Unemployment rate,9.43265177901376,0.690224466209677,0.323878949100896,0.0731739581169871,8.0522028465944,10.8131007114331,1407,Acceptable
2026 Jan-Aug,Province x age,Quebec | 25 to 54,Unemployment rate,5.27698785344977,0.265043531581143,0.124368266668214,0.0502262917675419,4.74690079028748,5.80707491661206,2796,Acceptable
2026 Jan-Aug,Province x age,Quebec | 55 and over,Unemployment rate,4.91551005947878,0.414498805523286,0.194498230805508,0.0843246785191684,4.0865124484322,5.74450767052535,1159,Acceptable
2026 Jan-Aug,Province x age,Saskatchewan | 15 to 24,Unemployment rate,12.4992020747309,0.996637766826044,0.467659447551118,0.0797361112227241,10.5059265410788,14.492477608383,668,Acceptable
2026 Jan-Aug,Province x age,Saskatchewan | 25 to 54,Unemployment rate,5.01546997810968,0.311551621216303,0.146191589272878,0.0621181310178485,4.39236673567707,5.63857322054228,1142,Acceptable
2026 Jan-Aug,Province x age,Saskatchewan | 55 and over,Unemployment rate,4.95527738384689,0.557965648029427,0.261818200549376,0.112600285475092,3.83934608778804,6.07120867990575,366,Acceptable
2026 Jan-Aug,Province x age,Alberta | 15 to 24,Long-term share of unemployment,22.0219953513862,3.35664994766905,1.57506479525514,0.152422607221091,15.3086954560482,28.7352952467243,207,Marginal
2026 Jan-Aug,Province x age,Alberta | 25 to 54,Long-term share of unemployment,23.7288076017294,2.69840530505689,1.26619196686751,0.113718537835851,18.3319969916156,29.1256182118431,316,Acceptable
2026 Jan-Aug,Province x age,Alberta | 55 and over,Long-term share of unemployment,28.6467874608086,5.52329897789925,2.59173697269177,0.192806924177994,17.6001895050101,39.6933854166071,118,Marginal
2026 Jan-Aug,Province x age,British Columbia | 15 to 24,Long-term share of unemployment,16.2398289111542,3.124835382416,1.4662887934528,0.192417998952546,9.99015814632222,22.4894996759862,176,Marginal
2026 Jan-Aug,Province x age,British Columbia | 25 to 54,Long-term share of unemployment,25.9737771360882,2.35473903538244,1.10493099205041,0.0906583213925689,21.2642990653233,30.683255206853,587,Acceptable
2026 Jan-Aug,Province x age,British Columbia | 55 and over,Long-term share of unemployment,25.0740425408053,4.01850951088003,1.8856338786177,0.160265721187174,17.0370235190452,33.1110615625653,202,Marginal
2026 Jan-Aug,Province x age,Manitoba | 15 to 24,Long-term share of unemployment,20.6293552280356,3.58917920037243,1.68417615494708,0.173984070791252,13.4509968272907,27.8077136287804,127,Marginal
2026 Jan-Aug,Province x age,Manitoba | 25 to 54,Long-term share of unemployment,24.9781406525956,3.42199627341041,1.60572771774604,0.136999639845282,18.1341481057748,31.8221331994164,226,Acceptable
2026 Jan-Aug,Province x age,Manitoba | 55 and over,Long-term share of unemployment,29.1802205446102,6.14982904843984,2.88572814623148,0.210753343657499,16.8805624477305,41.4798786414898,93,Marginal
2026 Jan-Aug,Province x age,New Brunswick | 15 to 24,Long-term share of unemployment,19.4129322959679,3.67341926673808,1.72370472210513,0.189225368467444,12.0660937624917,26.759770829444,118,Marginal
2026 Jan-Aug,Province x age,New Brunswick | 25 to 54,Long-term share of unemployment,20.6195800641657,2.82672298755194,1.32640338821248,0.137089260729632,14.9661340890618,26.2730260392696,229,Acceptable
2026 Jan-Aug,Province x age,New Brunswick | 55 and over,Long-term share of unemployment,23.0291587184179,3.92757226701541,1.84296274709617,0.170547796167399,15.1740141843871,30.8843032524487,128,Marginal
2026 Jan-Aug,Province x age,Newfoundland and Labrador | 15 to 24,Long-term share of unemployment,23.9455134311297,3.73632572497064,1.75322276816326,0.156034479516039,16.4728619811885,31.418164881071,160,Marginal
2026 Jan-Aug,Province x age,Newfoundland and Labrador | 25 to 54,Long-term share of unemployment,18.4993325041932,2.57673799284461,1.20910114620212,0.139288160384194,13.345856518504,23.6528084898825,204,Acceptable
2026 Jan-Aug,Province x age,Newfoundland and Labrador | 55 and over,Long-term share of unemployment,24.2989759785625,3.34319706844382,1.56875220478761,0.137585924254311,17.6125818416749,30.9853701154502,178,Acceptable
2026 Jan-Aug,Province x age,Nova Scotia | 15 to 24,Long-term share of unemployment,11.0487009306953,3.12933608424134,1.46840068987023,0.283231133132355,4.79002876221264,17.307373099178,54,Marginal
2026 Jan-Aug,Province x age,Nova Scotia | 25 to 54,Long-term share of unemployment,26.2636292342331,3.1910116416577,1.49734115155933,0.12149926475121,19.8816059509177,32.6456525175485,244,Acceptable
2026 Jan-Aug,Province x age,Nova Scotia | 55 and over,Long-term share of unemployment,28.9079633971111,5.2507311545874,2.46383802894998,0.181636149266473,18.4065010879363,39.4094257062859,104,Marginal
2026 Jan-Aug,Province x age,Ontario | 15 to 24,Long-term share of unemployment,19.7972602157225,1.64927317725232,0.773900215913976,0.0833081527080455,16.4987138612178,23.0958065702271,783,Acceptable
2026 Jan-Aug,Province x age,Ontario | 25 to 54,Long-term share of unemployment,29.8509421226287,1.48748763069297,0.697984430014496,0.0498305086848623,26.8759668612427,32.8259173840146,1939,Acceptable
2026 Jan-Aug,Province x age,Ontario | 55 and over,Long-term share of unemployment,34.2387724090682,2.89900475166969,1.3603206759177,0.0846702304928984,28.4407629057288,40.0367819124075,635,Acceptable
2026 Jan-Aug,Province x age,Prince Edward Island | 15 to 24,Long-term share of unemployment,15.088718220339,5.07000353246046,2.37903391783319,0.336012871234238,4.94871115541806,25.2287252852599,38,Marginal
2026 Jan-Aug,Province x age,Prince Edward Island | 25 to 54,Long-term share of unemployment,15.2426674668067,3.76995355128692,1.76900219294615,0.247328990119124,7.70276036423284,22.7825745693805,69,Marginal
2026 Jan-Aug,Province x age,Prince Edward Island | 55 and over,Long-term share of unemployment,16.2447389911427,4.7744893551435,2.24036769274351,0.293909884162913,6.69576028085567,25.7937177014297,50,Marginal
2026 Jan-Aug,Province x age,Quebec | 15 to 24,Long-term share of unemployment,11.9924881953069,2.61081835782467,1.22509291892981,0.217704475944064,6.77085147965759,17.2141249109563,156,Marginal
2026 Jan-Aug,Province x age,Quebec | 25 to 54,Long-term share of unemployment,18.0598200877118,2.01139783259171,0.943822550685597,0.111374189932285,14.0370244225284,22.0826157528952,445,Acceptable
2026 Jan-Aug,Province x age,Quebec | 55 and over,Long-term share of unemployment,23.8760762565747,3.99415227483143,1.87420455902585,0.167286795029044,15.8877717069118,31.8643808062375,223,Marginal
2026 Jan-Aug,Province x age,Saskatchewan | 15 to 24,Long-term share of unemployment,18.2201642827693,3.6177675023675,1.69759084778982,0.19855844580879,10.9846292780343,25.4556992875043,111,Marginal
2026 Jan-Aug,Province x age,Saskatchewan | 25 to 54,Long-term share of unemployment,26.6154383513797,3.0570930815304,1.43450159045638,0.114861646882172,20.5012521883189,32.7296245144405,281,Acceptable
2026 Jan-Aug,Province x age,Saskatchewan | 55 and over,Long-term share of unemployment,28.0773553298416,5.31599409218779,2.49446182262876,0.189333861032765,17.445367145466,38.7093435142172,98,Marginal
2026 Jan-Aug,Province x age,Alberta | 15 to 24,Long-term unemployment rate,3.1486525242677,0.53524518316139,0.251156914772369,0.169991823180259,2.07816215794491,4.21914289059048,207,Marginal
2026 Jan-Aug,Province x age,Alberta | 25 to 54,Long-term unemployment rate,1.30712850156899,0.172051820129144,0.0807331026677858,0.131625788836082,0.963024861310702,1.65123214182728,316,Acceptable
2026 Jan-Aug,Province x age,Alberta | 55 and over,Long-term unemployment rate,1.33441375288032,0.296285752798462,0.139028276955895,0.222034396871983,0.741842247283399,1.92698525847725,118,Marginal
2026 Jan-Aug,Province x age,British Columbia | 15 to 24,Long-term unemployment rate,2.17737133595324,0.460288340031471,0.215984380663061,0.211396344036999,1.2567946558903,3.09794801601619,176,Marginal
2026 Jan-Aug,Province x age,British Columbia | 25 to 54,Long-term unemployment rate,1.38654422158523,0.144536663328643,0.0678219693985904,0.104242375452977,1.09747089492794,1.67561754824252,587,Acceptable
2026 Jan-Aug,Province x age,British Columbia | 55 and over,Long-term unemployment rate,1.30675254717575,0.234245702062784,0.109916781466928,0.179257888242921,0.838261143050183,1.77524395130132,202,Marginal
2026 Jan-Aug,Province x age,Manitoba | 15 to 24,Long-term unemployment rate,2.30811234909596,0.4564090901251,0.214164092561895,0.197741279926805,1.39529416884576,3.22093052934616,127,Marginal
2026 Jan-Aug,Province x age,Manitoba | 25 to 54,Long-term unemployment rate,1.02936540682198,0.160579221533534,0.0753497334038602,0.155998268903653,0.708206963754913,1.35052384988905,226,Marginal
2026 Jan-Aug,Province x age,Manitoba | 55 and over,Long-term unemployment rate,1.24238372523486,0.305889158926496,0.143534551706799,0.246211498680628,0.630605407381865,1.85416204308785,93,Marginal
2026 Jan-Aug,Province x age,New Brunswick | 15 to 24,Long-term unemployment rate,2.60852975016597,0.547100564433063,0.256719899881468,0.209735221305509,1.51432862129984,3.70273087903209,118,Marginal
2026 Jan-Aug,Province x age,New Brunswick | 25 to 54,Long-term unemployment rate,1.16362707466439,0.173295532263587,0.0813166985830384,0.14892703688041,0.817036010137217,1.51021813919156,229,Acceptable
2026 Jan-Aug,Province x age,New Brunswick | 55 and over,Long-term unemployment rate,1.51049726014105,0.294447219376516,0.138165568805521,0.194933964560134,0.921602821388021,2.09939169889409,128,Marginal
2026 Jan-Aug,Province x age,Newfoundland and Labrador | 15 to 24,Long-term unemployment rate,4.15325645177279,0.730992783631672,0.343008957452754,0.176004730774487,2.69127088450945,5.61524201903614,160,Marginal
2026 Jan-Aug,Province x age,Newfoundland and Labrador | 25 to 54,Long-term unemployment rate,1.19499947300029,0.182604259836085,0.0856846992136209,0.152806979385204,0.829790953328124,1.56020799267246,204,Marginal
2026 Jan-Aug,Province x age,Newfoundland and Labrador | 55 and over,Long-term unemployment rate,2.49010431173478,0.400019215657494,0.187703869581402,0.160643557690486,1.69006588041979,3.29014274304976,178,Marginal
2026 Jan-Aug,Province x age,Nova Scotia | 15 to 24,Long-term unemployment rate,1.39140447317585,0.411586800918954,0.193131810116009,0.29580672540136,0.568230871337945,2.21457807501376,54,Marginal
2026 Jan-Aug,Province x age,Nova Scotia | 25 to 54,Long-term unemployment rate,1.4098766396135,0.198608575990371,0.0931945186287354,0.140869470711151,1.01265948763276,1.80709379159424,244,Acceptable
2026 Jan-Aug,Province x age,Nova Scotia | 55 and over,Long-term unemployment rate,1.54024533116282,0.336184022339939,0.157750026535419,0.218266542048944,0.867877286482942,2.2126133758427,104,Marginal
2026 Jan-Aug,Province x age,Ontario | 15 to 24,Long-term unemployment rate,2.98148838573865,0.272126935656132,0.1276920628826,0.0912721769964949,2.43723451442638,3.52574225705091,783,Acceptable
2026 Jan-Aug,Province x age,Ontario | 25 to 54,Long-term unemployment rate,1.82009794453204,0.111709762325128,0.0524183685125737,0.0613756873143712,1.59667841988178,2.04351746918229,1939,Acceptable
2026 Jan-Aug,Province x age,Ontario | 55 and over,Long-term unemployment rate,1.61170862214463,0.169813273860904,0.079682693636572,0.105362266806602,1.27208207442282,1.95133516986643,635,Acceptable
2026 Jan-Aug,Province x age,Prince Edward Island | 15 to 24,Long-term unemployment rate,1.72735265583313,0.617198044154412,0.289612240240604,0.357308649203846,0.492956567524308,2.96174874414196,38,Suppressed
2026 Jan-Aug,Province x age,Prince Edward Island | 25 to 54,Long-term unemployment rate,0.786691289484586,0.207252582538679,0.0972506074722119,0.26344842673225,0.372186124407227,1.20119645456194,69,Marginal
2026 Jan-Aug,Province x age,Prince Edward Island | 55 and over,Long-term unemployment rate,1.41294489187092,0.457678054946136,0.214759537975385,0.323917838253487,0.497588781978651,2.32830100176319,50,Marginal
2026 Jan-Aug,Province x age,Quebec | 15 to 24,Long-term unemployment rate,1.05412359671246,0.24242584322026,0.113755207444682,0.229978575544958,0.569271910271945,1.53897528315298,156,Marginal
2026 Jan-Aug,Province x age,Quebec | 25 to 54,Long-term unemployment rate,0.907724810132845,0.110692912248611,0.0519412246987881,0.121945451983858,0.686338985635623,1.12911063463007,445,Acceptable
2026 Jan-Aug,Province x age,Quebec | 55 and over,Long-term unemployment rate,1.0824156480534,0.212971032400113,0.0999339164858405,0.196755315560264,0.65647358325317,1.50835771285362,223,Marginal
2026 Jan-Aug,Province x age,Saskatchewan | 15 to 24,Long-term unemployment rate,2.15721443349809,0.473285172590325,0.222082977100706,0.219396442579357,1.21064408831744,3.10378477867874,111,Marginal
2026 Jan-Aug,Province x age,Saskatchewan | 25 to 54,Long-term unemployment rate,1.24248994145692,0.165637456592575,0.0777232451169756,0.133310903425384,0.911215028271772,1.57376485464207,281,Acceptable
2026 Jan-Aug,Province x age,Saskatchewan | 55 and over,Long-term unemployment rate,1.27048307333895,0.284028114062025,0.133276537707623,0.22355914850213,0.7024268452149,1.838539301463,98,Marginal
2026 Jan-Aug,Province x age,Alberta | 15 to 24,Long-term unemployed (people),12707.875,2171.07774172766,1018.75029331906,0.170845065892421,8365.71951654469,17050.0304834553,207,Marginal
2026 Jan-Aug,Province x age,Alberta | 25 to 54,Long-term unemployed (people),25315.375,3337.04586403775,1565.86583127251,0.131818938650435,18641.2832719245,31989.4667280755,316,Acceptable
2026 Jan-Aug,Province x age,Alberta | 55 and over,Long-term unemployed (people),6978.25,1558.5406639536,731.32515157607,0.223342623717063,3861.16867209281,10095.3313279072,118,Marginal
2026 Jan-Aug,Province x age,British Columbia | 15 to 24,Long-term unemployed (people),8799.125,1869.53408864994,877.254814314718,0.212468181626007,5060.05682270012,12538.1931772999,176,Marginal
2026 Jan-Aug,Province x age,British Columbia | 25 to 54,Long-term unemployed (people),28806.25,3000.47006032691,1407.93196637016,0.104160383955805,22805.3098793462,34807.1901206538,587,Acceptable
2026 Jan-Aug,Province x age,British Columbia | 55 and over,Long-term unemployed (people),8614.25,1552.76167109331,728.613433539286,0.180255004335063,5508.72665781338,11719.7733421866,202,Marginal
2026 Jan-Aug,Province x age,Manitoba | 15 to 24,Long-term unemployed (people),2927.125,580.105241369528,272.206919836436,0.198182599434437,1766.91451726095,4087.33548273906,127,Marginal
2026 Jan-Aug,Province x age,Manitoba | 25 to 54,Long-term unemployed (people),5392,841.769075765184,394.989307089616,0.156114442834789,3708.46184846963,7075.53815153037,226,Marginal
2026 Jan-Aug,Province x age,Manitoba | 55 and over,Long-term unemployed (people),1782.875,438.875058374492,205.936473787275,0.246161429362402,905.124883251016,2660.62511674898,93,Marginal
2026 Jan-Aug,Province x age,New Brunswick | 15 to 24,Long-term unemployed (people),1674.875,351.437822254664,164.907675862609,0.209829284128466,971.999355490673,2377.75064450933,118,Marginal
2026 Jan-Aug,Province x age,New Brunswick | 25 to 54,Long-term unemployed (people),3245.625,483.028841661939,226.65506843301,0.148824599780301,2279.56731667612,4211.68268332388,229,Acceptable
2026 Jan-Aug,Province x age,New Brunswick | 55 and over,Long-term unemployed (people),1478.875,289.699497398398,135.937761360009,0.195891807893431,899.476005203204,2058.2739947968,128,Marginal
2026 Jan-Aug,Province x age,Newfoundland and Labrador | 15 to 24,Long-term unemployed (people),1571.125,277.795831305928,130.352119220071,0.176813322495618,1015.53333738814,2126.71666261186,160,Marginal
2026 Jan-Aug,Province x age,Newfoundland and Labrador | 25 to 54,Long-term unemployed (people),2026.625,309.969852040269,145.449364440908,0.152948795184244,1406.68529591946,2646.56470408054,204,Marginal
2026 Jan-Aug,Province x age,Newfoundland and Labrador | 55 and over,Long-term unemployed (people),1586.875,257.445844546114,120.803149792518,0.162234482581246,1071.98331090777,2101.76668909223,178,Marginal
2026 Jan-Aug,Province x age,Nova Scotia | 15 to 24,Long-term unemployed (people),1096.625,323.503882972433,151.80003430267,0.294999551325597,449.617234055134,1743.63276594487,54,Marginal
2026 Jan-Aug,Province x age,Nova Scotia | 25 to 54,Long-term unemployed (people),5190.875,729.923997099533,342.507443125475,0.140616754805217,3731.02700580093,6650.72299419907,244,Acceptable
2026 Jan-Aug,Province x age,Nova Scotia | 55 and over,Long-term unemployed (people),1911.25,419.610505245912,196.896830124039,0.219547680965814,1072.02898950818,2750.47101049182,104,Marginal
2026 Jan-Aug,Province x age,Ontario | 15 to 24,Long-term unemployed (people),37245.625,3419.7137787742,1604.65668650868,0.0918151804077445,30406.1974424516,44085.0525575484,783,Acceptable
2026 Jan-Aug,Province x age,Ontario | 25 to 54,Long-term unemployed (people),106633.125,6549.57376498316,3073.30321063575,0.0614215682507959,93533.9774700337,119732.272529966,1939,Acceptable
2026 Jan-Aug,Province x age,Ontario | 55 and over,Long-term unemployed (people),29235.375,3087.10250447523,1448.58312601809,0.105594763346638,23061.1699910495,35409.5800089505,635,Acceptable
2026 Jan-Aug,Province x age,Prince Edward Island | 15 to 24,Long-term unemployed (people),284.875,101.921964324481,47.8255702481632,0.357777847562899,81.0310713510386,488.718928648961,38,Suppressed
2026 Jan-Aug,Province x age,Prince Edward Island | 25 to 54,Long-term unemployed (people),508,133.831574443907,62.7987441903334,0.263447981188793,240.336851112186,775.663148887814,69,Marginal
2026 Jan-Aug,Province x age,Prince Edward Island | 55 and over,Long-term unemployed (people),323.25,105.153768296728,49.3420526759444,0.325301680732338,112.942463406544,533.557536593457,50,Marginal
2026 Jan-Aug,Province x age,Quebec | 15 to 24,Long-term unemployed (people),7495.5,1728.73961997249,811.188821602399,0.230636998195249,4038.02076005502,10952.979239945,156,Marginal
2026 Jan-Aug,Province x age,Quebec | 25 to 54,Long-term unemployed (people),28666.375,3506.04159591805,1645.16490385464,0.122305020984273,21654.2918081639,35678.4581918361,445,Acceptable
2026 Jan-Aug,Province x age,Quebec | 55 and over,Long-term unemployed (people),10957,2162.6024791298,1014.77338540297,0.197371769565557,6631.79504174039,15282.2049582596,223,Marginal
2026 Jan-Aug,Province x age,Saskatchewan | 15 to 24,Long-term unemployed (people),2154.375,472.83856301375,221.873411303779,0.219478300209457,1208.6978739725,3100.0521260275,111,Marginal
2026 Jan-Aug,Province x age,Saskatchewan | 25 to 54,Long-term unemployed (people),5334,712.197998099944,334.189746189467,0.133520434589416,3909.60400380011,6758.39599619989,281,Acceptable
2026 Jan-Aug,Province x age,Saskatchewan | 55 and over,Long-term unemployed (people),1655.125,371.008159071285,174.090804586697,0.224157183941567,913.108681857429,2397.14131814257,98,Marginal
2026 Jan-Aug,Province x age,Alberta | 15 to 24,Unemployed (people),61119.875,4821.67118649591,2262.50715997942,0.0788887605954022,51476.5326270082,70763.2173729918,875,Acceptable
2026 Jan-Aug,Province x age,Alberta | 25 to 54,Unemployed (people),113799.75,7193.51048447975,3375.46223021284,0.0632120060411358,99412.7290310405,128186.77096896,1443,Acceptable
2026 Jan-Aug,Province x age,Alberta | 55 and over,Unemployed (people),25347.125,3000.24509126814,1407.82640253419,0.118366287745381,19346.6348174637,31347.6151825363,422,Acceptable
2026 Jan-Aug,Province x age,British Columbia | 15 to 24,Unemployed (people),57285.25,4334.09393448292,2033.7178085172,0.0756581132923906,48617.0621310342,65953.4378689658,1173,Acceptable
2026 Jan-Aug,Province x age,British Columbia | 25 to 54,Unemployed (people),116035.125,6110.88805202829,2867.45558475018,0.0526641226269054,103813.348895943,128256.901104057,2377,Acceptable
2026 Jan-Aug,Province x age,British Columbia | 55 and over,Unemployed (people),35969.875,3330.02959705741,1562.57353827588,0.0925782921696949,29309.8158058852,42629.9341941148,793,Acceptable
2026 Jan-Aug,Province x age,Manitoba | 15 to 24,Unemployed (people),14957.625,1296.12713995331,608.190982122768,0.086653271488843,12365.3707200934,17549.8792799066,649,Acceptable
2026 Jan-Aug,Province x age,Manitoba | 25 to 54,Unemployed (people),23209.875,1611.99414304659,756.407508811964,0.0694529437597829,19985.8867139068,26433.8632860932,1034,Acceptable
2026 Jan-Aug,Province x age,Manitoba | 55 and over,Unemployed (people),6352,795.21882916376,373.146202871,0.125191881165579,4761.56234167248,7942.43765832752,332,Acceptable
2026 Jan-Aug,Province x age,New Brunswick | 15 to 24,Unemployed (people),9093.375,755.695575089942,354.600424474052,0.0831039713076764,7581.98384982012,10604.7661501799,656,Acceptable
2026 Jan-Aug,Province x age,New Brunswick | 25 to 54,Unemployed (people),17019.75,1055.04645123234,495.066971117708,0.061989538696652,14909.6570975353,19129.8429024647,1234,Acceptable
2026 Jan-Aug,Province x age,New Brunswick | 55 and over,Unemployed (people),7026.375,614.370156526915,288.285290360084,0.0874377124088758,5797.63468694617,8255.11531305383,590,Acceptable
2026 Jan-Aug,Province x age,Newfoundland and Labrador | 15 to 24,Unemployed (people),6822.125,558.614073505327,262.122465860135,0.0818827086142994,5704.89685298935,7939.35314701066,689,Acceptable
2026 Jan-Aug,Province x age,Newfoundland and Labrador | 25 to 54,Unemployed (people),11813.125,722.296515845891,338.928345696081,0.0611435598832562,10368.5319683082,13257.7180316918,1226,Acceptable
2026 Jan-Aug,Province x age,Newfoundland and Labrador | 55 and over,Unemployed (people),7077.25,546.09171230171,256.246509000534,0.0771615687310339,5985.06657539658,8169.43342460342,802,Acceptable
2026 Jan-Aug,Province x age,Nova Scotia | 15 to 24,Unemployed (people),10654,986.757277824869,463.023155227439,0.0926184792401792,8680.48544435026,12627.5145556497,516,Acceptable
2026 Jan-Aug,Province x age,Nova Scotia | 25 to 54,Unemployed (people),21248.5,1414.68500803834,663.822736143146,0.0665781117744,18419.1299839233,24077.8700160767,997,Acceptable
2026 Jan-Aug,Province x age,Nova Scotia | 55 and over,Unemployed (people),7201.125,806.646666578959,378.508568526996,0.112016756628854,5587.83166684208,8814.41833315792,393,Acceptable
2026 Jan-Aug,Province x age,Ontario | 15 to 24,Unemployed (people),197818,7818.5544556729,3668.75607075657,0.0395239788880329,182180.891088654,213455.108911346,4065,Acceptable
2026 Jan-Aug,Province x age,Ontario | 25 to 54,Unemployed (people),369223.25,11596.8448997536,5441.67024336878,0.0314087612298349,346029.560200493,392416.939799507,6995,Acceptable
2026 Jan-Aug,Province x age,Ontario | 55 and over,Unemployed (people),88820.75,5074.73928680575,2381.25610962099,0.0571346142292848,78671.2714263885,98970.2285736115,2014,Acceptable
2026 Jan-Aug,Province x age,Prince Edward Island | 15 to 24,Unemployed (people),2038.25,272.142533801262,127.699382111489,0.13351774012082,1493.96493239748,2582.53506760252,273,Acceptable
2026 Jan-Aug,Province x age,Prince Edward Island | 25 to 54,Unemployed (people),3716.375,353.578561780348,165.912190338436,0.0951407115214014,3009.2178764393,4423.5321235607,499,Acceptable
2026 Jan-Aug,Province x age,Prince Edward Island | 55 and over,Unemployed (people),2113.75,250.951104729801,117.755576706703,0.118723171959693,1611.8477905404,2615.6522094596,324,Acceptable
2026 Jan-Aug,Province x age,Quebec | 15 to 24,Unemployed (people),67072.25,4989.62498219963,2341.31731741812,0.0743917936583256,57093.0000356007,77051.4999643993,1407,Acceptable
2026 Jan-Aug,Province x age,Quebec | 25 to 54,Unemployed (people),166649.75,8390.56423250957,3937.16429803176,0.0503484957673778,149868.621534981,183430.878465019,2796,Acceptable
2026 Jan-Aug,Province x age,Quebec | 55 and over,Unemployed (people),49758.375,4263.30612440347,2000.50153952055,0.0856801719188674,41231.7627511931,58284.987248807,1159,Acceptable
2026 Jan-Aug,Province x age,Saskatchewan | 15 to 24,Unemployed (people),12482.75,1011.54663073339,474.655240095413,0.0810355595308237,10459.6567385332,14505.8432614668,668,Acceptable
2026 Jan-Aug,Province x age,Saskatchewan | 25 to 54,Unemployed (people),21531.375,1343.43340708667,630.388839247678,0.0623942227139078,18844.5081858267,24218.2418141733,1142,Acceptable
2026 Jan-Aug,Province x age,Saskatchewan | 55 and over,Unemployed (people),6455.5,734.116005962566,344.474489342536,0.113719464946567,4987.26798807487,7923.73201192513,366,Acceptable
