Period,Period Order,Grouping,Group,Measure,Estimate,CI Low,CI High,CV,SE Bootstrap Only,Person Months,Quality,Shown
2022,1,Canada,Canada,Unemployment rate,5.2728,5.12,5.4257,0.0145,0.0341,42767,Acceptable,TRUE
2022,1,Canada,Canada,Long-term share of unemployment,18.2776,17.0998,19.4553,0.0322,0.2626,7303,Acceptable,TRUE
2022,1,Canada,Canada,Long-term unemployment rate,0.9105,0.8456,0.9754,0.0356,0.0145,7303,Acceptable,TRUE
2022,1,Canada,Canada,Long-term unemployed (people),189732,176166.3471,203297.6529,0.0357,3024.9811,7303,Acceptable,TRUE
2022,1,Canada,Canada,Unemployed (people),1098772.4167,1066574.8561,1130969.9773,0.0147,7179.6775,42767,Acceptable,TRUE
2022,1,Province,Alberta,Unemployment rate,5.8367,5.3659,6.3076,0.0403,0.105,3699,Acceptable,TRUE
2022,1,Province,British Columbia,Unemployment rate,4.6471,4.2825,5.0117,0.0392,0.0813,4712,Acceptable,TRUE
2022,1,Province,Manitoba,Unemployment rate,4.5254,4.103,4.9477,0.0467,0.0942,2741,Acceptable,TRUE
2022,1,Province,New Brunswick,Unemployment rate,7.201,6.5503,7.8516,0.0452,0.1451,2823,Acceptable,TRUE
2022,1,Province,Newfoundland and Labrador,Unemployment rate,11.3081,10.3509,12.2653,0.0423,0.2134,2946,Acceptable,TRUE
2022,1,Province,Nova Scotia,Unemployment rate,6.5481,5.9395,7.1566,0.0465,0.1357,2553,Acceptable,TRUE
2022,1,Province,Ontario,Unemployment rate,5.5632,5.2891,5.8373,0.0246,0.0611,13947,Acceptable,TRUE
2022,1,Province,Prince Edward Island,Unemployment rate,7.7275,6.678,8.777,0.0679,0.234,1273,Acceptable,TRUE
2022,1,Province,Quebec,Unemployment rate,4.3309,4.0085,4.6533,0.0372,0.0719,5858,Acceptable,TRUE
2022,1,Province,Saskatchewan,Unemployment rate,4.6406,4.1597,5.1214,0.0518,0.1072,2215,Acceptable,TRUE
2022,1,Province,Alberta,Long-term share of unemployment,22.4899,18.9975,25.9823,0.0776,0.7788,810,Acceptable,TRUE
2022,1,Province,British Columbia,Long-term share of unemployment,17.5887,14.6873,20.4901,0.0825,0.647,840,Acceptable,TRUE
2022,1,Province,Manitoba,Long-term share of unemployment,16.2933,12.642,19.9447,0.112,0.8142,438,Acceptable,TRUE
2022,1,Province,New Brunswick,Long-term share of unemployment,16.4809,12.9328,20.0291,0.1076,0.7912,440,Acceptable,TRUE
2022,1,Province,Newfoundland and Labrador,Long-term share of unemployment,20.9042,16.9023,24.9061,0.0957,0.8924,564,Acceptable,TRUE
2022,1,Province,Nova Scotia,Long-term share of unemployment,17.9403,14.3405,21.54,0.1003,0.8027,436,Acceptable,TRUE
2022,1,Province,Ontario,Long-term share of unemployment,19.0702,17.0612,21.0793,0.0527,0.448,2474,Acceptable,TRUE
2022,1,Province,Prince Edward Island,Long-term share of unemployment,14.0175,9.1287,18.9063,0.1744,1.0901,162,Marginal,TRUE
2022,1,Province,Quebec,Long-term share of unemployment,14.001,11.2224,16.7795,0.0992,0.6196,724,Acceptable,TRUE
2022,1,Province,Saskatchewan,Long-term share of unemployment,19.2015,15.2259,23.1771,0.1035,0.8865,415,Acceptable,TRUE
2022,1,Province,Alberta,Long-term unemployment rate,1.2534,1.0356,1.4712,0.0869,0.0486,810,Acceptable,TRUE
2022,1,Province,British Columbia,Long-term unemployment rate,0.7694,0.633,0.9059,0.0887,0.0304,840,Acceptable,TRUE
2022,1,Province,Manitoba,Long-term unemployment rate,0.6835,0.5176,0.8493,0.1213,0.037,438,Acceptable,TRUE
2022,1,Province,New Brunswick,Long-term unemployment rate,1.106,0.8425,1.3696,0.1191,0.0588,440,Acceptable,TRUE
2022,1,Province,Newfoundland and Labrador,Long-term unemployment rate,2.2325,1.7495,2.7156,0.1082,0.1077,564,Acceptable,TRUE
2022,1,Province,Nova Scotia,Long-term unemployment rate,1.1007,0.8519,1.3494,0.113,0.0555,436,Acceptable,TRUE
2022,1,Province,Ontario,Long-term unemployment rate,1.0085,0.8904,1.1267,0.0586,0.0264,2474,Acceptable,TRUE
2022,1,Province,Prince Edward Island,Long-term unemployment rate,0.9696,0.6011,1.3381,0.19,0.0822,162,Marginal,TRUE
2022,1,Province,Quebec,Long-term unemployment rate,0.5677,0.4473,0.688,0.106,0.0268,724,Acceptable,TRUE
2022,1,Province,Saskatchewan,Long-term unemployment rate,0.8284,0.6358,1.0209,0.1162,0.0429,415,Acceptable,TRUE
2022,1,Province,Alberta,Long-term unemployed (people),31360.25,25876.0523,36844.4477,0.0874,1222.9116,810,Acceptable,TRUE
2022,1,Province,British Columbia,Long-term unemployed (people),22398.25,18422.9371,26373.5629,0.0887,886.448,840,Acceptable,TRUE
2022,1,Province,Manitoba,Long-term unemployed (people),4924.5833,3728.1473,6121.0193,0.1215,266.7912,438,Acceptable,TRUE
2022,1,Province,New Brunswick,Long-term unemployed (people),4476.1667,3410.0365,5542.2969,0.1191,237.7345,440,Acceptable,TRUE
2022,1,Province,Newfoundland and Labrador,Long-term unemployed (people),5895.1667,4618.0681,7172.2652,0.1083,284.778,564,Acceptable,TRUE
2022,1,Province,Nova Scotia,Long-term unemployed (people),5796.0833,4485.8846,7106.282,0.113,292.1589,436,Acceptable,TRUE
2022,1,Province,Ontario,Long-term unemployed (people),82917.4167,73191.2502,92643.5831,0.0586,2168.8208,2474,Acceptable,TRUE
2022,1,Province,Prince Edward Island,Long-term unemployed (people),884.0833,547.6961,1220.4706,0.1902,75.0104,162,Marginal,TRUE
2022,1,Province,Quebec,Long-term unemployed (people),26060.5,20530.8162,31590.1838,0.1061,1233.0545,724,Acceptable,TRUE
2022,1,Province,Saskatchewan,Long-term unemployed (people),5019.5,3852.5941,6186.4059,0.1162,260.2063,415,Acceptable,TRUE
2022,1,Province,Alberta,Unemployed (people),146036.6667,134093.1908,157980.1426,0.0409,2663.2547,3699,Acceptable,TRUE
2022,1,Province,British Columbia,Unemployed (people),135276.75,124555.5827,145997.9173,0.0396,2390.6943,4712,Acceptable,TRUE
2022,1,Province,Manitoba,Unemployed (people),32607.4167,29537.8953,35676.938,0.0471,684.4672,2741,Acceptable,TRUE
2022,1,Province,New Brunswick,Unemployed (people),29143,26488.5988,31797.4012,0.0455,591.9003,2823,Acceptable,TRUE
2022,1,Province,Newfoundland and Labrador,Unemployed (people),29859.5833,27290.6881,32428.4785,0.043,572.8334,2946,Acceptable,TRUE
2022,1,Province,Nova Scotia,Unemployed (people),34481.6667,31267.5905,37695.7428,0.0466,716.7012,2553,Acceptable,TRUE
2022,1,Province,Ontario,Unemployed (people),457380.4167,434688.249,480072.5843,0.0248,5060.0866,13947,Acceptable,TRUE
2022,1,Province,Prince Edward Island,Unemployed (people),7045.9167,6074.5325,8017.3009,0.0689,216.6073,1273,Acceptable,TRUE
2022,1,Province,Quebec,Unemployed (people),198822.3333,183916.8749,213727.7918,0.0375,3323.742,5858,Acceptable,TRUE
2022,1,Province,Saskatchewan,Unemployed (people),28118.6667,25189.6178,31047.7156,0.0521,653.1435,2215,Acceptable,TRUE
2022,1,Age,15 to 24,Unemployment rate,10.0229,9.4391,10.6066,0.0291,0.1302,10792,Acceptable,TRUE
2022,1,Age,25 to 54,Unemployment rate,4.3456,4.1667,4.5245,0.0206,0.0399,21352,Acceptable,TRUE
2022,1,Age,55 and over,Unemployment rate,4.9949,4.7047,5.285,0.029,0.0647,10623,Acceptable,TRUE
2022,1,Age,15 to 24,Long-term share of unemployment,7.5708,6.0626,9.079,0.0996,0.3363,803,Acceptable,TRUE
2022,1,Age,25 to 54,Long-term share of unemployment,19.7871,18.0724,21.5018,0.0433,0.3824,3890,Acceptable,TRUE
2022,1,Age,55 and over,Long-term share of unemployment,28.3042,25.4343,31.1742,0.0507,0.64,2610,Acceptable,TRUE
2022,1,Age,15 to 24,Long-term unemployment rate,0.7191,0.57,0.8683,0.1037,0.0333,803,Acceptable,TRUE
2022,1,Age,25 to 54,Long-term unemployment rate,0.8107,0.7333,0.888,0.0477,0.0172,3890,Acceptable,TRUE
2022,1,Age,55 and over,Long-term unemployment rate,1.3375,1.179,1.4959,0.0592,0.0353,2610,Acceptable,TRUE
2022,1,Age,15 to 24,Long-term unemployed (people),20814.5,16492.2834,25136.7166,0.1038,963.8035,803,Acceptable,TRUE
2022,1,Age,25 to 54,Long-term unemployed (people),109377.5,98934.4393,119820.5607,0.0477,2328.6798,3890,Acceptable,TRUE
2022,1,Age,55 and over,Long-term unemployed (people),59540,52461.2473,66618.7527,0.0594,1578.4786,2610,Acceptable,TRUE
2022,1,Age,15 to 24,Unemployed (people),290099.0833,273084.0996,307114.0671,0.0293,3794.1413,10792,Acceptable,TRUE
2022,1,Age,25 to 54,Unemployed (people),586315.6667,562114.1046,610517.2288,0.0206,5396.6638,21352,Acceptable,TRUE
2022,1,Age,55 and over,Unemployed (people),222357.6667,209282.8457,235432.4876,0.0294,2915.5314,10623,Acceptable,TRUE
2022,1,Gender,Men+,Unemployment rate,5.4037,5.1846,5.6227,0.0203,0.0489,23178,Acceptable,TRUE
2022,1,Gender,Women+,Unemployment rate,5.1277,4.9112,5.3442,0.0211,0.0483,19589,Acceptable,TRUE
2022,1,Gender,Men+,Long-term share of unemployment,19.3527,17.7501,20.9554,0.0414,0.3574,4126,Acceptable,TRUE
2022,1,Gender,Women+,Long-term share of unemployment,16.9929,15.3376,18.6483,0.0487,0.3691,3177,Acceptable,TRUE
2022,1,Gender,Men+,Long-term unemployment rate,0.9979,0.9049,1.0908,0.0466,0.0207,4126,Acceptable,TRUE
2022,1,Gender,Women+,Long-term unemployment rate,0.8136,0.7273,0.8998,0.053,0.0192,3177,Acceptable,TRUE
2022,1,Gender,Men+,Long-term unemployed (people),109361.5833,99164.8023,119558.3644,0.0466,2273.7623,4126,Acceptable,TRUE
2022,1,Gender,Women+,Long-term unemployed (people),80370.4167,71819.7479,88921.0854,0.0532,1906.6986,3177,Acceptable,TRUE
2022,1,Gender,Men+,Unemployed (people),592221.1667,567980.2115,616462.1219,0.0205,5405.448,23178,Acceptable,TRUE
2022,1,Gender,Women+,Unemployed (people),506551.25,484964.0424,528138.4576,0.0213,4813.6935,19589,Acceptable,TRUE
2022,1,Immigrant status,"Immigrant, landed 10 years or less",Unemployment rate,7.0573,6.3648,7.7498,0.0491,0.1544,3599,Acceptable,TRUE
2022,1,Immigrant status,"Immigrant, landed over 10 years",Unemployment rate,5.0609,4.6834,5.4383,0.0373,0.0842,5795,Acceptable,TRUE
2022,1,Immigrant status,Non-immigrant (incl. non-permanent residents),Unemployment rate,5.1203,4.9548,5.2857,0.0162,0.0369,33373,Acceptable,TRUE
2022,1,Immigrant status,"Immigrant, landed 10 years or less",Long-term share of unemployment,14.9194,11.5061,18.3328,0.1144,0.7611,544,Acceptable,TRUE
2022,1,Immigrant status,"Immigrant, landed over 10 years",Long-term share of unemployment,26.4018,22.8821,29.9215,0.0667,0.7848,1419,Acceptable,TRUE
2022,1,Immigrant status,Non-immigrant (incl. non-permanent residents),Long-term share of unemployment,16.7865,15.5072,18.0657,0.0381,0.2852,5340,Acceptable,TRUE
2022,1,Immigrant status,"Immigrant, landed 10 years or less",Long-term unemployment rate,1.0246,0.7723,1.277,0.1231,0.0563,544,Acceptable,TRUE
2022,1,Immigrant status,"Immigrant, landed over 10 years",Long-term unemployment rate,1.2851,1.0887,1.4815,0.0764,0.0438,1419,Acceptable,TRUE
2022,1,Immigrant status,Non-immigrant (incl. non-permanent residents),Long-term unemployment rate,0.8046,0.7385,0.8707,0.0411,0.0147,5340,Acceptable,TRUE
2022,1,Immigrant status,"Immigrant, landed 10 years or less",Long-term unemployed (people),18009.1667,13554.016,22464.3173,0.1237,993.4462,544,Acceptable,TRUE
2022,1,Immigrant status,"Immigrant, landed over 10 years",Long-term unemployed (people),48688.8333,41256.3718,56121.2948,0.0763,1657.3515,1419,Acceptable,TRUE
2022,1,Immigrant status,Non-immigrant (incl. non-permanent residents),Long-term unemployed (people),123034,112873.1066,133194.8934,0.0413,2265.7598,5340,Acceptable,TRUE
2022,1,Immigrant status,"Immigrant, landed 10 years or less",Unemployed (people),124042.6667,111512.5499,136572.7835,0.0505,2794.0687,3599,Acceptable,TRUE
2022,1,Immigrant status,"Immigrant, landed over 10 years",Unemployed (people),191747,177086.773,206407.227,0.0382,3269.0583,5795,Acceptable,TRUE
2022,1,Immigrant status,Non-immigrant (incl. non-permanent residents),Unemployed (people),782982.75,757256.2383,808709.2617,0.0164,5736.7097,33373,Acceptable,TRUE
2022,1,Education,Bachelor's or above,Unemployment rate,3.8625,3.6263,4.0987,0.0306,0.0527,9031,Acceptable,TRUE
2022,1,Education,High school or less,Unemployment rate,8.0288,7.6741,8.3836,0.0221,0.0791,17560,Acceptable,TRUE
2022,1,Education,"Some postsecondary, certificate or diploma",Unemployment rate,4.7133,4.4926,4.9339,0.0234,0.0492,16176,Acceptable,TRUE
2022,1,Education,Bachelor's or above,Long-term share of unemployment,20.7663,18.1587,23.374,0.0628,0.5815,1823,Acceptable,TRUE
2022,1,Education,High school or less,Long-term share of unemployment,15.9598,14.1688,17.7507,0.0561,0.3994,2597,Acceptable,TRUE
2022,1,Education,"Some postsecondary, certificate or diploma",Long-term share of unemployment,19.1054,17.1354,21.0754,0.0516,0.4393,2883,Acceptable,TRUE
2022,1,Education,Bachelor's or above,Long-term unemployment rate,0.7509,0.6468,0.8549,0.0693,0.0232,1823,Acceptable,TRUE
2022,1,Education,High school or less,Long-term unemployment rate,1.2218,1.0739,1.3697,0.0605,0.033,2597,Acceptable,TRUE
2022,1,Education,"Some postsecondary, certificate or diploma",Long-term unemployment rate,0.8476,0.7503,0.9449,0.0574,0.0217,2883,Acceptable,TRUE
2022,1,Education,Bachelor's or above,Long-term unemployed (people),53737,46287.0803,61186.9197,0.0693,1661.2445,1823,Acceptable,TRUE
2022,1,Education,High school or less,Long-term unemployed (people),65407.3333,57420.2874,73394.3792,0.0611,1781.0173,2597,Acceptable,TRUE
2022,1,Education,"Some postsecondary, certificate or diploma",Long-term unemployed (people),70587.6667,62468.909,78706.4243,0.0575,1810.3875,2883,Acceptable,TRUE
2022,1,Education,Bachelor's or above,Unemployed (people),276428.4167,259264.4898,293592.3436,0.031,3827.3539,9031,Acceptable,TRUE
2022,1,Education,High school or less,Unemployed (people),429809.3333,410217.9725,449400.6942,0.0228,4368.6432,17560,Acceptable,TRUE
2022,1,Education,"Some postsecondary, certificate or diploma",Unemployed (people),392534.6667,373888.1641,411181.1692,0.0238,4157.9509,16176,Acceptable,TRUE
2022,1,Age x immigrant status,"15 to 24 | Immigrant, landed 10 years or less",Unemployment rate,10.5745,8.2432,12.9058,0.1102,0.5199,734,Acceptable,TRUE
2022,1,Age x immigrant status,"15 to 24 | Immigrant, landed over 10 years",Unemployment rate,11.1902,8.848,13.5324,0.1047,0.5223,721,Acceptable,TRUE
2022,1,Age x immigrant status,15 to 24 | Non-immigrant (incl. non-permanent residents),Unemployment rate,9.8722,9.2523,10.4922,0.0314,0.1382,9337,Acceptable,TRUE
2022,1,Age x immigrant status,"25 to 54 | Immigrant, landed 10 years or less",Unemployment rate,6.4121,5.6962,7.1281,0.0558,0.1597,2603,Acceptable,TRUE
2022,1,Age x immigrant status,"25 to 54 | Immigrant, landed over 10 years",Unemployment rate,4.5426,4.0707,5.0146,0.0519,0.1052,3173,Acceptable,TRUE
2022,1,Age x immigrant status,25 to 54 | Non-immigrant (incl. non-permanent residents),Unemployment rate,3.9856,3.8029,4.1683,0.0229,0.0407,15576,Acceptable,TRUE
2022,1,Age x immigrant status,"55 and over | Immigrant, landed 10 years or less",Unemployment rate,9.0319,5.9037,12.16,0.1732,0.6975,262,Marginal,TRUE
2022,1,Age x immigrant status,"55 and over | Immigrant, landed over 10 years",Unemployment rate,5.0008,4.3612,5.6405,0.064,0.1426,1901,Acceptable,TRUE
2022,1,Age x immigrant status,55 and over | Non-immigrant (incl. non-permanent residents),Unemployment rate,4.889,4.5713,5.2067,0.0325,0.0708,8460,Acceptable,TRUE
2022,1,Age x immigrant status,"15 to 24 | Immigrant, landed 10 years or less",Long-term share of unemployment,5.2537,0.3062,10.2011,0.4709,1.1032,46,Suppressed,FALSE
2022,1,Age x immigrant status,"15 to 24 | Immigrant, landed over 10 years",Long-term share of unemployment,11.461,3.5814,19.3405,0.3438,1.757,64,Marginal,TRUE
2022,1,Age x immigrant status,15 to 24 | Non-immigrant (incl. non-permanent residents),Long-term share of unemployment,7.4157,5.8413,8.9902,0.1062,0.3511,693,Acceptable,TRUE
2022,1,Age x immigrant status,"25 to 54 | Immigrant, landed 10 years or less",Long-term share of unemployment,16.7544,12.5667,20.9422,0.125,0.9338,436,Acceptable,TRUE
2022,1,Age x immigrant status,"25 to 54 | Immigrant, landed over 10 years",Long-term share of unemployment,24.8248,20.1034,29.5461,0.0951,1.0528,721,Acceptable,TRUE
2022,1,Age x immigrant status,25 to 54 | Non-immigrant (incl. non-permanent residents),Long-term share of unemployment,19.1014,17.1336,21.0692,0.0515,0.4388,2733,Acceptable,TRUE
2022,1,Age x immigrant status,"55 and over | Immigrant, landed 10 years or less",Long-term share of unemployment,22.2818,6.9134,37.6502,0.3449,3.427,62,Marginal,TRUE
2022,1,Age x immigrant status,"55 and over | Immigrant, landed over 10 years",Long-term share of unemployment,35.0166,28.7346,41.2986,0.0897,1.4008,634,Acceptable,TRUE
2022,1,Age x immigrant status,55 and over | Non-immigrant (incl. non-permanent residents),Long-term share of unemployment,25.9037,22.6603,29.1472,0.0626,0.7232,1914,Acceptable,TRUE
2022,1,Age x immigrant status,"15 to 24 | Immigrant, landed 10 years or less",Long-term unemployment rate,0.5404,0.0108,1.0701,0.49,0.1181,46,Suppressed,FALSE
2022,1,Age x immigrant status,"15 to 24 | Immigrant, landed over 10 years",Long-term unemployment rate,1.2212,0.3277,2.1147,0.3658,0.1992,64,Suppressed,FALSE
2022,1,Age x immigrant status,15 to 24 | Non-immigrant (incl. non-permanent residents),Long-term unemployment rate,0.6917,0.5392,0.8443,0.1103,0.034,693,Acceptable,TRUE
2022,1,Age x immigrant status,"25 to 54 | Immigrant, landed 10 years or less",Long-term unemployment rate,1.0444,0.7643,1.3245,0.1341,0.0625,436,Acceptable,TRUE
2022,1,Age x immigrant status,"25 to 54 | Immigrant, landed over 10 years",Long-term unemployment rate,1.0781,0.8462,1.3101,0.1076,0.0517,721,Acceptable,TRUE
2022,1,Age x immigrant status,25 to 54 | Non-immigrant (incl. non-permanent residents),Long-term unemployment rate,0.7095,0.6294,0.7895,0.0564,0.0179,2733,Acceptable,TRUE
2022,1,Age x immigrant status,"55 and over | Immigrant, landed 10 years or less",Long-term unemployment rate,1.9849,0.4577,3.5122,0.3847,0.3406,62,Suppressed,FALSE
2022,1,Age x immigrant status,"55 and over | Immigrant, landed over 10 years",Long-term unemployment rate,1.709,1.3289,2.089,0.1112,0.0848,634,Acceptable,TRUE
2022,1,Age x immigrant status,55 and over | Non-immigrant (incl. non-permanent residents),Long-term unemployment rate,1.1811,1.0105,1.3517,0.0722,0.038,1914,Acceptable,TRUE
2022,1,Age x immigrant status,"15 to 24 | Immigrant, landed 10 years or less",Long-term unemployed (people),1195.1667,19.5879,2370.7454,0.4918,262.1402,46,Suppressed,FALSE
2022,1,Age x immigrant status,"15 to 24 | Immigrant, landed over 10 years",Long-term unemployed (people),2601.4167,689.3949,4513.4384,0.3675,426.3584,64,Suppressed,FALSE
2022,1,Age x immigrant status,15 to 24 | Non-immigrant (incl. non-permanent residents),Long-term unemployed (people),17017.9167,13260.9428,20774.8906,0.1104,837.761,693,Acceptable,TRUE
2022,1,Age x immigrant status,"25 to 54 | Immigrant, landed 10 years or less",Long-term unemployed (people),15196.25,11119.6418,19272.8582,0.1341,909.0357,436,Acceptable,TRUE
2022,1,Age x immigrant status,"25 to 54 | Immigrant, landed over 10 years",Long-term unemployed (people),25673.5,20141.6276,31205.3724,0.1077,1233.5425,721,Acceptable,TRUE
2022,1,Age x immigrant status,25 to 54 | Non-immigrant (incl. non-permanent residents),Long-term unemployed (people),68507.75,60739.1225,76276.3775,0.0567,1732.3126,2733,Acceptable,TRUE
2022,1,Age x immigrant status,"55 and over | Immigrant, landed 10 years or less",Long-term unemployed (people),1617.75,354.2894,2881.2106,0.3905,281.7369,62,Suppressed,FALSE
2022,1,Age x immigrant status,"55 and over | Immigrant, landed over 10 years",Long-term unemployed (people),20413.9167,15851.4126,24976.4207,0.1117,1017.3848,634,Acceptable,TRUE
2022,1,Age x immigrant status,55 and over | Non-immigrant (incl. non-permanent residents),Long-term unemployed (people),37508.3333,32067.7973,42948.8694,0.0725,1213.1756,1914,Acceptable,TRUE
2022,1,Age x immigrant status,"15 to 24 | Immigrant, landed 10 years or less",Unemployed (people),23385.1667,17950.0094,28820.324,0.1162,1211.9762,734,Acceptable,TRUE
2022,1,Age x immigrant status,"15 to 24 | Immigrant, landed over 10 years",Unemployed (people),23837.4167,18597.6288,29077.2045,0.1099,1168.4111,721,Acceptable,TRUE
2022,1,Age x immigrant status,15 to 24 | Non-immigrant (incl. non-permanent residents),Unemployed (people),242876.5,227513.726,258239.274,0.0316,3425.718,9337,Acceptable,TRUE
2022,1,Age x immigrant status,"25 to 54 | Immigrant, landed 10 years or less",Unemployed (people),93296.3333,82577.6638,104015.0028,0.0574,2390.1373,2603,Acceptable,TRUE
2022,1,Age x immigrant status,"25 to 54 | Immigrant, landed over 10 years",Unemployed (people),108173.0833,96737.2228,119608.9439,0.0529,2550.0625,3173,Acceptable,TRUE
2022,1,Age x immigrant status,25 to 54 | Non-immigrant (incl. non-permanent residents),Unemployed (people),384846.25,366977.3813,402715.1187,0.0232,3984.5477,15576,Acceptable,TRUE
2022,1,Age x immigrant status,"55 and over | Immigrant, landed 10 years or less",Unemployed (people),7361.1667,4692.0433,10030.29,0.1813,595.1831,262,Marginal,TRUE
2022,1,Age x immigrant status,"55 and over | Immigrant, landed over 10 years",Unemployed (people),59736.5,51958.696,67514.304,0.0651,1734.3589,1901,Acceptable,TRUE
2022,1,Age x immigrant status,55 and over | Non-immigrant (incl. non-permanent residents),Unemployed (people),155260,144979.2106,165540.7894,0.0331,2292.4952,8460,Acceptable,TRUE
2022,1,Province x age,Alberta | 15 to 24,Unemployment rate,10.9682,9.225,12.7114,0.0795,0.3887,916,Acceptable,TRUE
2022,1,Province x age,Alberta | 25 to 54,Unemployment rate,4.7378,4.194,5.2815,0.0574,0.1212,1946,Acceptable,TRUE
2022,1,Province x age,Alberta | 55 and over,Unemployment rate,6.0156,5.0282,7.003,0.0821,0.2202,837,Acceptable,TRUE
2022,1,Province x age,British Columbia | 15 to 24,Unemployment rate,8.9192,7.5712,10.2672,0.0756,0.3006,1202,Acceptable,TRUE
2022,1,Province x age,British Columbia | 25 to 54,Unemployment rate,4.0026,3.5755,4.4296,0.0533,0.0952,2556,Acceptable,TRUE
2022,1,Province x age,British Columbia | 55 and over,Unemployment rate,3.8988,3.2321,4.5654,0.0855,0.1487,954,Acceptable,TRUE
2022,1,Province x age,Manitoba | 15 to 24,Unemployment rate,8.3471,6.9125,9.7817,0.0859,0.3199,818,Acceptable,TRUE
2022,1,Province x age,Manitoba | 25 to 54,Unemployment rate,3.606,3.1321,4.0799,0.0657,0.1057,1355,Acceptable,TRUE
2022,1,Province x age,Manitoba | 55 and over,Unemployment rate,4.2287,3.3634,5.094,0.1023,0.193,568,Acceptable,TRUE
2022,1,Province x age,New Brunswick | 15 to 24,Unemployment rate,11.9344,9.696,14.1727,0.0938,0.4991,601,Acceptable,TRUE
2022,1,Province x age,New Brunswick | 25 to 54,Unemployment rate,5.702,4.9714,6.4326,0.0641,0.1629,1338,Acceptable,TRUE
2022,1,Province x age,New Brunswick | 55 and over,Unemployment rate,8.3003,7.0355,9.5651,0.0762,0.282,884,Acceptable,TRUE
2022,1,Province x age,Newfoundland and Labrador | 15 to 24,Unemployment rate,14.5604,11.4112,17.7096,0.1081,0.7022,487,Acceptable,TRUE
2022,1,Province x age,Newfoundland and Labrador | 25 to 54,Unemployment rate,8.9437,7.83,10.0574,0.0623,0.2483,1394,Acceptable,TRUE
2022,1,Province x age,Newfoundland and Labrador | 55 and over,Unemployment rate,15.558,13.445,17.671,0.0679,0.4712,1065,Acceptable,TRUE
2022,1,Province x age,Nova Scotia | 15 to 24,Unemployment rate,11.473,9.313,13.633,0.0941,0.4817,590,Acceptable,TRUE
2022,1,Province x age,Nova Scotia | 25 to 54,Unemployment rate,5.285,4.601,5.9689,0.0647,0.1525,1180,Acceptable,TRUE
2022,1,Province x age,Nova Scotia | 55 and over,Unemployment rate,6.8098,5.6604,7.9592,0.0844,0.2563,783,Acceptable,TRUE
2022,1,Province x age,Ontario | 15 to 24,Unemployment rate,11.4138,10.4018,12.4259,0.0443,0.2257,4035,Acceptable,TRUE
2022,1,Province x age,Ontario | 25 to 54,Unemployment rate,4.6154,4.2967,4.9341,0.0345,0.0711,7040,Acceptable,TRUE
2022,1,Province x age,Ontario | 55 and over,Unemployment rate,4.6161,4.1299,5.1024,0.0527,0.1084,2872,Acceptable,TRUE
2022,1,Province x age,Prince Edward Island | 15 to 24,Unemployment rate,11.7065,8.2474,15.1657,0.1477,0.7713,258,Acceptable,TRUE
2022,1,Province x age,Prince Edward Island | 25 to 54,Unemployment rate,5.5213,4.3888,6.6538,0.1026,0.2525,532,Acceptable,TRUE
2022,1,Province x age,Prince Edward Island | 55 and over,Unemployment rate,10.5656,8.3766,12.7545,0.1036,0.4881,483,Acceptable,TRUE
2022,1,Province x age,Quebec | 15 to 24,Unemployment rate,7.5879,6.4146,8.7611,0.0773,0.2616,1346,Acceptable,TRUE
2022,1,Province x age,Quebec | 25 to 54,Unemployment rate,3.5344,3.1563,3.9125,0.0535,0.0843,2807,Acceptable,TRUE
2022,1,Province x age,Quebec | 55 and over,Unemployment rate,4.67,4.0287,5.3113,0.0687,0.143,1705,Acceptable,TRUE
2022,1,Province x age,Saskatchewan | 15 to 24,Unemployment rate,8.1957,6.5174,9.8741,0.1024,0.3743,539,Acceptable,TRUE
2022,1,Province x age,Saskatchewan | 25 to 54,Unemployment rate,3.9638,3.4108,4.5168,0.0698,0.1233,1204,Acceptable,TRUE
2022,1,Province x age,Saskatchewan | 55 and over,Unemployment rate,4.3087,3.2909,5.3265,0.1181,0.227,472,Acceptable,TRUE
2022,1,Province x age,Alberta | 15 to 24,Long-term share of unemployment,10.8441,5.5111,16.177,0.2459,1.1892,91,Marginal,TRUE
2022,1,Province x age,Alberta | 25 to 54,Long-term share of unemployment,23.0257,18.0962,27.9551,0.107,1.0992,439,Acceptable,TRUE
2022,1,Province x age,Alberta | 55 and over,Long-term share of unemployment,36.2555,27.3779,45.1331,0.1224,1.9796,280,Acceptable,TRUE
2022,1,Province x age,British Columbia | 15 to 24,Long-term share of unemployment,5.4411,2.2268,8.6555,0.2954,0.7168,74,Marginal,TRUE
2022,1,Province x age,British Columbia | 25 to 54,Long-term share of unemployment,19.6721,15.6663,23.6779,0.1018,0.8932,528,Acceptable,TRUE
2022,1,Province x age,British Columbia | 55 and over,Long-term share of unemployment,28.6689,20.6599,36.6779,0.1397,1.7859,238,Acceptable,TRUE
2022,1,Province x age,Manitoba | 15 to 24,Long-term share of unemployment,7.4122,2.5202,12.3042,0.33,1.0909,57,Marginal,TRUE
2022,1,Province x age,Manitoba | 25 to 54,Long-term share of unemployment,17.1034,11.6238,22.583,0.1602,1.2219,211,Marginal,TRUE
2022,1,Province x age,Manitoba | 55 and over,Long-term share of unemployment,29.7246,19.8735,39.5757,0.1657,2.1967,170,Marginal,TRUE
2022,1,Province x age,New Brunswick | 15 to 24,Long-term share of unemployment,10.3361,4.324,16.3483,0.2908,1.3406,59,Marginal,TRUE
2022,1,Province x age,New Brunswick | 25 to 54,Long-term share of unemployment,17.106,11.5951,22.617,0.1611,1.2289,213,Marginal,TRUE
2022,1,Province x age,New Brunswick | 55 and over,Long-term share of unemployment,20.5904,13.8148,27.3661,0.1645,1.5109,168,Marginal,TRUE
2022,1,Province x age,Newfoundland and Labrador | 15 to 24,Long-term share of unemployment,13.0787,4.2693,21.8881,0.3368,1.9644,49,Marginal,TRUE
2022,1,Province x age,Newfoundland and Labrador | 25 to 54,Long-term share of unemployment,20.3115,14.6788,25.9441,0.1387,1.256,249,Acceptable,TRUE
2022,1,Province x age,Newfoundland and Labrador | 55 and over,Long-term share of unemployment,25.7101,18.6854,32.7347,0.1366,1.5664,266,Acceptable,TRUE
2022,1,Province x age,Nova Scotia | 15 to 24,Long-term share of unemployment,8.0861,2.834,13.3381,0.3248,1.1711,50,Marginal,TRUE
2022,1,Province x age,Nova Scotia | 25 to 54,Long-term share of unemployment,20.136,14.5038,25.7682,0.1399,1.2559,216,Acceptable,TRUE
2022,1,Province x age,Nova Scotia | 55 and over,Long-term share of unemployment,23.7988,16.5841,31.0135,0.1516,1.6088,170,Marginal,TRUE
2022,1,Province x age,Ontario | 15 to 24,Long-term share of unemployment,7.3878,5.0944,9.6811,0.1552,0.5114,295,Marginal,TRUE
2022,1,Province x age,Ontario | 25 to 54,Long-term share of unemployment,21.329,18.2846,24.3734,0.0714,0.6789,1373,Acceptable,TRUE
2022,1,Province x age,Ontario | 55 and over,Long-term share of unemployment,30.9207,25.9631,35.8783,0.0802,1.1055,806,Acceptable,TRUE
2022,1,Province x age,Prince Edward Island | 15 to 24,Long-term share of unemployment,10.6672,0.9343,20.4001,0.4562,2.1703,24,Suppressed,FALSE
2022,1,Province x age,Prince Edward Island | 25 to 54,Long-term share of unemployment,12.4104,5.17,19.6508,0.2917,1.6145,58,Marginal,TRUE
2022,1,Province x age,Prince Edward Island | 55 and over,Long-term share of unemployment,18.5192,9.8819,27.1566,0.2332,1.926,80,Marginal,TRUE
2022,1,Province x age,Quebec | 15 to 24,Long-term share of unemployment,5.6017,1.5454,9.658,0.3621,0.9045,56,Suppressed,FALSE
2022,1,Province x age,Quebec | 25 to 54,Long-term share of unemployment,14.3952,10.4743,18.3161,0.1362,0.8743,363,Acceptable,TRUE
2022,1,Province x age,Quebec | 55 and over,Long-term share of unemployment,21.6018,15.0626,28.141,0.1514,1.4582,305,Marginal,TRUE
2022,1,Province x age,Saskatchewan | 15 to 24,Long-term share of unemployment,8.9577,3.2529,14.6626,0.3184,1.2721,48,Marginal,TRUE
2022,1,Province x age,Saskatchewan | 25 to 54,Long-term share of unemployment,21.2663,15.4579,27.0747,0.1366,1.2952,240,Acceptable,TRUE
2022,1,Province x age,Saskatchewan | 55 and over,Long-term share of unemployment,26.4387,16.5151,36.3623,0.1877,2.2128,127,Marginal,TRUE
2022,1,Province x age,Alberta | 15 to 24,Long-term unemployment rate,1.1482,0.5444,1.7521,0.2629,0.1346,91,Marginal,TRUE
2022,1,Province x age,Alberta | 25 to 54,Long-term unemployment rate,1.0406,0.7934,1.2879,0.1188,0.0551,439,Acceptable,TRUE
2022,1,Province x age,Alberta | 55 and over,Long-term unemployment rate,2.0586,1.4422,2.6751,0.1497,0.1375,280,Acceptable,TRUE
2022,1,Province x age,British Columbia | 15 to 24,Long-term unemployment rate,0.4541,0.1809,0.7274,0.3008,0.0609,74,Marginal,TRUE
2022,1,Province x age,British Columbia | 25 to 54,Long-term unemployment rate,0.7433,0.5762,0.9105,0.1124,0.0373,528,Acceptable,TRUE
2022,1,Province x age,British Columbia | 55 and over,Long-term unemployment rate,1.0519,0.6858,1.4179,0.174,0.0816,238,Marginal,TRUE
2022,1,Province x age,Manitoba | 15 to 24,Long-term unemployment rate,0.5891,0.1899,0.9882,0.3388,0.089,57,Marginal,TRUE
2022,1,Province x age,Manitoba | 25 to 54,Long-term unemployment rate,0.5617,0.365,0.7585,0.1752,0.0439,211,Marginal,TRUE
2022,1,Province x age,Manitoba | 55 and over,Long-term unemployment rate,1.1676,0.7236,1.6116,0.1901,0.099,170,Marginal,TRUE
2022,1,Province x age,New Brunswick | 15 to 24,Long-term unemployment rate,1.1774,0.4543,1.9005,0.3071,0.1612,59,Marginal,TRUE
2022,1,Province x age,New Brunswick | 25 to 54,Long-term unemployment rate,0.8998,0.5877,1.2118,0.1734,0.0696,213,Marginal,TRUE
2022,1,Province x age,New Brunswick | 55 and over,Long-term unemployment rate,1.5893,1.0061,2.1726,0.1835,0.1301,168,Marginal,TRUE
2022,1,Province x age,Newfoundland and Labrador | 15 to 24,Long-term unemployment rate,1.8304,0.4831,3.1776,0.368,0.3004,49,Suppressed,FALSE
2022,1,Province x age,Newfoundland and Labrador | 25 to 54,Long-term unemployment rate,1.712,1.1884,2.2355,0.1529,0.1167,249,Marginal,TRUE
2022,1,Province x age,Newfoundland and Labrador | 55 and over,Long-term unemployment rate,3.7567,2.5803,4.9331,0.1566,0.2623,266,Marginal,TRUE
2022,1,Province x age,Nova Scotia | 15 to 24,Long-term unemployment rate,0.889,0.2778,1.5002,0.3438,0.1363,50,Marginal,TRUE
2022,1,Province x age,Nova Scotia | 25 to 54,Long-term unemployment rate,0.9885,0.6737,1.3033,0.1592,0.0702,216,Marginal,TRUE
2022,1,Province x age,Nova Scotia | 55 and over,Long-term unemployment rate,1.5096,0.9638,2.0553,0.1808,0.1217,170,Marginal,TRUE
2022,1,Province x age,Ontario | 15 to 24,Long-term unemployment rate,0.8025,0.543,1.0621,0.1617,0.0579,295,Marginal,TRUE
2022,1,Province x age,Ontario | 25 to 54,Long-term unemployment rate,0.9313,0.7816,1.081,0.0804,0.0334,1373,Acceptable,TRUE
2022,1,Province x age,Ontario | 55 and over,Long-term unemployment rate,1.374,1.1084,1.6396,0.0966,0.0592,806,Acceptable,TRUE
2022,1,Province x age,Prince Edward Island | 15 to 24,Long-term unemployment rate,1.1655,0.0294,2.3015,0.4874,0.2533,24,Suppressed,FALSE
2022,1,Province x age,Prince Edward Island | 25 to 54,Long-term unemployment rate,0.5947,0.2256,0.9639,0.3103,0.0823,58,Marginal,TRUE
2022,1,Province x age,Prince Edward Island | 55 and over,Long-term unemployment rate,1.7658,0.8576,2.6741,0.2572,0.2025,80,Marginal,TRUE
2022,1,Province x age,Quebec | 15 to 24,Long-term unemployment rate,0.3944,0.1029,0.686,0.3696,0.065,56,Suppressed,FALSE
2022,1,Province x age,Quebec | 25 to 54,Long-term unemployment rate,0.4783,0.3365,0.6202,0.1483,0.0316,363,Acceptable,TRUE
2022,1,Province x age,Quebec | 55 and over,Long-term unemployment rate,0.9438,0.6327,1.2549,0.1648,0.0694,305,Marginal,TRUE
2022,1,Province x age,Saskatchewan | 15 to 24,Long-term unemployment rate,0.69,0.2227,1.1573,0.3386,0.1042,48,Marginal,TRUE
2022,1,Province x age,Saskatchewan | 25 to 54,Long-term unemployment rate,0.7831,0.544,1.0222,0.1527,0.0533,240,Marginal,TRUE
2022,1,Province x age,Saskatchewan | 55 and over,Long-term unemployment rate,1.0471,0.5987,1.4954,0.2141,0.1,127,Marginal,TRUE
2022,1,Province x age,Alberta | 15 to 24,Long-term unemployed (people),3920.8333,1856.4986,5985.1681,0.2633,460.3224,91,Marginal,TRUE
2022,1,Province x age,Alberta | 25 to 54,Long-term unemployed (people),17416.6667,13271.8585,21561.4748,0.119,924.2435,439,Acceptable,TRUE
2022,1,Province x age,Alberta | 55 and over,Long-term unemployed (people),10022.75,6997.4762,13048.0238,0.1509,674.6005,280,Marginal,TRUE
2022,1,Province x age,British Columbia | 15 to 24,Long-term unemployed (people),1792.0833,712.1431,2872.0235,0.3013,240.814,74,Marginal,TRUE
2022,1,Province x age,British Columbia | 25 to 54,Long-term unemployed (people),14124.5833,10943.4118,17305.7549,0.1126,709.3639,528,Acceptable,TRUE
2022,1,Province x age,British Columbia | 55 and over,Long-term unemployed (people),6481.5833,4223.6126,8739.5541,0.1742,503.5009,238,Marginal,TRUE
2022,1,Province x age,Manitoba | 15 to 24,Long-term unemployed (people),715.3333,230.2263,1200.4404,0.3391,108.1732,57,Marginal,TRUE
2022,1,Province x age,Manitoba | 25 to 54,Long-term unemployed (people),2583.1667,1678.47,3487.8634,0.1751,201.7367,211,Marginal,TRUE
2022,1,Province x age,Manitoba | 55 and over,Long-term unemployed (people),1626.0833,1006.0992,2246.0675,0.1906,138.2492,170,Marginal,TRUE
2022,1,Province x age,New Brunswick | 15 to 24,Long-term unemployed (people),663.1667,256.8047,1069.5286,0.3064,90.6139,59,Marginal,TRUE
2022,1,Province x age,New Brunswick | 25 to 54,Long-term unemployed (people),2249.5,1469.8632,3029.1368,0.1733,173.8498,213,Marginal,TRUE
2022,1,Province x age,New Brunswick | 55 and over,Long-term unemployed (people),1563.5,986.0171,2140.9829,0.1847,128.7719,168,Marginal,TRUE
2022,1,Province x age,Newfoundland and Labrador | 15 to 24,Long-term unemployed (people),628.3333,164.476,1092.1907,0.3691,103.4347,49,Suppressed,FALSE
2022,1,Province x age,Newfoundland and Labrador | 25 to 54,Long-term unemployed (people),2816,1954.5221,3677.4779,0.153,192.0994,249,Marginal,TRUE
2022,1,Province x age,Newfoundland and Labrador | 55 and over,Long-term unemployed (people),2450.8333,1675.599,3226.0676,0.1582,172.8681,266,Marginal,TRUE
2022,1,Province x age,Nova Scotia | 15 to 24,Long-term unemployed (people),675.4167,210.6452,1140.1881,0.3441,103.6386,50,Marginal,TRUE
2022,1,Province x age,Nova Scotia | 25 to 54,Long-term unemployed (people),3190.1667,2175.1768,4205.1565,0.1591,226.3308,216,Marginal,TRUE
2022,1,Province x age,Nova Scotia | 55 and over,Long-term unemployed (people),1930.5,1231.9962,2629.0038,0.1809,155.7581,170,Marginal,TRUE
2022,1,Province x age,Ontario | 15 to 24,Long-term unemployed (people),9197.3333,6214.024,12180.6427,0.1622,665.2429,295,Marginal,TRUE
2022,1,Province x age,Ontario | 25 to 54,Long-term unemployed (people),49429.75,41492.3619,57367.1381,0.0803,1769.9442,1373,Acceptable,TRUE
2022,1,Province x age,Ontario | 55 and over,Long-term unemployed (people),24290.3333,19572.3647,29008.302,0.0971,1052.0515,806,Acceptable,TRUE
2022,1,Province x age,Prince Edward Island | 15 to 24,Long-term unemployed (people),168.6667,4.1399,333.1934,0.4877,36.6875,24,Suppressed,FALSE
2022,1,Province x age,Prince Edward Island | 25 to 54,Long-term unemployed (people),324.5833,123.2447,525.922,0.3101,44.8962,58,Marginal,TRUE
2022,1,Province x age,Prince Edward Island | 55 and over,Long-term unemployed (people),390.8333,188.8536,592.813,0.2584,45.0391,80,Marginal,TRUE
2022,1,Province x age,Quebec | 15 to 24,Long-term unemployed (people),2460.25,641.3488,4279.1512,0.3697,405.5936,56,Suppressed,FALSE
2022,1,Province x age,Quebec | 25 to 54,Long-term unemployed (people),14223.25,10007.0584,18439.4416,0.1482,940.1612,363,Acceptable,TRUE
2022,1,Province x age,Quebec | 55 and over,Long-term unemployed (people),9377,6275.4751,12478.5249,0.1654,691.6036,305,Marginal,TRUE
2022,1,Province x age,Saskatchewan | 15 to 24,Long-term unemployed (people),593.0833,191.5266,994.64,0.3385,89.5424,48,Marginal,TRUE
2022,1,Province x age,Saskatchewan | 25 to 54,Long-term unemployed (people),3019.8333,2097.5244,3942.1422,0.1527,205.664,240,Marginal,TRUE
2022,1,Province x age,Saskatchewan | 55 and over,Long-term unemployed (people),1406.5833,801.5239,2011.6428,0.2151,134.9211,127,Marginal,TRUE
2022,1,Province x age,Alberta | 15 to 24,Unemployed (people),37453,31427.4156,43478.5844,0.0804,1343.6345,916,Acceptable,TRUE
2022,1,Province x age,Alberta | 25 to 54,Unemployed (people),79295.3333,70132.3149,88458.3518,0.0578,2043.2454,1946,Acceptable,TRUE
2022,1,Province x age,Alberta | 55 and over,Unemployed (people),29288.3333,24401.9831,34174.6836,0.0834,1089.5987,837,Acceptable,TRUE
2022,1,Province x age,British Columbia | 15 to 24,Unemployed (people),35197.1667,29742.4717,40651.8616,0.0775,1216.3329,1202,Acceptable,TRUE
2022,1,Province x age,British Columbia | 25 to 54,Unemployed (people),76055.1667,67901.6232,84208.7101,0.0536,1818.1443,2556,Acceptable,TRUE
2022,1,Province x age,British Columbia | 55 and over,Unemployed (people),24024.4167,19891.5751,28157.2582,0.086,921.5751,954,Acceptable,TRUE
2022,1,Province x age,Manitoba | 15 to 24,Unemployed (people),10136.3333,8362.0373,11910.6294,0.0875,395.6472,818,Acceptable,TRUE
2022,1,Province x age,Manitoba | 25 to 54,Unemployed (people),16581.9167,14400.3413,18763.4921,0.0658,486.4657,1355,Acceptable,TRUE
2022,1,Province x age,Manitoba | 55 and over,Unemployed (people),5889.1667,4666.7283,7111.605,0.1038,272.5894,568,Acceptable,TRUE
2022,1,Province x age,New Brunswick | 15 to 24,Unemployed (people),6722.0833,5451.2754,7992.8913,0.0945,283.3752,601,Acceptable,TRUE
2022,1,Province x age,New Brunswick | 25 to 54,Unemployed (people),14255.5833,12429.5982,16081.5685,0.064,407.1732,1338,Acceptable,TRUE
2022,1,Province x age,New Brunswick | 55 and over,Unemployed (people),8165.3333,6905.4614,9425.2052,0.0771,280.9366,884,Acceptable,TRUE
2022,1,Province x age,Newfoundland and Labrador | 15 to 24,Unemployed (people),4998.3333,3875.1615,6121.5052,0.1124,250.4541,487,Acceptable,TRUE
2022,1,Province x age,Newfoundland and Labrador | 25 to 54,Unemployed (people),14711.3333,12862.1157,16560.551,0.0629,412.3538,1394,Acceptable,TRUE
2022,1,Province x age,Newfoundland and Labrador | 55 and over,Unemployed (people),10149.9167,8709.0994,11590.7339,0.071,321.2853,1065,Acceptable,TRUE
2022,1,Province x age,Nova Scotia | 15 to 24,Unemployed (people),8716.6667,7043.6213,10389.712,0.096,373.0694,590,Acceptable,TRUE
2022,1,Province x age,Nova Scotia | 25 to 54,Unemployed (people),17056.4167,14849.5838,19263.2496,0.0647,492.0978,1180,Acceptable,TRUE
2022,1,Province x age,Nova Scotia | 55 and over,Unemployed (people),8708.5833,7217.753,10199.4136,0.0856,332.4376,783,Acceptable,TRUE
2022,1,Province x age,Ontario | 15 to 24,Unemployed (people),130809.0833,119098.0359,142520.1308,0.0448,2611.4259,4035,Acceptable,TRUE
2022,1,Province x age,Ontario | 25 to 54,Unemployed (people),244963.6667,228024.5962,261902.7372,0.0346,3777.2136,7040,Acceptable,TRUE
2022,1,Province x age,Ontario | 55 and over,Unemployed (people),81607.6667,72898.2558,90317.0776,0.0534,1942.0962,2872,Acceptable,TRUE
2022,1,Province x age,Prince Edward Island | 15 to 24,Unemployed (people),1694.1667,1181.8932,2206.4401,0.1512,114.231,258,Marginal,TRUE
2022,1,Province x age,Prince Edward Island | 25 to 54,Unemployed (people),3013.25,2389.6178,3636.8822,0.1035,139.0626,532,Acceptable,TRUE
2022,1,Province x age,Prince Edward Island | 55 and over,Unemployed (people),2338.5,1846.1333,2830.8667,0.1053,109.792,483,Acceptable,TRUE
2022,1,Province x age,Quebec | 15 to 24,Unemployed (people),47327.9167,39928.7697,54727.0636,0.0782,1649.9228,1346,Acceptable,TRUE
2022,1,Province x age,Quebec | 25 to 54,Unemployed (people),105096.6667,93826.3287,116367.0047,0.0536,2513.1529,2807,Acceptable,TRUE
2022,1,Province x age,Quebec | 55 and over,Unemployed (people),46397.75,39962.4295,52833.0705,0.0693,1435.0008,1705,Acceptable,TRUE
2022,1,Province x age,Saskatchewan | 15 to 24,Unemployed (people),7044.3333,5588.7537,8499.913,0.1033,324.5771,539,Acceptable,TRUE
2022,1,Province x age,Saskatchewan | 25 to 54,Unemployed (people),15286.3333,13149.3954,17423.2712,0.0699,476.512,1204,Acceptable,TRUE
2022,1,Province x age,Saskatchewan | 55 and over,Unemployed (people),5788,4396.5925,7179.4075,0.1202,310.2675,472,Acceptable,TRUE
2023,2,Canada,Canada,Unemployment rate,5.389,5.2388,5.5392,0.0139,0.0335,41988,Acceptable,TRUE
2023,2,Canada,Canada,Long-term share of unemployment,15.814,14.6832,16.9447,0.0358,0.2521,6133,Acceptable,TRUE
2023,2,Canada,Canada,Long-term unemployment rate,0.8098,0.7475,0.8721,0.0385,0.0139,6133,Acceptable,TRUE
2023,2,Canada,Canada,Long-term unemployed (people),174054.5,160633.9954,187475.0046,0.0386,2992.6148,6133,Acceptable,TRUE
2023,2,Canada,Canada,Unemployed (people),1158254.5,1125834.5464,1190674.4536,0.014,7229.2685,41988,Acceptable,TRUE
2023,2,Province,Alberta,Unemployment rate,5.8894,5.4099,6.369,0.0407,0.1069,3851,Acceptable,TRUE
2023,2,Province,British Columbia,Unemployment rate,5.191,4.7843,5.5978,0.0392,0.0907,4831,Acceptable,TRUE
2023,2,Province,Manitoba,Unemployment rate,4.8863,4.423,5.3497,0.0474,0.1033,2845,Acceptable,TRUE
2023,2,Province,New Brunswick,Unemployment rate,6.5659,5.9226,7.2092,0.049,0.1434,2402,Acceptable,TRUE
2023,2,Province,Newfoundland and Labrador,Unemployment rate,9.9538,9.0505,10.8571,0.0454,0.2014,2734,Acceptable,TRUE
2023,2,Province,Nova Scotia,Unemployment rate,6.3555,5.7421,6.9688,0.0483,0.1368,2370,Acceptable,TRUE
2023,2,Province,Ontario,Unemployment rate,5.6303,5.3532,5.9074,0.0246,0.0618,13606,Acceptable,TRUE
2023,2,Province,Prince Edward Island,Unemployment rate,7.178,6.217,8.139,0.0669,0.2143,1356,Acceptable,TRUE
2023,2,Province,Quebec,Unemployment rate,4.469,4.1212,4.8169,0.0389,0.0776,5693,Acceptable,TRUE
2023,2,Province,Saskatchewan,Unemployment rate,4.7171,4.2578,5.1763,0.0487,0.1024,2300,Acceptable,TRUE
2023,2,Province,Alberta,Long-term share of unemployment,16.3564,13.1661,19.5466,0.0975,0.7114,585,Acceptable,TRUE
2023,2,Province,British Columbia,Long-term share of unemployment,15.5799,12.5856,18.5741,0.0961,0.6677,739,Acceptable,TRUE
2023,2,Province,Manitoba,Long-term share of unemployment,14.6985,11.2292,18.1679,0.118,0.7736,408,Acceptable,TRUE
2023,2,Province,New Brunswick,Long-term share of unemployment,12.2503,8.7913,15.7092,0.1412,0.7713,277,Acceptable,TRUE
2023,2,Province,Newfoundland and Labrador,Long-term share of unemployment,17.2867,13.4818,21.0915,0.1101,0.8484,421,Acceptable,TRUE
2023,2,Province,Nova Scotia,Long-term share of unemployment,15.8163,12.0916,19.5409,0.1177,0.8305,357,Acceptable,TRUE
2023,2,Province,Ontario,Long-term share of unemployment,17.4057,15.4394,19.372,0.0565,0.4385,2256,Acceptable,TRUE
2023,2,Province,Prince Edward Island,Long-term share of unemployment,12.0752,7.3491,16.8012,0.1957,1.0539,145,Marginal,TRUE
2023,2,Province,Quebec,Long-term share of unemployment,12.5994,9.7262,15.4727,0.114,0.6407,618,Acceptable,TRUE
2023,2,Province,Saskatchewan,Long-term share of unemployment,15.0682,11.4006,18.7358,0.1217,0.8178,327,Acceptable,TRUE
2023,2,Province,Alberta,Long-term unemployment rate,0.9263,0.7284,1.1242,0.1068,0.0441,585,Acceptable,TRUE
2023,2,Province,British Columbia,Long-term unemployment rate,0.7711,0.6132,0.929,0.1024,0.0352,739,Acceptable,TRUE
2023,2,Province,Manitoba,Long-term unemployment rate,0.6724,0.501,0.8437,0.1274,0.0382,408,Acceptable,TRUE
2023,2,Province,New Brunswick,Long-term unemployment rate,0.7581,0.5307,0.9854,0.15,0.0507,277,Acceptable,TRUE
2023,2,Province,Newfoundland and Labrador,Long-term unemployment rate,1.5988,1.213,1.9846,0.1206,0.086,421,Acceptable,TRUE
2023,2,Province,Nova Scotia,Long-term unemployment rate,0.9201,0.684,1.1561,0.1283,0.0526,357,Acceptable,TRUE
2023,2,Province,Ontario,Long-term unemployment rate,0.9393,0.8218,1.0569,0.0625,0.0262,2256,Acceptable,TRUE
2023,2,Province,Prince Edward Island,Long-term unemployment rate,0.7824,0.4559,1.1088,0.2087,0.0728,145,Marginal,TRUE
2023,2,Province,Quebec,Long-term unemployment rate,0.527,0.3993,0.6547,0.1212,0.0285,618,Acceptable,TRUE
2023,2,Province,Saskatchewan,Long-term unemployment rate,0.6672,0.4926,0.8417,0.1308,0.0389,327,Acceptable,TRUE
2023,2,Province,Alberta,Long-term unemployed (people),24042.0833,18892.349,29191.8177,0.1071,1148.3302,585,Acceptable,TRUE
2023,2,Province,British Columbia,Long-term unemployed (people),23163.5,18410.8889,27916.1111,0.1026,1059.7764,739,Acceptable,TRUE
2023,2,Province,Manitoba,Long-term unemployed (people),4996.1667,3722.3163,6270.0171,0.1275,284.0537,408,Acceptable,TRUE
2023,2,Province,New Brunswick,Long-term unemployed (people),3152.5833,2206.7803,4098.3864,0.15,210.903,277,Marginal,TRUE
2023,2,Province,Newfoundland and Labrador,Long-term unemployed (people),4231.3333,3209.6252,5253.0415,0.1207,227.8289,421,Acceptable,TRUE
2023,2,Province,Nova Scotia,Long-term unemployed (people),4964.5,3691.0104,6237.9896,0.1283,283.9732,357,Acceptable,TRUE
2023,2,Province,Ontario,Long-term unemployed (people),79692.5833,69708.5775,89676.5892,0.0626,2226.3159,2256,Acceptable,TRUE
2023,2,Province,Prince Edward Island,Long-term unemployed (people),752.9167,438.809,1067.0243,0.2086,70.0423,145,Marginal,TRUE
2023,2,Province,Quebec,Long-term unemployed (people),24949,18898.6712,30999.3288,0.1213,1349.1522,618,Acceptable,TRUE
2023,2,Province,Saskatchewan,Long-term unemployed (people),4109.8333,3034.5727,5185.0939,0.1308,239.7705,327,Acceptable,TRUE
2023,2,Province,Alberta,Unemployed (people),152859.75,140301.5589,165417.9411,0.0411,2800.329,3851,Acceptable,TRUE
2023,2,Province,British Columbia,Unemployed (people),155932.9167,143674.5522,168191.2811,0.0393,2733.4712,4831,Acceptable,TRUE
2023,2,Province,Manitoba,Unemployed (people),36308.75,32851.557,39765.943,0.0476,770.9134,2845,Acceptable,TRUE
2023,2,Province,New Brunswick,Unemployed (people),27305.9167,24617.5576,29994.2757,0.0492,599.4725,2402,Acceptable,TRUE
2023,2,Province,Newfoundland and Labrador,Unemployed (people),26342.8333,23915.6958,28769.9709,0.0461,541.2231,2734,Acceptable,TRUE
2023,2,Province,Nova Scotia,Unemployed (people),34292,30959.2975,37624.7025,0.0486,743.1535,2370,Acceptable,TRUE
2023,2,Province,Ontario,Unemployed (people),477663.0833,454023.0631,501303.1036,0.0247,5271.4466,13606,Acceptable,TRUE
2023,2,Province,Prince Edward Island,Unemployed (people),6907.9167,5973.8327,7842.0007,0.0676,208.2897,1356,Acceptable,TRUE
2023,2,Province,Quebec,Unemployed (people),211583.0833,195055.7754,228110.3913,0.0391,3685.3954,5693,Acceptable,TRUE
2023,2,Province,Saskatchewan,Unemployed (people),29058.25,26208.0766,31908.4234,0.049,635.5552,2300,Acceptable,TRUE
2023,2,Age,15 to 24,Unemployment rate,10.7003,10.1329,11.2677,0.0265,0.1265,11477,Acceptable,TRUE
2023,2,Age,25 to 54,Unemployment rate,4.5336,4.3537,4.7135,0.0198,0.0401,21644,Acceptable,TRUE
2023,2,Age,55 and over,Unemployment rate,4.5307,4.25,4.8114,0.031,0.0626,8867,Acceptable,TRUE
2023,2,Age,15 to 24,Long-term share of unemployment,9.0639,7.2951,10.8326,0.0976,0.3944,965,Acceptable,TRUE
2023,2,Age,25 to 54,Long-term share of unemployment,16.5928,14.9913,18.1942,0.0483,0.3571,3428,Acceptable,TRUE
2023,2,Age,55 and over,Long-term share of unemployment,23.9314,20.8381,27.0248,0.0646,0.6898,1740,Acceptable,TRUE
2023,2,Age,15 to 24,Long-term unemployment rate,0.9254,0.7377,1.113,0.1014,0.0418,965,Acceptable,TRUE
2023,2,Age,25 to 54,Long-term unemployment rate,0.714,0.6398,0.7882,0.0519,0.0165,3428,Acceptable,TRUE
2023,2,Age,55 and over,Long-term unemployment rate,1.0275,0.877,1.1781,0.0733,0.0336,1740,Acceptable,TRUE
2023,2,Age,15 to 24,Long-term unemployed (people),27608.5,21999.8269,33217.1731,0.1016,1250.6682,965,Acceptable,TRUE
2023,2,Age,25 to 54,Long-term unemployed (people),99613.75,89256.8524,109970.6476,0.052,2309.4664,3428,Acceptable,TRUE
2023,2,Age,55 and over,Long-term unemployed (people),46832.25,39932.4047,53732.0953,0.0737,1538.5844,1740,Acceptable,TRUE
2023,2,Age,15 to 24,Unemployed (people),319234.6667,301827.1661,336642.1672,0.0273,3881.668,11477,Acceptable,TRUE
2023,2,Age,25 to 54,Unemployed (people),632519,607517.8244,657520.1756,0.0198,5574.9682,21644,Acceptable,TRUE
2023,2,Age,55 and over,Unemployed (people),206500.8333,193457.5438,219544.1229,0.0316,2908.5002,8867,Acceptable,TRUE
2023,2,Gender,Men+,Unemployment rate,5.5182,5.3082,5.7282,0.019,0.0468,23105,Acceptable,TRUE
2023,2,Gender,Women+,Unemployment rate,5.2449,5.0198,5.47,0.0215,0.0502,18883,Acceptable,TRUE
2023,2,Gender,Men+,Long-term share of unemployment,16.8084,15.2713,18.3455,0.0457,0.3428,3633,Acceptable,TRUE
2023,2,Gender,Women+,Long-term share of unemployment,14.6339,12.9829,16.2849,0.0564,0.3682,2500,Acceptable,TRUE
2023,2,Gender,Men+,Long-term unemployment rate,0.8862,0.7982,0.9742,0.0496,0.0196,3633,Acceptable,TRUE
2023,2,Gender,Women+,Long-term unemployment rate,0.7247,0.6366,0.8127,0.0607,0.0196,2500,Acceptable,TRUE
2023,2,Gender,Men+,Long-term unemployed (people),100398.0833,90424.1565,110372.0102,0.0497,2224.0684,3633,Acceptable,TRUE
2023,2,Gender,Women+,Long-term unemployed (people),73656.4167,64692.8291,82620.0042,0.0608,1998.7747,2500,Acceptable,TRUE
2023,2,Gender,Men+,Unemployed (people),625148.5833,601292.4741,649004.6925,0.0191,5319.6319,23105,Acceptable,TRUE
2023,2,Gender,Women+,Unemployed (people),533105.9167,510115.2003,556096.6331,0.0216,5126.6595,18883,Acceptable,TRUE
2023,2,Immigrant status,"Immigrant, landed 10 years or less",Unemployment rate,7.4347,6.8045,8.0648,0.0424,0.1405,4090,Acceptable,TRUE
2023,2,Immigrant status,"Immigrant, landed over 10 years",Unemployment rate,5.0672,4.6826,5.4518,0.038,0.0858,5409,Acceptable,TRUE
2023,2,Immigrant status,Non-immigrant (incl. non-permanent residents),Unemployment rate,5.2289,5.0585,5.3992,0.0163,0.038,32489,Acceptable,TRUE
2023,2,Immigrant status,"Immigrant, landed 10 years or less",Long-term share of unemployment,13.55,10.3551,16.7449,0.1179,0.7124,553,Acceptable,TRUE
2023,2,Immigrant status,"Immigrant, landed over 10 years",Long-term share of unemployment,21.2482,17.8416,24.6548,0.0802,0.7596,1063,Acceptable,TRUE
2023,2,Immigrant status,Non-immigrant (incl. non-permanent residents),Long-term share of unemployment,14.8573,13.6048,16.1098,0.0422,0.2793,4517,Acceptable,TRUE
2023,2,Immigrant status,"Immigrant, landed 10 years or less",Long-term unemployment rate,0.981,0.7369,1.2252,0.1244,0.0544,553,Acceptable,TRUE
2023,2,Immigrant status,"Immigrant, landed over 10 years",Long-term unemployment rate,1.0354,0.8506,1.2201,0.0892,0.0412,1063,Acceptable,TRUE
2023,2,Immigrant status,Non-immigrant (incl. non-permanent residents),Long-term unemployment rate,0.733,0.6671,0.7989,0.0449,0.0147,4517,Acceptable,TRUE
2023,2,Immigrant status,"Immigrant, landed 10 years or less",Long-term unemployed (people),18140.4167,13585.828,22695.0054,0.1255,1015.6197,553,Acceptable,TRUE
2023,2,Immigrant status,"Immigrant, landed over 10 years",Long-term unemployed (people),40827.25,33511.6215,48142.8785,0.0896,1631.2992,1063,Acceptable,TRUE
2023,2,Immigrant status,Non-immigrant (incl. non-permanent residents),Long-term unemployed (people),115086.8333,104705.8958,125467.7709,0.0451,2314.827,4517,Acceptable,TRUE
2023,2,Immigrant status,"Immigrant, landed 10 years or less",Unemployed (people),137476.25,125239.4303,149713.0697,0.0445,2728.6669,4090,Acceptable,TRUE
2023,2,Immigrant status,"Immigrant, landed over 10 years",Unemployed (people),199814.8333,184337.0926,215292.5741,0.0387,3451.3542,5409,Acceptable,TRUE
2023,2,Immigrant status,Non-immigrant (incl. non-permanent residents),Unemployed (people),820963.4167,793781.5993,848145.234,0.0166,6061.2257,32489,Acceptable,TRUE
2023,2,Education,Bachelor's or above,Unemployment rate,4.1233,3.8726,4.374,0.0304,0.0559,9386,Acceptable,TRUE
2023,2,Education,High school or less,Unemployment rate,8.2481,7.878,8.6182,0.0224,0.0825,17502,Acceptable,TRUE
2023,2,Education,"Some postsecondary, certificate or diploma",Unemployment rate,4.6942,4.4608,4.9277,0.0249,0.0521,15100,Acceptable,TRUE
2023,2,Education,Bachelor's or above,Long-term share of unemployment,18.9297,16.4154,21.4441,0.0664,0.5607,1584,Acceptable,TRUE
2023,2,Education,High school or less,Long-term share of unemployment,13.9114,12.2246,15.5983,0.0606,0.3761,2293,Acceptable,TRUE
2023,2,Education,"Some postsecondary, certificate or diploma",Long-term share of unemployment,15.5387,13.7123,17.3651,0.0588,0.4073,2256,Acceptable,TRUE
2023,2,Education,Bachelor's or above,Long-term unemployment rate,0.7434,0.6327,0.8541,0.0745,0.0247,1584,Acceptable,TRUE
2023,2,Education,High school or less,Long-term unemployment rate,1.099,0.9547,1.2434,0.0657,0.0322,2293,Acceptable,TRUE
2023,2,Education,"Some postsecondary, certificate or diploma",Long-term unemployment rate,0.6858,0.5983,0.7733,0.0638,0.0195,2256,Acceptable,TRUE
2023,2,Education,Bachelor's or above,Long-term unemployed (people),55703.8333,47385.4518,64022.2149,0.0747,1854.9013,1584,Acceptable,TRUE
2023,2,Education,High school or less,Long-term unemployed (people),59405.5,51597.6898,67213.3102,0.0657,1741.0499,2293,Acceptable,TRUE
2023,2,Education,"Some postsecondary, certificate or diploma",Long-term unemployed (people),58945.1667,51418.1679,66472.1654,0.0638,1678.4322,2256,Acceptable,TRUE
2023,2,Education,Bachelor's or above,Unemployed (people),308960.3333,289908.8802,328011.7865,0.0308,4248.2501,9386,Acceptable,TRUE
2023,2,Education,High school or less,Unemployed (people),445837,424896.2547,466777.7453,0.0235,4669.54,17502,Acceptable,TRUE
2023,2,Education,"Some postsecondary, certificate or diploma",Unemployed (people),403457.1667,383004.3605,423909.9728,0.0253,4560.7353,15100,Acceptable,TRUE
2023,2,Age x immigrant status,"15 to 24 | Immigrant, landed 10 years or less",Unemployment rate,12.4699,10.2148,14.725,0.0904,0.5029,916,Acceptable,TRUE
2023,2,Age x immigrant status,"15 to 24 | Immigrant, landed over 10 years",Unemployment rate,12.8433,10.3266,15.3601,0.098,0.5612,824,Acceptable,TRUE
2023,2,Age x immigrant status,15 to 24 | Non-immigrant (incl. non-permanent residents),Unemployment rate,10.3488,9.7649,10.9327,0.0282,0.1302,9737,Acceptable,TRUE
2023,2,Age x immigrant status,"25 to 54 | Immigrant, landed 10 years or less",Unemployment rate,6.5188,5.8466,7.191,0.0516,0.1499,2856,Acceptable,TRUE
2023,2,Age x immigrant status,"25 to 54 | Immigrant, landed over 10 years",Unemployment rate,4.7049,4.247,5.1628,0.0487,0.1021,3047,Acceptable,TRUE
2023,2,Age x immigrant status,25 to 54 | Non-immigrant (incl. non-permanent residents),Unemployment rate,4.1865,3.9843,4.3887,0.0242,0.0451,15741,Acceptable,TRUE
2023,2,Age x immigrant status,"55 and over | Immigrant, landed 10 years or less",Unemployment rate,9.9679,6.6443,13.2916,0.1667,0.7411,318,Marginal,TRUE
2023,2,Age x immigrant status,"55 and over | Immigrant, landed over 10 years",Unemployment rate,4.4117,3.7704,5.053,0.0727,0.143,1538,Acceptable,TRUE
2023,2,Age x immigrant status,55 and over | Non-immigrant (incl. non-permanent residents),Unemployment rate,4.4315,4.11,4.753,0.0363,0.0717,7011,Acceptable,TRUE
2023,2,Age x immigrant status,"15 to 24 | Immigrant, landed 10 years or less",Long-term share of unemployment,9.1553,2.8284,15.4823,0.3455,1.4108,71,Marginal,TRUE
2023,2,Age x immigrant status,"15 to 24 | Immigrant, landed over 10 years",Long-term share of unemployment,12.014,4.5199,19.5081,0.3119,1.6711,77,Marginal,TRUE
2023,2,Age x immigrant status,15 to 24 | Non-immigrant (incl. non-permanent residents),Long-term share of unemployment,8.7302,6.8668,10.5937,0.1067,0.4155,817,Acceptable,TRUE
2023,2,Age x immigrant status,"25 to 54 | Immigrant, landed 10 years or less",Long-term share of unemployment,13.629,9.8505,17.4075,0.1386,0.8426,399,Acceptable,TRUE
2023,2,Age x immigrant status,"25 to 54 | Immigrant, landed over 10 years",Long-term share of unemployment,18.3736,14.1396,22.6076,0.1152,0.9441,567,Acceptable,TRUE
2023,2,Age x immigrant status,25 to 54 | Non-immigrant (incl. non-permanent residents),Long-term share of unemployment,16.8177,14.898,18.7373,0.0571,0.4281,2462,Acceptable,TRUE
2023,2,Age x immigrant status,"55 and over | Immigrant, landed 10 years or less",Long-term share of unemployment,27.6838,12.0783,43.2893,0.2819,3.4798,83,Marginal,TRUE
2023,2,Age x immigrant status,"55 and over | Immigrant, landed over 10 years",Long-term share of unemployment,31.9898,24.6764,39.3033,0.1143,1.6308,419,Acceptable,TRUE
2023,2,Age x immigrant status,55 and over | Non-immigrant (incl. non-permanent residents),Long-term share of unemployment,20.4931,17.2809,23.7053,0.0784,0.7163,1238,Acceptable,TRUE
2023,2,Age x immigrant status,"15 to 24 | Immigrant, landed 10 years or less",Long-term unemployment rate,1.1192,0.3052,1.9332,0.3636,0.1815,71,Suppressed,FALSE
2023,2,Age x immigrant status,"15 to 24 | Immigrant, landed over 10 years",Long-term unemployment rate,1.4819,0.5084,2.4553,0.3284,0.2171,77,Marginal,TRUE
2023,2,Age x immigrant status,15 to 24 | Non-immigrant (incl. non-permanent residents),Long-term unemployment rate,0.8588,0.6689,1.0487,0.1105,0.0423,817,Acceptable,TRUE
2023,2,Age x immigrant status,"25 to 54 | Immigrant, landed 10 years or less",Long-term unemployment rate,0.8633,0.6103,1.1164,0.1465,0.0564,399,Acceptable,TRUE
2023,2,Age x immigrant status,"25 to 54 | Immigrant, landed over 10 years",Long-term unemployment rate,0.8317,0.6293,1.034,0.1216,0.0451,567,Acceptable,TRUE
2023,2,Age x immigrant status,25 to 54 | Non-immigrant (incl. non-permanent residents),Long-term unemployment rate,0.6619,0.5797,0.7441,0.0621,0.0183,2462,Acceptable,TRUE
2023,2,Age x immigrant status,"55 and over | Immigrant, landed 10 years or less",Long-term unemployment rate,2.6933,0.9462,4.4403,0.3243,0.3896,83,Marginal,TRUE
2023,2,Age x immigrant status,"55 and over | Immigrant, landed over 10 years",Long-term unemployment rate,1.3567,0.9828,1.7306,0.1378,0.0834,419,Acceptable,TRUE
2023,2,Age x immigrant status,55 and over | Non-immigrant (incl. non-permanent residents),Long-term unemployment rate,0.8543,0.705,1.0035,0.0873,0.0333,1238,Acceptable,TRUE
2023,2,Age x immigrant status,"15 to 24 | Immigrant, landed 10 years or less",Long-term unemployed (people),2626.4167,709.4175,4543.4158,0.3649,427.4683,71,Suppressed,FALSE
2023,2,Age x immigrant status,"15 to 24 | Immigrant, landed over 10 years",Long-term unemployed (people),3272.0833,1105.4788,5438.6879,0.3311,483.1273,77,Marginal,TRUE
2023,2,Age x immigrant status,15 to 24 | Non-immigrant (incl. non-permanent residents),Long-term unemployed (people),21710,16890.0269,26529.9731,0.111,1074.7973,817,Acceptable,TRUE
2023,2,Age x immigrant status,"25 to 54 | Immigrant, landed 10 years or less",Long-term unemployed (people),13194.5833,9289.5829,17099.5837,0.148,870.7692,399,Acceptable,TRUE
2023,2,Age x immigrant status,"25 to 54 | Immigrant, landed over 10 years",Long-term unemployed (people),20509.0833,15493.7375,25524.4291,0.1223,1118.3632,567,Acceptable,TRUE
2023,2,Age x immigrant status,25 to 54 | Non-immigrant (incl. non-permanent residents),Long-term unemployed (people),65910.0833,57712.8388,74107.3279,0.0622,1827.8892,2462,Acceptable,TRUE
2023,2,Age x immigrant status,"55 and over | Immigrant, landed 10 years or less",Long-term unemployed (people),2319.4167,784.2814,3854.5519,0.3309,342.3171,83,Marginal,TRUE
2023,2,Age x immigrant status,"55 and over | Immigrant, landed over 10 years",Long-term unemployed (people),17046.0833,12340.4511,21751.7156,0.138,1049.3007,419,Acceptable,TRUE
2023,2,Age x immigrant status,55 and over | Non-immigrant (incl. non-permanent residents),Long-term unemployed (people),27466.75,22625.5963,32307.9037,0.0881,1079.5204,1238,Acceptable,TRUE
2023,2,Age x immigrant status,"15 to 24 | Immigrant, landed 10 years or less",Unemployed (people),29262.5833,23671.1428,34854.0239,0.0955,1246.8255,916,Acceptable,TRUE
2023,2,Age x immigrant status,"15 to 24 | Immigrant, landed over 10 years",Unemployed (people),28359.25,22463.8177,34254.6823,0.1039,1314.6121,824,Acceptable,TRUE
2023,2,Age x immigrant status,15 to 24 | Non-immigrant (incl. non-permanent residents),Unemployed (people),261612.8333,246363.2031,276862.4635,0.0291,3400.4883,9737,Acceptable,TRUE
2023,2,Age x immigrant status,"25 to 54 | Immigrant, landed 10 years or less",Unemployed (people),99629.3333,88872.1239,110386.5428,0.054,2398.7312,2856,Acceptable,TRUE
2023,2,Age x immigrant status,"25 to 54 | Immigrant, landed over 10 years",Unemployed (people),116025.1667,104496.6159,127553.7174,0.0497,2570.7313,3047,Acceptable,TRUE
2023,2,Age x immigrant status,25 to 54 | Non-immigrant (incl. non-permanent residents),Unemployed (people),416864.5,396632.8994,437096.1006,0.0243,4511.4091,15741,Acceptable,TRUE
2023,2,Age x immigrant status,"55 and over | Immigrant, landed 10 years or less",Unemployed (people),8584.3333,5528.0434,11640.6232,0.178,681.5167,318,Marginal,TRUE
2023,2,Age x immigrant status,"55 and over | Immigrant, landed over 10 years",Unemployed (people),55430.4167,47262.5484,63598.285,0.0737,1821.3386,1538,Acceptable,TRUE
2023,2,Age x immigrant status,55 and over | Non-immigrant (incl. non-permanent residents),Unemployed (people),142486.0833,131861.2273,153110.9394,0.0373,2369.218,7011,Acceptable,TRUE
2023,2,Province x age,Alberta | 15 to 24,Unemployment rate,12.1832,10.437,13.9295,0.0717,0.3894,1121,Acceptable,TRUE
2023,2,Province x age,Alberta | 25 to 54,Unemployment rate,4.9179,4.3668,5.469,0.056,0.1229,2058,Acceptable,TRUE
2023,2,Province x age,Alberta | 55 and over,Unemployment rate,4.8788,3.9417,5.8159,0.096,0.209,672,Acceptable,TRUE
2023,2,Province x age,British Columbia | 15 to 24,Unemployment rate,9.558,8.1617,10.9544,0.073,0.3114,1207,Acceptable,TRUE
2023,2,Province x age,British Columbia | 25 to 54,Unemployment rate,4.5397,4.0542,5.0252,0.0535,0.1083,2612,Acceptable,TRUE
2023,2,Province x age,British Columbia | 55 and over,Unemployment rate,4.4471,3.7007,5.1935,0.0839,0.1664,1012,Acceptable,TRUE
2023,2,Province x age,Manitoba | 15 to 24,Unemployment rate,9.4627,7.9278,10.9977,0.0811,0.3423,919,Acceptable,TRUE
2023,2,Province x age,Manitoba | 25 to 54,Unemployment rate,4.0575,3.5101,4.6048,0.0675,0.1221,1445,Acceptable,TRUE
2023,2,Province x age,Manitoba | 55 and over,Unemployment rate,3.6925,2.8561,4.5289,0.1133,0.1865,481,Acceptable,TRUE
2023,2,Province x age,New Brunswick | 15 to 24,Unemployment rate,11.5954,9.1819,14.009,0.1041,0.5382,546,Acceptable,TRUE
2023,2,Province x age,New Brunswick | 25 to 54,Unemployment rate,5.1356,4.4137,5.8576,0.0703,0.161,1140,Acceptable,TRUE
2023,2,Province x age,New Brunswick | 55 and over,Unemployment rate,7.396,6.1452,8.6467,0.0846,0.2789,716,Acceptable,TRUE
2023,2,Province x age,Newfoundland and Labrador | 15 to 24,Unemployment rate,14.5355,11.7152,17.3558,0.097,0.6289,565,Acceptable,TRUE
2023,2,Province x age,Newfoundland and Labrador | 25 to 54,Unemployment rate,7.8687,6.837,8.9005,0.0656,0.2301,1352,Acceptable,TRUE
2023,2,Province x age,Newfoundland and Labrador | 55 and over,Unemployment rate,12.8883,10.8377,14.9388,0.0796,0.4572,817,Acceptable,TRUE
2023,2,Province x age,Nova Scotia | 15 to 24,Unemployment rate,12.0091,9.6903,14.3279,0.0965,0.5171,563,Acceptable,TRUE
2023,2,Province x age,Nova Scotia | 25 to 54,Unemployment rate,5.2147,4.5038,5.9256,0.0682,0.1585,1198,Acceptable,TRUE
2023,2,Province x age,Nova Scotia | 55 and over,Unemployment rate,6.0547,4.9326,7.1767,0.0927,0.2502,609,Acceptable,TRUE
2023,2,Province x age,Ontario | 15 to 24,Unemployment rate,12.4503,11.3927,13.5078,0.0425,0.2358,4210,Acceptable,TRUE
2023,2,Province x age,Ontario | 25 to 54,Unemployment rate,4.6762,4.3598,4.9927,0.0338,0.0706,7089,Acceptable,TRUE
2023,2,Province x age,Ontario | 55 and over,Unemployment rate,4.0669,3.592,4.5418,0.0584,0.1059,2307,Acceptable,TRUE
2023,2,Province x age,Prince Edward Island | 15 to 24,Unemployment rate,11.3053,8.1347,14.4758,0.1402,0.707,283,Acceptable,TRUE
2023,2,Province x age,Prince Edward Island | 25 to 54,Unemployment rate,5.8714,4.7445,6.9983,0.096,0.2513,638,Acceptable,TRUE
2023,2,Province x age,Prince Edward Island | 55 and over,Unemployment rate,7.6388,5.8979,9.3797,0.114,0.3882,435,Acceptable,TRUE
2023,2,Province x age,Quebec | 15 to 24,Unemployment rate,7.3959,6.24,8.5518,0.0781,0.2577,1419,Acceptable,TRUE
2023,2,Province x age,Quebec | 25 to 54,Unemployment rate,3.8454,3.4353,4.2555,0.0533,0.0914,2824,Acceptable,TRUE
2023,2,Province x age,Quebec | 55 and over,Unemployment rate,4.4484,3.7453,5.1515,0.079,0.1568,1450,Acceptable,TRUE
2023,2,Province x age,Saskatchewan | 15 to 24,Unemployment rate,9.5817,7.8722,11.2911,0.0892,0.3812,644,Acceptable,TRUE
2023,2,Province x age,Saskatchewan | 25 to 54,Unemployment rate,4.1234,3.5892,4.6576,0.0648,0.1191,1288,Acceptable,TRUE
2023,2,Province x age,Saskatchewan | 55 and over,Unemployment rate,3.2494,2.4787,4.0201,0.1186,0.1719,368,Acceptable,TRUE
2023,2,Province x age,Alberta | 15 to 24,Long-term share of unemployment,9.6099,4.9817,14.2381,0.2408,1.032,98,Marginal,TRUE
2023,2,Province x age,Alberta | 25 to 54,Long-term share of unemployment,17.1751,12.6092,21.7411,0.1329,1.0182,339,Acceptable,TRUE
2023,2,Province x age,Alberta | 55 and over,Long-term share of unemployment,25.4009,16.5046,34.2972,0.1751,1.9838,148,Marginal,TRUE
2023,2,Province x age,British Columbia | 15 to 24,Long-term share of unemployment,8.2414,4.0503,12.4325,0.2543,0.9346,105,Marginal,TRUE
2023,2,Province x age,British Columbia | 25 to 54,Long-term share of unemployment,16.1686,12.1509,20.1863,0.1242,0.8959,422,Acceptable,TRUE
2023,2,Province x age,British Columbia | 55 and over,Long-term share of unemployment,23.5527,15.5103,31.5952,0.1707,1.7934,212,Marginal,TRUE
2023,2,Province x age,Manitoba | 15 to 24,Long-term share of unemployment,8.7679,4.1633,13.3726,0.2626,1.0268,86,Marginal,TRUE
2023,2,Province x age,Manitoba | 25 to 54,Long-term share of unemployment,15.5403,10.4626,20.6181,0.1634,1.1323,208,Marginal,TRUE
2023,2,Province x age,Manitoba | 55 and over,Long-term share of unemployment,25.4176,14.9118,35.9235,0.2067,2.3427,114,Marginal,TRUE
2023,2,Province x age,New Brunswick | 15 to 24,Long-term share of unemployment,11.1663,4.0017,18.3308,0.3208,1.5976,57,Marginal,TRUE
2023,2,Province x age,New Brunswick | 25 to 54,Long-term share of unemployment,11.8793,7.2287,16.53,0.1957,1.037,128,Marginal,TRUE
2023,2,Province x age,New Brunswick | 55 and over,Long-term share of unemployment,13.9823,7.5377,20.4268,0.2305,1.4371,92,Marginal,TRUE
2023,2,Province x age,Newfoundland and Labrador | 15 to 24,Long-term share of unemployment,13.9879,5.9492,22.0265,0.2873,1.7925,72,Marginal,TRUE
2023,2,Province x age,Newfoundland and Labrador | 25 to 54,Long-term share of unemployment,19.3245,13.6491,24.9998,0.1468,1.2655,229,Acceptable,TRUE
2023,2,Province x age,Newfoundland and Labrador | 55 and over,Long-term share of unemployment,16.069,9.4671,22.671,0.2054,1.4722,120,Marginal,TRUE
2023,2,Province x age,Nova Scotia | 15 to 24,Long-term share of unemployment,9.354,3.0562,15.6518,0.3366,1.4043,46,Marginal,TRUE
2023,2,Province x age,Nova Scotia | 25 to 54,Long-term share of unemployment,15.9144,10.7228,21.1059,0.1631,1.1577,179,Marginal,TRUE
2023,2,Province x age,Nova Scotia | 55 and over,Long-term share of unemployment,23.3595,14.6233,32.0957,0.187,1.9481,132,Marginal,TRUE
2023,2,Province x age,Ontario | 15 to 24,Long-term share of unemployment,9.7918,6.9183,12.6654,0.1467,0.6408,367,Acceptable,TRUE
2023,2,Province x age,Ontario | 25 to 54,Long-term share of unemployment,18.6277,15.8786,21.3768,0.0738,0.613,1329,Acceptable,TRUE
2023,2,Province x age,Ontario | 55 and over,Long-term share of unemployment,28.5448,22.6431,34.4464,0.1034,1.316,560,Acceptable,TRUE
2023,2,Province x age,Prince Edward Island | 15 to 24,Long-term share of unemployment,9.1948,-0.2597,18.6492,0.5141,2.1082,22,Suppressed,FALSE
2023,2,Province x age,Prince Edward Island | 25 to 54,Long-term share of unemployment,15.3277,7.6041,23.0513,0.2519,1.7223,79,Marginal,TRUE
2023,2,Province x age,Prince Edward Island | 55 and over,Long-term share of unemployment,9.0757,2.5384,15.6129,0.3602,1.4577,44,Suppressed,FALSE
2023,2,Province x age,Quebec | 15 to 24,Long-term share of unemployment,6.1496,1.8812,10.4179,0.347,0.9518,60,Marginal,TRUE
2023,2,Province x age,Quebec | 25 to 54,Long-term share of unemployment,12.3686,8.4043,16.3328,0.1603,0.884,306,Marginal,TRUE
2023,2,Province x age,Quebec | 55 and over,Long-term share of unemployment,19.8657,13.2709,26.4605,0.166,1.4706,252,Marginal,TRUE
2023,2,Province x age,Saskatchewan | 15 to 24,Long-term share of unemployment,9.1117,3.44,14.7834,0.3112,1.2647,52,Marginal,TRUE
2023,2,Province x age,Saskatchewan | 25 to 54,Long-term share of unemployment,16.9899,11.8323,22.1476,0.1518,1.1501,209,Marginal,TRUE
2023,2,Province x age,Saskatchewan | 55 and over,Long-term share of unemployment,19.5499,9.7471,29.3527,0.2507,2.1859,66,Marginal,TRUE
2023,2,Province x age,Alberta | 15 to 24,Long-term unemployment rate,1.1459,0.5708,1.721,0.2509,0.1282,98,Marginal,TRUE
2023,2,Province x age,Alberta | 25 to 54,Long-term unemployment rate,0.8062,0.5709,1.0415,0.1459,0.0525,339,Acceptable,TRUE
2023,2,Province x age,Alberta | 55 and over,Long-term unemployment rate,1.1856,0.7069,1.6643,0.2019,0.1067,148,Marginal,TRUE
2023,2,Province x age,British Columbia | 15 to 24,Long-term unemployment rate,0.7491,0.3646,1.1336,0.2567,0.0857,105,Marginal,TRUE
2023,2,Province x age,British Columbia | 25 to 54,Long-term unemployment rate,0.6949,0.5076,0.8822,0.1348,0.0418,422,Acceptable,TRUE
2023,2,Province x age,British Columbia | 55 and over,Long-term unemployment rate,1.0248,0.6243,1.4254,0.1954,0.0893,212,Marginal,TRUE
2023,2,Province x age,Manitoba | 15 to 24,Long-term unemployment rate,0.7987,0.3539,1.2435,0.2785,0.0992,86,Marginal,TRUE
2023,2,Province x age,Manitoba | 25 to 54,Long-term unemployment rate,0.5843,0.3785,0.7902,0.1761,0.0459,208,Marginal,TRUE
2023,2,Province x age,Manitoba | 55 and over,Long-term unemployment rate,0.856,0.4573,1.2548,0.2329,0.0889,114,Marginal,TRUE
2023,2,Province x age,New Brunswick | 15 to 24,Long-term unemployment rate,1.2491,0.4062,2.092,0.3374,0.188,57,Marginal,TRUE
2023,2,Province x age,New Brunswick | 25 to 54,Long-term unemployment rate,0.5679,0.3275,0.8084,0.2117,0.0536,128,Marginal,TRUE
2023,2,Province x age,New Brunswick | 55 and over,Long-term unemployment rate,0.9753,0.4892,1.4614,0.2492,0.1084,92,Marginal,TRUE
2023,2,Province x age,Newfoundland and Labrador | 15 to 24,Long-term unemployment rate,1.9147,0.7681,3.0613,0.2994,0.2557,72,Marginal,TRUE
2023,2,Province x age,Newfoundland and Labrador | 25 to 54,Long-term unemployment rate,1.4101,0.9492,1.871,0.1634,0.1028,229,Marginal,TRUE
2023,2,Province x age,Newfoundland and Labrador | 55 and over,Long-term unemployment rate,1.9152,1.0605,2.7699,0.2231,0.1906,120,Marginal,TRUE
2023,2,Province x age,Nova Scotia | 15 to 24,Long-term unemployment rate,1.0368,0.3049,1.7687,0.3529,0.1632,46,Suppressed,FALSE
2023,2,Province x age,Nova Scotia | 25 to 54,Long-term unemployment rate,0.7546,0.4868,1.0224,0.1775,0.0597,179,Marginal,TRUE
2023,2,Province x age,Nova Scotia | 55 and over,Long-term unemployment rate,1.3019,0.7499,1.8539,0.212,0.1231,132,Marginal,TRUE
2023,2,Province x age,Ontario | 15 to 24,Long-term unemployment rate,1.168,0.81,1.5259,0.1532,0.0798,367,Marginal,TRUE
2023,2,Province x age,Ontario | 25 to 54,Long-term unemployment rate,0.8384,0.7024,0.9743,0.0811,0.0303,1329,Acceptable,TRUE
2023,2,Province x age,Ontario | 55 and over,Long-term unemployment rate,1.0979,0.8281,1.3677,0.1229,0.0602,560,Acceptable,TRUE
2023,2,Province x age,Prince Edward Island | 15 to 24,Long-term unemployment rate,0.9644,-0.0589,1.9877,0.5306,0.2282,22,Suppressed,FALSE
2023,2,Province x age,Prince Edward Island | 25 to 54,Long-term unemployment rate,0.7904,0.3596,1.2211,0.2725,0.0961,79,Marginal,TRUE
2023,2,Province x age,Prince Edward Island | 55 and over,Long-term unemployment rate,0.6406,0.1632,1.118,0.3726,0.1064,44,Suppressed,FALSE
2023,2,Province x age,Quebec | 15 to 24,Long-term unemployment rate,0.423,0.1207,0.7254,0.3574,0.0674,60,Suppressed,FALSE
2023,2,Province x age,Quebec | 25 to 54,Long-term unemployment rate,0.4448,0.2929,0.5967,0.1707,0.0339,306,Marginal,TRUE
2023,2,Province x age,Quebec | 55 and over,Long-term unemployment rate,0.8338,0.52,1.1475,0.1882,0.07,252,Marginal,TRUE
2023,2,Province x age,Saskatchewan | 15 to 24,Long-term unemployment rate,0.8211,0.2877,1.3545,0.3248,0.1189,52,Marginal,TRUE
2023,2,Province x age,Saskatchewan | 25 to 54,Long-term unemployment rate,0.6591,0.4387,0.8796,0.1672,0.0492,209,Marginal,TRUE
2023,2,Province x age,Saskatchewan | 55 and over,Long-term unemployment rate,0.5885,0.2588,0.9182,0.2801,0.0735,66,Marginal,TRUE
2023,2,Province x age,Alberta | 15 to 24,Long-term unemployed (people),4008.5,1994.7042,6022.2958,0.2512,449.0528,98,Marginal,TRUE
2023,2,Province x age,Alberta | 25 to 54,Long-term unemployed (people),14005.5833,9912.7663,18098.4004,0.1461,912.6501,339,Acceptable,TRUE
2023,2,Province x age,Alberta | 55 and over,Long-term unemployed (people),6028,3586.1374,8469.8626,0.2025,544.5067,148,Marginal,TRUE
2023,2,Province x age,British Columbia | 15 to 24,Long-term unemployed (people),3007.1667,1459.9968,4554.3365,0.2572,345.0007,105,Marginal,TRUE
2023,2,Province x age,British Columbia | 25 to 54,Long-term unemployed (people),13722.0833,10026.2085,17417.9582,0.1347,824.1366,422,Acceptable,TRUE
2023,2,Province x age,British Columbia | 55 and over,Long-term unemployed (people),6434.25,3908.3417,8960.1583,0.1963,563.2479,212,Marginal,TRUE
2023,2,Province x age,Manitoba | 15 to 24,Long-term unemployed (people),987.3333,438.0164,1536.6503,0.2782,122.4912,86,Marginal,TRUE
2023,2,Province x age,Manitoba | 25 to 54,Long-term unemployed (people),2782.6667,1802.4039,3762.9294,0.1761,218.5871,208,Marginal,TRUE
2023,2,Province x age,Manitoba | 55 and over,Long-term unemployed (people),1226.1667,656.1281,1796.2053,0.2324,127.1119,114,Marginal,TRUE
2023,2,Province x age,New Brunswick | 15 to 24,Long-term unemployed (people),727.3333,233.6199,1221.0467,0.3394,110.0923,57,Marginal,TRUE
2023,2,Province x age,New Brunswick | 25 to 54,Long-term unemployed (people),1481.75,853.6394,2109.8606,0.2119,140.0613,128,Marginal,TRUE
2023,2,Province x age,New Brunswick | 55 and over,Long-term unemployed (people),943.5,473.7773,1413.2227,0.2489,104.7426,92,Marginal,TRUE
2023,2,Province x age,Newfoundland and Labrador | 15 to 24,Long-term unemployed (people),642.9167,257.5537,1028.2797,0.2997,85.9314,72,Marginal,TRUE
2023,2,Province x age,Newfoundland and Labrador | 25 to 54,Long-term unemployed (people),2337.0833,1573.12,3101.0467,0.1634,170.3548,229,Marginal,TRUE
2023,2,Province x age,Newfoundland and Labrador | 55 and over,Long-term unemployed (people),1251.3333,689.3524,1813.3142,0.2246,125.3151,120,Marginal,TRUE
2023,2,Province x age,Nova Scotia | 15 to 24,Long-term unemployed (people),779.8333,228.485,1331.1816,0.3535,122.9442,46,Suppressed,FALSE
2023,2,Province x age,Nova Scotia | 25 to 54,Long-term unemployed (people),2565.25,1656.3965,3474.1035,0.1771,202.6637,179,Marginal,TRUE
2023,2,Province x age,Nova Scotia | 55 and over,Long-term unemployed (people),1619.4167,930.0399,2308.7934,0.2128,153.7229,132,Marginal,TRUE
2023,2,Province x age,Ontario | 15 to 24,Long-term unemployed (people),13807.8333,9569.2023,18046.4643,0.1535,945.1649,367,Marginal,TRUE
2023,2,Province x age,Ontario | 25 to 54,Long-term unemployed (people),46125.6667,38635.5006,53615.8327,0.0812,1670.219,1329,Acceptable,TRUE
2023,2,Province x age,Ontario | 55 and over,Long-term unemployed (people),19759.0833,14888.7443,24629.4223,0.1232,1086.0283,560,Acceptable,TRUE
2023,2,Province x age,Prince Edward Island | 15 to 24,Long-term unemployed (people),150.25,-8.8177,309.3177,0.5293,35.4702,22,Suppressed,FALSE
2023,2,Province x age,Prince Edward Island | 25 to 54,Long-term unemployed (people),453.75,206.4057,701.0943,0.2726,55.1549,79,Marginal,TRUE
2023,2,Province x age,Prince Edward Island | 55 and over,Long-term unemployed (people),148.9167,37.8563,259.9771,0.3729,24.7652,44,Suppressed,FALSE
2023,2,Province x age,Quebec | 15 to 24,Long-term unemployed (people),2773.1667,791.3759,4754.9575,0.3573,441.916,60,Suppressed,FALSE
2023,2,Province x age,Quebec | 25 to 54,Long-term unemployed (people),13533.1667,8908.0583,18158.275,0.1709,1031.3448,306,Marginal,TRUE
2023,2,Province x age,Quebec | 55 and over,Long-term unemployed (people),8642.6667,5389.2684,11896.0649,0.1882,725.4696,252,Marginal,TRUE
2023,2,Province x age,Saskatchewan | 15 to 24,Long-term unemployed (people),724.1667,253.0576,1195.2757,0.3253,105.0518,52,Marginal,TRUE
2023,2,Province x age,Saskatchewan | 25 to 54,Long-term unemployed (people),2606.75,1736.3106,3477.1894,0.167,194.0978,209,Marginal,TRUE
2023,2,Province x age,Saskatchewan | 55 and over,Long-term unemployed (people),778.9167,342.6672,1215.1661,0.28,97.2785,66,Marginal,TRUE
2023,2,Province x age,Alberta | 15 to 24,Unemployed (people),42618,36341.6613,48894.3387,0.0736,1399.5497,1121,Acceptable,TRUE
2023,2,Province x age,Alberta | 25 to 54,Unemployed (people),85436.4167,75839.3011,95033.5323,0.0562,2140.044,2058,Acceptable,TRUE
2023,2,Province x age,Alberta | 55 and over,Unemployed (people),24805.3333,19969.7166,29640.9501,0.0975,1078.2857,672,Acceptable,TRUE
2023,2,Province x age,British Columbia | 15 to 24,Unemployed (people),38371.5833,32709.3853,44033.7813,0.0738,1262.6036,1207,Acceptable,TRUE
2023,2,Province x age,British Columbia | 25 to 54,Unemployed (people),89641.25,80066.3022,99216.1978,0.0534,2135.1008,2612,Acceptable,TRUE
2023,2,Province x age,British Columbia | 55 and over,Unemployed (people),27920.0833,23193.3434,32646.8232,0.0846,1054.0074,1012,Acceptable,TRUE
2023,2,Province x age,Manitoba | 15 to 24,Unemployed (people),11697.25,9784.4124,13610.0876,0.0818,426.5403,919,Acceptable,TRUE
2023,2,Province x age,Manitoba | 25 to 54,Unemployed (people),19322.4167,16713.2663,21931.5671,0.0675,581.8099,1445,Acceptable,TRUE
2023,2,Province x age,Manitoba | 55 and over,Unemployed (people),5289.0833,4085.9455,6492.2212,0.1137,268.2856,481,Acceptable,TRUE
2023,2,Province x age,New Brunswick | 15 to 24,Unemployed (people),6751.9167,5317.7645,8186.0688,0.1062,319.7991,546,Acceptable,TRUE
2023,2,Province x age,New Brunswick | 25 to 54,Unemployed (people),13399.3333,11506.7707,15291.8959,0.0706,422.0192,1140,Acceptable,TRUE
2023,2,Province x age,New Brunswick | 55 and over,Unemployed (people),7154.6667,5913.483,8395.8503,0.0867,276.7694,716,Acceptable,TRUE
2023,2,Province x age,Newfoundland and Labrador | 15 to 24,Unemployed (people),4880.75,3904.9575,5856.5425,0.1,217.5903,565,Acceptable,TRUE
2023,2,Province x age,Newfoundland and Labrador | 25 to 54,Unemployed (people),13041.25,11321.3211,14761.1789,0.0659,383.5239,1352,Acceptable,TRUE
2023,2,Province x age,Newfoundland and Labrador | 55 and over,Unemployed (people),8420.8333,7037.3149,9804.3518,0.0821,308.5083,817,Acceptable,TRUE
2023,2,Province x age,Nova Scotia | 15 to 24,Unemployed (people),9032.6667,7251.9661,10813.3672,0.0986,397.0753,563,Acceptable,TRUE
2023,2,Province x age,Nova Scotia | 25 to 54,Unemployed (people),17727.9167,15313.2517,20142.5816,0.0681,538.4419,1198,Acceptable,TRUE
2023,2,Province x age,Nova Scotia | 55 and over,Unemployed (people),7531.4167,6107.9074,8954.926,0.0945,317.4258,609,Acceptable,TRUE
2023,2,Province x age,Ontario | 15 to 24,Unemployed (people),147188,134197.1093,160178.8907,0.0441,2896.8159,4210,Acceptable,TRUE
2023,2,Province x age,Ontario | 25 to 54,Unemployed (people),257282.8333,239836.1441,274729.5225,0.0339,3890.4066,7089,Acceptable,TRUE
2023,2,Province x age,Ontario | 55 and over,Unemployed (people),73192.25,64554.3781,81830.1219,0.059,1926.1439,2307,Acceptable,TRUE
2023,2,Province x age,Prince Edward Island | 15 to 24,Unemployed (people),1761.3333,1256.6061,2266.0606,0.1433,112.5482,283,Acceptable,TRUE
2023,2,Province x age,Prince Edward Island | 25 to 54,Unemployed (people),3370.8333,2720.6878,4020.9789,0.0964,144.9748,638,Acceptable,TRUE
2023,2,Province x age,Prince Edward Island | 55 and over,Unemployed (people),1775.75,1364.0596,2187.4404,0.1159,91.8021,435,Acceptable,TRUE
2023,2,Province x age,Quebec | 15 to 24,Unemployed (people),48482.75,40783.7259,56181.7741,0.0794,1716.7919,1419,Acceptable,TRUE
2023,2,Province x age,Quebec | 25 to 54,Unemployed (people),116989.75,104505.2849,129474.2151,0.0534,2783.8889,2824,Acceptable,TRUE
2023,2,Province x age,Quebec | 55 and over,Unemployed (people),46110.5833,38733.4024,53487.7642,0.08,1645.0246,1450,Acceptable,TRUE
2023,2,Province x age,Saskatchewan | 15 to 24,Unemployed (people),8450.4167,6913.9072,9986.9261,0.0909,342.6235,644,Acceptable,TRUE
2023,2,Province x age,Saskatchewan | 25 to 54,Unemployed (people),16307,14195.7614,18418.2386,0.0647,470.7814,1288,Acceptable,TRUE
2023,2,Province x age,Saskatchewan | 55 and over,Unemployed (people),4300.8333,3276.8815,5324.7851,0.119,228.3292,368,Acceptable,TRUE
2024,3,Canada,Canada,Unemployment rate,6.344,6.181,6.507,0.0128,0.0363,51885,Acceptable,TRUE
2024,3,Canada,Canada,Long-term share of unemployment,20.0661,18.9717,21.1605,0.0273,0.244,9551,Acceptable,TRUE
2024,3,Canada,Canada,Long-term unemployment rate,1.2207,1.146,1.2955,0.0306,0.0167,9551,Acceptable,TRUE
2024,3,Canada,Canada,Long-term unemployed (people),270208,253652.523,286763.477,0.0306,3691.6767,9551,Acceptable,TRUE
2024,3,Canada,Canada,Unemployed (people),1404228.1667,1367998.4452,1440457.8881,0.0129,8078.802,51885,Acceptable,TRUE
2024,3,Province,Alberta,Unemployment rate,6.9945,6.4759,7.513,0.0371,0.1156,4507,Acceptable,TRUE
2024,3,Province,British Columbia,Unemployment rate,5.5678,5.1952,5.9404,0.0335,0.0831,5853,Acceptable,TRUE
2024,3,Province,Manitoba,Unemployment rate,5.449,4.9598,5.9382,0.0449,0.1091,3212,Acceptable,TRUE
2024,3,Province,New Brunswick,Unemployment rate,7.0414,6.4116,7.6712,0.0447,0.1404,2718,Acceptable,TRUE
2024,3,Province,Newfoundland and Labrador,Unemployment rate,9.9542,9.0844,10.824,0.0437,0.194,3074,Acceptable,TRUE
2024,3,Province,Nova Scotia,Unemployment rate,6.4848,5.8879,7.0818,0.046,0.1331,2515,Acceptable,TRUE
2024,3,Province,Ontario,Unemployment rate,6.9513,6.6715,7.231,0.0201,0.0624,18077,Acceptable,TRUE
2024,3,Province,Prince Edward Island,Unemployment rate,7.9346,6.9599,8.9093,0.0614,0.2173,1513,Acceptable,TRUE
2024,3,Province,Quebec,Unemployment rate,5.3209,4.9758,5.6661,0.0324,0.077,7654,Acceptable,TRUE
2024,3,Province,Saskatchewan,Unemployment rate,5.4274,4.9439,5.9108,0.0445,0.1078,2762,Acceptable,TRUE
2024,3,Province,Alberta,Long-term share of unemployment,21.6559,18.362,24.9499,0.0761,0.7345,926,Acceptable,TRUE
2024,3,Province,British Columbia,Long-term share of unemployment,18.3777,15.5541,21.2012,0.0768,0.6296,1115,Acceptable,TRUE
2024,3,Province,Manitoba,Long-term share of unemployment,17.6061,14.1361,21.0761,0.0985,0.7738,546,Acceptable,TRUE
2024,3,Province,New Brunswick,Long-term share of unemployment,14.9851,11.6431,18.3272,0.1115,0.7452,405,Acceptable,TRUE
2024,3,Province,Newfoundland and Labrador,Long-term share of unemployment,17.5808,14.0192,21.1425,0.1013,0.7942,498,Acceptable,TRUE
2024,3,Province,Nova Scotia,Long-term share of unemployment,18.2593,14.2472,22.2715,0.1099,0.8947,415,Acceptable,TRUE
2024,3,Province,Ontario,Long-term share of unemployment,23.1713,21.2837,25.0588,0.0407,0.4209,3934,Acceptable,TRUE
2024,3,Province,Prince Edward Island,Long-term share of unemployment,10.993,7.1549,14.8311,0.1746,0.8559,162,Marginal,TRUE
2024,3,Province,Quebec,Long-term share of unemployment,14.3482,11.8039,16.8926,0.0887,0.5674,1036,Acceptable,TRUE
2024,3,Province,Saskatchewan,Long-term share of unemployment,19.6796,16.0937,23.2654,0.0911,0.7996,514,Acceptable,TRUE
2024,3,Province,Alberta,Long-term unemployment rate,1.4632,1.2086,1.7177,0.087,0.0568,926,Acceptable,TRUE
2024,3,Province,British Columbia,Long-term unemployment rate,0.9761,0.8111,1.1411,0.0845,0.0368,1115,Acceptable,TRUE
2024,3,Province,Manitoba,Long-term unemployment rate,0.9066,0.7121,1.1012,0.1073,0.0434,546,Acceptable,TRUE
2024,3,Province,New Brunswick,Long-term unemployment rate,0.9981,0.7624,1.2337,0.1181,0.0525,405,Acceptable,TRUE
2024,3,Province,Newfoundland and Labrador,Long-term unemployment rate,1.6636,1.2991,2.0282,0.1096,0.0813,498,Acceptable,TRUE
2024,3,Province,Nova Scotia,Long-term unemployment rate,1.0992,0.8381,1.3603,0.1188,0.0582,415,Acceptable,TRUE
2024,3,Province,Ontario,Long-term unemployment rate,1.5576,1.4138,1.7014,0.0462,0.0321,3934,Acceptable,TRUE
2024,3,Province,Prince Edward Island,Long-term unemployment rate,0.8254,0.5174,1.1333,0.1865,0.0687,162,Marginal,TRUE
2024,3,Province,Quebec,Long-term unemployment rate,0.725,0.5881,0.862,0.0944,0.0305,1036,Acceptable,TRUE
2024,3,Province,Saskatchewan,Long-term unemployment rate,1.0061,0.8033,1.2088,0.1008,0.0452,514,Acceptable,TRUE
2024,3,Province,Alberta,Long-term unemployed (people),39627.6667,32728.6935,46526.6398,0.087,1538.3899,926,Acceptable,TRUE
2024,3,Province,British Columbia,Long-term unemployed (people),30121.5,25025.8362,35217.1638,0.0846,1136.2731,1115,Acceptable,TRUE
2024,3,Province,Manitoba,Long-term unemployed (people),6946.3333,5452.8674,8439.7993,0.1075,333.0253,546,Acceptable,TRUE
2024,3,Province,New Brunswick,Long-term unemployed (people),4294.1667,3279.1493,5309.184,0.1182,226.3369,405,Acceptable,TRUE
2024,3,Province,Newfoundland and Labrador,Long-term unemployed (people),4525.8333,3528.3409,5523.3258,0.1102,222.4291,498,Acceptable,TRUE
2024,3,Province,Nova Scotia,Long-term unemployed (people),6127.8333,4674.7853,7580.8814,0.1186,324.0126,415,Acceptable,TRUE
2024,3,Province,Ontario,Long-term unemployed (people),136364.5833,123781.303,148947.8637,0.0461,2805.9236,3934,Acceptable,TRUE
2024,3,Province,Prince Edward Island,Long-term unemployed (people),828.9167,519.6372,1138.1962,0.1866,68.9657,162,Marginal,TRUE
2024,3,Province,Quebec,Long-term unemployed (people),34964.5,28348.227,41580.773,0.0946,1475.3511,1036,Acceptable,TRUE
2024,3,Province,Saskatchewan,Long-term unemployed (people),6406.6667,5114.8222,7698.5111,0.1008,288.0661,514,Acceptable,TRUE
2024,3,Province,Alberta,Unemployed (people),189435.75,175207.3457,203664.1543,0.0376,3172.7669,4507,Acceptable,TRUE
2024,3,Province,British Columbia,Unemployed (people),171815.25,160289.7338,183340.7662,0.0335,2570.0546,5853,Acceptable,TRUE
2024,3,Province,Manitoba,Unemployed (people),41749.0833,37970.0511,45528.1156,0.0453,842.6798,3212,Acceptable,TRUE
2024,3,Province,New Brunswick,Unemployed (people),30295.25,27543.0598,33047.4402,0.0454,613.7061,2718,Acceptable,TRUE
2024,3,Province,Newfoundland and Labrador,Unemployed (people),27079.6667,24672.4931,29486.8402,0.0444,536.7714,3074,Acceptable,TRUE
2024,3,Province,Nova Scotia,Unemployed (people),36152.5,32799.033,39505.967,0.0464,747.7837,2515,Acceptable,TRUE
2024,3,Province,Ontario,Unemployed (people),608561.25,584027.5699,633094.9301,0.0202,5470.7223,18077,Acceptable,TRUE
2024,3,Province,Prince Edward Island,Unemployed (people),7968.8333,6983.9184,8953.7482,0.0618,219.6244,1513,Acceptable,TRUE
2024,3,Province,Quebec,Unemployed (people),256608.5833,239855.4519,273361.7148,0.0326,3735.7514,7654,Acceptable,TRUE
2024,3,Province,Saskatchewan,Unemployed (people),34562,31454.2093,37669.7907,0.045,693.0008,2762,Acceptable,TRUE
2024,3,Age,15 to 24,Unemployment rate,13.0639,12.4413,13.6866,0.0238,0.1388,14878,Acceptable,TRUE
2024,3,Age,25 to 54,Unemployment rate,5.3648,5.1734,5.5561,0.0178,0.0427,27254,Acceptable,TRUE
2024,3,Age,55 and over,Unemployment rate,4.9102,4.6031,5.2174,0.0313,0.0685,9753,Acceptable,TRUE
2024,3,Age,15 to 24,Long-term share of unemployment,13.0045,11.3247,14.6843,0.0646,0.3746,1819,Acceptable,TRUE
2024,3,Age,25 to 54,Long-term share of unemployment,22.019,20.4314,23.6066,0.0361,0.354,5486,Acceptable,TRUE
2024,3,Age,55 and over,Long-term share of unemployment,26.0675,23.2955,28.8396,0.0532,0.6181,2246,Acceptable,TRUE
2024,3,Age,15 to 24,Long-term unemployment rate,1.6347,1.4069,1.8626,0.0697,0.0508,1819,Acceptable,TRUE
2024,3,Age,25 to 54,Long-term unemployment rate,1.1331,1.0411,1.2252,0.0406,0.0205,5486,Acceptable,TRUE
2024,3,Age,55 and over,Long-term unemployment rate,1.2186,1.0664,1.3708,0.0625,0.0339,2246,Acceptable,TRUE
2024,3,Age,15 to 24,Long-term unemployed (people),50440.1667,43381.2797,57499.0536,0.07,1574.0488,1819,Acceptable,TRUE
2024,3,Age,25 to 54,Long-term unemployed (people),163969.5,150655.5275,177283.4725,0.0406,2968.8593,5486,Acceptable,TRUE
2024,3,Age,55 and over,Long-term unemployed (people),55798.3333,48798.3102,62798.3565,0.0627,1560.9229,2246,Acceptable,TRUE
2024,3,Age,15 to 24,Unemployed (people),403090,383413.2353,422766.7647,0.0244,4387.6872,14878,Acceptable,TRUE
2024,3,Age,25 to 54,Unemployed (people),776309.3333,748500.9812,804117.6854,0.0179,6200.9356,27254,Acceptable,TRUE
2024,3,Age,55 and over,Unemployed (people),224828.8333,210705.0425,238952.6241,0.0314,3149.4393,9753,Acceptable,TRUE
2024,3,Gender,Men+,Unemployment rate,6.6542,6.4287,6.8797,0.0169,0.0503,29012,Acceptable,TRUE
2024,3,Gender,Women+,Unemployment rate,5.9952,5.7566,6.2339,0.0199,0.0532,22873,Acceptable,TRUE
2024,3,Gender,Men+,Long-term share of unemployment,19.7978,18.355,21.2405,0.0364,0.3217,5341,Acceptable,TRUE
2024,3,Gender,Women+,Long-term share of unemployment,20.4046,18.7396,22.0696,0.0408,0.3713,4210,Acceptable,TRUE
2024,3,Gender,Men+,Long-term unemployment rate,1.2695,1.1663,1.3726,0.0406,0.023,5341,Acceptable,TRUE
2024,3,Gender,Women+,Long-term unemployment rate,1.166,1.0571,1.2749,0.0467,0.0243,4210,Acceptable,TRUE
2024,3,Gender,Men+,Long-term unemployed (people),148722,136613.1527,160830.8473,0.0407,2700.1306,5341,Acceptable,TRUE
2024,3,Gender,Women+,Long-term unemployed (people),121486,110135.9938,132836.0062,0.0467,2530.918,4210,Acceptable,TRUE
2024,3,Gender,Men+,Unemployed (people),779562.9167,752859.9387,806265.8946,0.0171,5954.4502,29012,Acceptable,TRUE
2024,3,Gender,Women+,Unemployed (people),624665.25,599660.4801,649670.0199,0.02,5575.7697,22873,Acceptable,TRUE
2024,3,Immigrant status,"Immigrant, landed 10 years or less",Unemployment rate,9.6654,8.9975,10.3334,0.0346,0.1489,6551,Acceptable,TRUE
2024,3,Immigrant status,"Immigrant, landed over 10 years",Unemployment rate,5.8407,5.4668,6.2146,0.032,0.0834,6982,Acceptable,TRUE
2024,3,Immigrant status,Non-immigrant (incl. non-permanent residents),Unemployment rate,6.016,5.8344,6.1976,0.0151,0.0405,38352,Acceptable,TRUE
2024,3,Immigrant status,"Immigrant, landed 10 years or less",Long-term share of unemployment,21.0816,18.0982,24.065,0.0708,0.6653,1305,Acceptable,TRUE
2024,3,Immigrant status,"Immigrant, landed over 10 years",Long-term share of unemployment,23.4464,20.5326,26.3602,0.0621,0.6497,1558,Acceptable,TRUE
2024,3,Immigrant status,Non-immigrant (incl. non-permanent residents),Long-term share of unemployment,18.9925,17.714,20.2709,0.0337,0.2851,6688,Acceptable,TRUE
2024,3,Immigrant status,"Immigrant, landed 10 years or less",Long-term unemployment rate,1.9864,1.661,2.3119,0.0819,0.0726,1305,Acceptable,TRUE
2024,3,Immigrant status,"Immigrant, landed over 10 years",Long-term unemployment rate,1.3288,1.1456,1.5121,0.069,0.0409,1558,Acceptable,TRUE
2024,3,Immigrant status,Non-immigrant (incl. non-permanent residents),Long-term unemployment rate,1.0885,1.0082,1.1688,0.0369,0.0179,6688,Acceptable,TRUE
2024,3,Immigrant status,"Immigrant, landed 10 years or less",Long-term unemployed (people),43359.0833,36211.2963,50506.8704,0.0824,1593.8725,1305,Acceptable,TRUE
2024,3,Immigrant status,"Immigrant, landed over 10 years",Long-term unemployed (people),53483.6667,46060.4176,60906.9157,0.0694,1655.2973,1558,Acceptable,TRUE
2024,3,Immigrant status,Non-immigrant (incl. non-permanent residents),Long-term unemployed (people),173365.25,160527.0606,186203.4394,0.037,2862.7653,6688,Acceptable,TRUE
2024,3,Immigrant status,"Immigrant, landed 10 years or less",Unemployed (people),210972.4167,195972.8063,225972.0271,0.0355,3344.7368,6551,Acceptable,TRUE
2024,3,Immigrant status,"Immigrant, landed over 10 years",Unemployed (people),235076.8333,219724.2484,250429.4183,0.0327,3423.446,6982,Acceptable,TRUE
2024,3,Immigrant status,Non-immigrant (incl. non-permanent residents),Unemployed (people),958178.9167,929041.4419,987316.3914,0.0152,6497.3143,38352,Acceptable,TRUE
2024,3,Education,Bachelor's or above,Unemployment rate,4.9614,4.7025,5.2204,0.0261,0.0577,12555,Acceptable,TRUE
2024,3,Education,High school or less,Unemployment rate,9.8254,9.4287,10.2221,0.0202,0.0885,21160,Acceptable,TRUE
2024,3,Education,"Some postsecondary, certificate or diploma",Unemployment rate,5.5046,5.2658,5.7434,0.0217,0.0532,18170,Acceptable,TRUE
2024,3,Education,Bachelor's or above,Long-term share of unemployment,23.011,20.751,25.271,0.0491,0.504,2698,Acceptable,TRUE
2024,3,Education,High school or less,Long-term share of unemployment,18.8264,17.1948,20.4579,0.0433,0.3638,3653,Acceptable,TRUE
2024,3,Education,"Some postsecondary, certificate or diploma",Long-term share of unemployment,18.9401,17.0764,20.8037,0.0492,0.4156,3200,Acceptable,TRUE
2024,3,Education,Bachelor's or above,Long-term unemployment rate,1.0935,0.9687,1.2183,0.0571,0.0278,2698,Acceptable,TRUE
2024,3,Education,High school or less,Long-term unemployment rate,1.7854,1.611,1.9597,0.0488,0.0389,3653,Acceptable,TRUE
2024,3,Education,"Some postsecondary, certificate or diploma",Long-term unemployment rate,0.9937,0.8857,1.1016,0.0543,0.0241,3200,Acceptable,TRUE
2024,3,Education,Bachelor's or above,Long-term unemployed (people),88951.0833,78782.5683,99119.5984,0.0572,2267.4593,2698,Acceptable,TRUE
2024,3,Education,High school or less,Long-term unemployed (people),95027.3333,85727.1967,104327.47,0.0489,2073.8211,3653,Acceptable,TRUE
2024,3,Education,"Some postsecondary, certificate or diploma",Long-term unemployed (people),86229.5833,76837.2104,95621.9563,0.0545,2094.3888,3200,Acceptable,TRUE
2024,3,Education,Bachelor's or above,Unemployed (people),403585.1667,382203.6771,424966.6562,0.0265,4767.8208,12555,Acceptable,TRUE
2024,3,Education,High school or less,Unemployed (people),522963.75,501046.3186,544881.1814,0.021,4887.3295,21160,Acceptable,TRUE
2024,3,Education,"Some postsecondary, certificate or diploma",Unemployed (people),477679.25,456677.2949,498681.2051,0.022,4683.1891,18170,Acceptable,TRUE
2024,3,Age x immigrant status,"15 to 24 | Immigrant, landed 10 years or less",Unemployment rate,17.2956,14.8811,19.7102,0.0698,0.5384,1559,Acceptable,TRUE
2024,3,Age x immigrant status,"15 to 24 | Immigrant, landed over 10 years",Unemployment rate,15.0681,12.6589,17.4772,0.0799,0.5372,1084,Acceptable,TRUE
2024,3,Age x immigrant status,15 to 24 | Non-immigrant (incl. non-permanent residents),Unemployment rate,12.4495,11.7908,13.1082,0.0265,0.1469,12235,Acceptable,TRUE
2024,3,Age x immigrant status,"25 to 54 | Immigrant, landed 10 years or less",Unemployment rate,8.3867,7.6935,9.0799,0.0413,0.1546,4523,Acceptable,TRUE
2024,3,Age x immigrant status,"25 to 54 | Immigrant, landed over 10 years",Unemployment rate,5.5249,5.035,6.0147,0.0443,0.1092,3958,Acceptable,TRUE
2024,3,Age x immigrant status,25 to 54 | Non-immigrant (incl. non-permanent residents),Unemployment rate,4.7863,4.579,4.9936,0.0217,0.0462,18773,Acceptable,TRUE
2024,3,Age x immigrant status,"55 and over | Immigrant, landed 10 years or less",Unemployment rate,12.0289,8.8812,15.1765,0.1308,0.7019,469,Acceptable,TRUE
2024,3,Age x immigrant status,"55 and over | Immigrant, landed over 10 years",Unemployment rate,4.9334,4.3371,5.5298,0.0604,0.133,1940,Acceptable,TRUE
2024,3,Age x immigrant status,55 and over | Non-immigrant (incl. non-permanent residents),Unemployment rate,4.6903,4.3384,5.0421,0.0375,0.0785,7344,Acceptable,TRUE
2024,3,Age x immigrant status,"15 to 24 | Immigrant, landed 10 years or less",Long-term share of unemployment,15.4765,9.7096,21.2434,0.1863,1.2859,221,Marginal,TRUE
2024,3,Age x immigrant status,"15 to 24 | Immigrant, landed over 10 years",Long-term share of unemployment,15.0437,8.2751,21.8122,0.225,1.5093,137,Marginal,TRUE
2024,3,Age x immigrant status,15 to 24 | Non-immigrant (incl. non-permanent residents),Long-term share of unemployment,12.4293,10.6712,14.1873,0.0707,0.392,1461,Acceptable,TRUE
2024,3,Age x immigrant status,"25 to 54 | Immigrant, landed 10 years or less",Long-term share of unemployment,22.5462,18.7306,26.3617,0.0846,0.8508,964,Acceptable,TRUE
2024,3,Age x immigrant status,"25 to 54 | Immigrant, landed over 10 years",Long-term share of unemployment,23.5472,19.7178,27.3766,0.0813,0.8539,918,Acceptable,TRUE
2024,3,Age x immigrant status,25 to 54 | Non-immigrant (incl. non-permanent residents),Long-term share of unemployment,21.4102,19.4835,23.3369,0.045,0.4296,3604,Acceptable,TRUE
2024,3,Age x immigrant status,"55 and over | Immigrant, landed 10 years or less",Long-term share of unemployment,25.0028,12.9996,37.0061,0.24,2.6766,120,Marginal,TRUE
2024,3,Age x immigrant status,"55 and over | Immigrant, landed over 10 years",Long-term share of unemployment,27.3627,21.4741,33.2512,0.1076,1.3131,503,Acceptable,TRUE
2024,3,Age x immigrant status,55 and over | Non-immigrant (incl. non-permanent residents),Long-term share of unemployment,25.562,22.3422,28.7818,0.063,0.718,1623,Acceptable,TRUE
2024,3,Age x immigrant status,"15 to 24 | Immigrant, landed 10 years or less",Long-term unemployment rate,2.6133,1.5491,3.6774,0.2036,0.2373,221,Marginal,TRUE
2024,3,Age x immigrant status,"15 to 24 | Immigrant, landed over 10 years",Long-term unemployment rate,2.1839,1.1348,3.2329,0.2402,0.2339,137,Marginal,TRUE
2024,3,Age x immigrant status,15 to 24 | Non-immigrant (incl. non-permanent residents),Long-term unemployment rate,1.4856,1.2609,1.7102,0.0756,0.0501,1461,Acceptable,TRUE
2024,3,Age x immigrant status,"25 to 54 | Immigrant, landed 10 years or less",Long-term unemployment rate,1.8416,1.4893,2.1939,0.0957,0.0786,964,Acceptable,TRUE
2024,3,Age x immigrant status,"25 to 54 | Immigrant, landed over 10 years",Long-term unemployment rate,1.2612,1.0312,1.4911,0.0912,0.0513,918,Acceptable,TRUE
2024,3,Age x immigrant status,25 to 54 | Non-immigrant (incl. non-permanent residents),Long-term unemployment rate,0.9753,0.8768,1.0739,0.0505,0.022,3604,Acceptable,TRUE
2024,3,Age x immigrant status,"55 and over | Immigrant, landed 10 years or less",Long-term unemployment rate,2.9523,1.3809,4.5237,0.2661,0.3504,120,Marginal,TRUE
2024,3,Age x immigrant status,"55 and over | Immigrant, landed over 10 years",Long-term unemployment rate,1.3173,0.9934,1.6412,0.1229,0.0722,503,Acceptable,TRUE
2024,3,Age x immigrant status,55 and over | Non-immigrant (incl. non-permanent residents),Long-term unemployment rate,1.1263,0.9554,1.2971,0.0758,0.0381,1623,Acceptable,TRUE
2024,3,Age x immigrant status,"15 to 24 | Immigrant, landed 10 years or less",Long-term unemployed (people),7187.9167,4247.0523,10128.781,0.2046,655.7782,221,Marginal,TRUE
2024,3,Age x immigrant status,"15 to 24 | Immigrant, landed over 10 years",Long-term unemployed (people),4694.6667,2423.622,6965.7113,0.2419,506.4163,137,Marginal,TRUE
2024,3,Age x immigrant status,15 to 24 | Non-immigrant (incl. non-permanent residents),Long-term unemployed (people),38557.5833,32702.8637,44412.303,0.0759,1305.5336,1461,Acceptable,TRUE
2024,3,Age x immigrant status,"25 to 54 | Immigrant, landed 10 years or less",Long-term unemployed (people),33409.9167,26972.5564,39847.2769,0.0963,1435.4557,964,Acceptable,TRUE
2024,3,Age x immigrant status,"25 to 54 | Immigrant, landed over 10 years",Long-term unemployed (people),31406.6667,25650.3931,37162.9402,0.0916,1283.5813,918,Acceptable,TRUE
2024,3,Age x immigrant status,25 to 54 | Non-immigrant (incl. non-permanent residents),Long-term unemployed (people),99152.9167,89110.5821,109195.2512,0.0506,2239.3225,3604,Acceptable,TRUE
2024,3,Age x immigrant status,"55 and over | Immigrant, landed 10 years or less",Long-term unemployed (people),2761.25,1268.5717,4253.9283,0.2703,332.8497,120,Marginal,TRUE
2024,3,Age x immigrant status,"55 and over | Immigrant, landed over 10 years",Long-term unemployed (people),17382.3333,13082.6487,21682.0179,0.1237,958.7791,503,Acceptable,TRUE
2024,3,Age x immigrant status,55 and over | Non-immigrant (incl. non-permanent residents),Long-term unemployed (people),35654.75,30218.2005,41091.2995,0.0762,1212.2866,1623,Acceptable,TRUE
2024,3,Age x immigrant status,"15 to 24 | Immigrant, landed 10 years or less",Unemployed (people),47572.75,40481.7337,54663.7663,0.0745,1581.2133,1559,Acceptable,TRUE
2024,3,Age x immigrant status,"15 to 24 | Immigrant, landed over 10 years",Unemployed (people),32392.0833,26937.6656,37846.5011,0.0842,1216.271,1084,Acceptable,TRUE
2024,3,Age x immigrant status,15 to 24 | Non-immigrant (incl. non-permanent residents),Unemployed (people),323125.1667,305460.2049,340790.1284,0.0273,3939.0788,12235,Acceptable,TRUE
2024,3,Age x immigrant status,"25 to 54 | Immigrant, landed 10 years or less",Unemployed (people),152149.3333,139027.7753,165270.8913,0.0431,2925.9532,4523,Acceptable,TRUE
2024,3,Age x immigrant status,"25 to 54 | Immigrant, landed over 10 years",Unemployed (people),137586.25,125133.5105,150038.9895,0.0453,2776.8145,3958,Acceptable,TRUE
2024,3,Age x immigrant status,25 to 54 | Non-immigrant (incl. non-permanent residents),Unemployed (people),486573.75,465301.9354,507845.5646,0.0219,4743.3646,18773,Acceptable,TRUE
2024,3,Age x immigrant status,"55 and over | Immigrant, landed 10 years or less",Unemployed (people),11250.3333,8088.6577,14412.009,0.1405,705.0165,469,Acceptable,TRUE
2024,3,Age x immigrant status,"55 and over | Immigrant, landed over 10 years",Unemployed (people),65098.5,57050.6183,73146.3817,0.0618,1794.583,1940,Acceptable,TRUE
2024,3,Age x immigrant status,55 and over | Non-immigrant (incl. non-permanent residents),Unemployed (people),148480,137231.7026,159728.2974,0.0379,2508.2381,7344,Acceptable,TRUE
2024,3,Province x age,Alberta | 15 to 24,Unemployment rate,14.4827,12.6118,16.3536,0.0646,0.4172,1311,Acceptable,TRUE
2024,3,Province x age,Alberta | 25 to 54,Unemployment rate,5.7121,5.1269,6.2973,0.0512,0.1305,2372,Acceptable,TRUE
2024,3,Province x age,Alberta | 55 and over,Unemployment rate,6.0333,4.9551,7.1114,0.0893,0.2404,824,Acceptable,TRUE
2024,3,Province x age,British Columbia | 15 to 24,Unemployment rate,11.3657,9.8439,12.8874,0.0669,0.3393,1604,Acceptable,TRUE
2024,3,Province x age,British Columbia | 25 to 54,Unemployment rate,4.9139,4.4721,5.3557,0.045,0.0985,3195,Acceptable,TRUE
2024,3,Province x age,British Columbia | 55 and over,Unemployment rate,3.9169,3.261,4.5727,0.0837,0.1463,1054,Acceptable,TRUE
2024,3,Province x age,Manitoba | 15 to 24,Unemployment rate,10.5387,8.9221,12.1553,0.0767,0.3605,991,Acceptable,TRUE
2024,3,Province x age,Manitoba | 25 to 54,Unemployment rate,4.3783,3.8285,4.9281,0.0628,0.1226,1680,Acceptable,TRUE
2024,3,Province x age,Manitoba | 55 and over,Unemployment rate,4.6532,3.6766,5.6298,0.1049,0.2178,541,Acceptable,TRUE
2024,3,Province x age,New Brunswick | 15 to 24,Unemployment rate,11.7732,9.5655,13.9809,0.0938,0.4923,573,Acceptable,TRUE
2024,3,Province x age,New Brunswick | 25 to 54,Unemployment rate,5.999,5.2545,6.7436,0.0621,0.166,1441,Acceptable,TRUE
2024,3,Province x age,New Brunswick | 55 and over,Unemployment rate,7.1226,5.869,8.3763,0.088,0.2795,704,Acceptable,TRUE
2024,3,Province x age,Newfoundland and Labrador | 15 to 24,Unemployment rate,14.2316,11.5738,16.8894,0.0934,0.5927,725,Acceptable,TRUE
2024,3,Province x age,Newfoundland and Labrador | 25 to 54,Unemployment rate,8.3176,7.341,9.2942,0.0587,0.2178,1529,Acceptable,TRUE
2024,3,Province x age,Newfoundland and Labrador | 55 and over,Unemployment rate,11.8979,9.8612,13.9346,0.0856,0.4542,820,Acceptable,TRUE
2024,3,Province x age,Nova Scotia | 15 to 24,Unemployment rate,12.0498,9.8101,14.2894,0.0929,0.4994,628,Acceptable,TRUE
2024,3,Province x age,Nova Scotia | 25 to 54,Unemployment rate,5.6396,4.9382,6.3409,0.0622,0.1564,1331,Acceptable,TRUE
2024,3,Province x age,Nova Scotia | 55 and over,Unemployment rate,5.4546,4.3965,6.5128,0.097,0.236,556,Acceptable,TRUE
2024,3,Province x age,Ontario | 15 to 24,Unemployment rate,15.6671,14.588,16.7462,0.0344,0.2406,5818,Acceptable,TRUE
2024,3,Province x age,Ontario | 25 to 54,Unemployment rate,5.8001,5.4624,6.1377,0.0291,0.0753,9423,Acceptable,TRUE
2024,3,Province x age,Ontario | 55 and over,Unemployment rate,4.7199,4.2163,5.2236,0.0534,0.1123,2836,Acceptable,TRUE
2024,3,Province x age,Prince Edward Island | 15 to 24,Unemployment rate,10.9095,8.0891,13.73,0.1293,0.6289,319,Acceptable,TRUE
2024,3,Province x age,Prince Edward Island | 25 to 54,Unemployment rate,6.8996,5.7532,8.0459,0.0831,0.2556,777,Acceptable,TRUE
2024,3,Province x age,Prince Edward Island | 55 and over,Unemployment rate,8.5609,6.6433,10.4785,0.112,0.4276,417,Acceptable,TRUE
2024,3,Province x age,Quebec | 15 to 24,Unemployment rate,9.4864,8.2964,10.6765,0.0627,0.2654,2051,Acceptable,TRUE
2024,3,Province x age,Quebec | 25 to 54,Unemployment rate,4.6357,4.217,5.0544,0.0452,0.0934,4015,Acceptable,TRUE
2024,3,Province x age,Quebec | 55 and over,Unemployment rate,4.6832,3.9997,5.3667,0.073,0.1524,1588,Acceptable,TRUE
2024,3,Province x age,Saskatchewan | 15 to 24,Unemployment rate,11.5173,9.7348,13.2997,0.0774,0.3975,858,Acceptable,TRUE
2024,3,Province x age,Saskatchewan | 25 to 54,Unemployment rate,4.6122,4.0695,5.1548,0.0588,0.121,1491,Acceptable,TRUE
2024,3,Province x age,Saskatchewan | 55 and over,Unemployment rate,3.7216,2.881,4.5623,0.1129,0.1874,413,Acceptable,TRUE
2024,3,Province x age,Alberta | 15 to 24,Long-term share of unemployment,11.2642,6.6705,15.8578,0.2039,1.0243,144,Marginal,TRUE
2024,3,Province x age,Alberta | 25 to 54,Long-term share of unemployment,24.0798,19.3712,28.7884,0.0978,1.05,557,Acceptable,TRUE
2024,3,Province x age,Alberta | 55 and over,Long-term share of unemployment,31.9874,23.0232,40.9515,0.1401,1.9989,225,Acceptable,TRUE
2024,3,Province x age,British Columbia | 15 to 24,Long-term share of unemployment,9.7899,5.8139,13.7658,0.2031,0.8866,187,Marginal,TRUE
2024,3,Province x age,British Columbia | 25 to 54,Long-term share of unemployment,20.3336,16.3046,24.3625,0.0991,0.8984,654,Acceptable,TRUE
2024,3,Province x age,British Columbia | 55 and over,Long-term share of unemployment,26.711,19.0563,34.3657,0.1433,1.7069,274,Acceptable,TRUE
2024,3,Province x age,Manitoba | 15 to 24,Long-term share of unemployment,10.7054,5.4559,15.9549,0.2452,1.1706,108,Marginal,TRUE
2024,3,Province x age,Manitoba | 25 to 54,Long-term share of unemployment,17.8431,12.8452,22.841,0.1401,1.1145,285,Acceptable,TRUE
2024,3,Province x age,Manitoba | 55 and over,Long-term share of unemployment,31.0119,20.7637,41.2601,0.1652,2.2852,153,Marginal,TRUE
2024,3,Province x age,New Brunswick | 15 to 24,Long-term share of unemployment,7.4172,2.368,12.4664,0.3404,1.1259,41,Marginal,TRUE
2024,3,Province x age,New Brunswick | 25 to 54,Long-term share of unemployment,16.7015,11.9876,21.4154,0.1411,1.0511,240,Acceptable,TRUE
2024,3,Province x age,New Brunswick | 55 and over,Long-term share of unemployment,18.4423,10.9332,25.9515,0.2036,1.6744,124,Marginal,TRUE
2024,3,Province x age,Newfoundland and Labrador | 15 to 24,Long-term share of unemployment,7.9759,2.7465,13.2053,0.3278,1.1661,58,Marginal,TRUE
2024,3,Province x age,Newfoundland and Labrador | 25 to 54,Long-term share of unemployment,17.5516,12.7252,22.3779,0.1375,1.0762,264,Acceptable,TRUE
2024,3,Province x age,Newfoundland and Labrador | 55 and over,Long-term share of unemployment,23.7703,16.0154,31.5253,0.1631,1.7293,176,Marginal,TRUE
2024,3,Province x age,Nova Scotia | 15 to 24,Long-term share of unemployment,14.6192,7.5824,21.6559,0.2407,1.5691,85,Marginal,TRUE
2024,3,Province x age,Nova Scotia | 25 to 54,Long-term share of unemployment,20.8763,15.2945,26.4581,0.1337,1.2447,256,Acceptable,TRUE
2024,3,Province x age,Nova Scotia | 55 and over,Long-term share of unemployment,15.581,7.6734,23.4885,0.2538,1.7633,74,Marginal,TRUE
2024,3,Province x age,Ontario | 15 to 24,Long-term share of unemployment,16.1779,13.4493,18.9066,0.0843,0.6084,914,Acceptable,TRUE
2024,3,Province x age,Ontario | 25 to 54,Long-term share of unemployment,25.8752,23.1155,28.6349,0.0533,0.6154,2256,Acceptable,TRUE
2024,3,Province x age,Ontario | 55 and over,Long-term share of unemployment,28.3708,23.2634,33.4782,0.09,1.1389,764,Acceptable,TRUE
2024,3,Province x age,Prince Edward Island | 15 to 24,Long-term share of unemployment,8.5831,0.7148,16.4513,0.4584,1.7545,28,Suppressed,FALSE
2024,3,Province x age,Prince Edward Island | 25 to 54,Long-term share of unemployment,10.4554,5.1252,15.7855,0.2549,1.1886,79,Marginal,TRUE
2024,3,Province x age,Prince Edward Island | 55 and over,Long-term share of unemployment,14.2499,5.9641,22.5358,0.2907,1.8477,55,Marginal,TRUE
2024,3,Province x age,Quebec | 15 to 24,Long-term share of unemployment,8.9411,5.0384,12.8437,0.2182,0.8702,164,Marginal,TRUE
2024,3,Province x age,Quebec | 25 to 54,Long-term share of unemployment,14.749,11.3222,18.1757,0.1162,0.7641,583,Acceptable,TRUE
2024,3,Province x age,Quebec | 55 and over,Long-term share of unemployment,20.292,14.0583,26.5257,0.1536,1.39,289,Marginal,TRUE
2024,3,Province x age,Saskatchewan | 15 to 24,Long-term share of unemployment,10.7917,5.6533,15.9302,0.2381,1.1458,90,Marginal,TRUE
2024,3,Province x age,Saskatchewan | 25 to 54,Long-term share of unemployment,22.2802,17.0318,27.5286,0.1178,1.1703,312,Acceptable,TRUE
2024,3,Province x age,Saskatchewan | 55 and over,Long-term share of unemployment,28.5775,17.6309,39.524,0.1915,2.441,112,Marginal,TRUE
2024,3,Province x age,Alberta | 15 to 24,Long-term unemployment rate,1.5736,0.8929,2.2544,0.2163,0.1518,144,Marginal,TRUE
2024,3,Province x age,Alberta | 25 to 54,Long-term unemployment rate,1.3318,1.0305,1.6332,0.1131,0.0672,557,Acceptable,TRUE
2024,3,Province x age,Alberta | 55 and over,Long-term unemployment rate,1.8535,1.2089,2.498,0.1739,0.1437,225,Marginal,TRUE
2024,3,Province x age,British Columbia | 15 to 24,Long-term unemployment rate,1.0677,0.6166,1.5187,0.2112,0.1006,187,Marginal,TRUE
2024,3,Province x age,British Columbia | 25 to 54,Long-term unemployment rate,0.95,0.7403,1.1597,0.1104,0.0468,654,Acceptable,TRUE
2024,3,Province x age,British Columbia | 55 and over,Long-term unemployment rate,1.0004,0.6601,1.3407,0.1701,0.0759,274,Marginal,TRUE
2024,3,Province x age,Manitoba | 15 to 24,Long-term unemployment rate,1.0798,0.5318,1.6277,0.2537,0.1222,108,Marginal,TRUE
2024,3,Province x age,Manitoba | 25 to 54,Long-term unemployment rate,0.7299,0.5026,0.9573,0.1557,0.0507,285,Marginal,TRUE
2024,3,Province x age,Manitoba | 55 and over,Long-term unemployment rate,1.3799,0.8378,1.9221,0.1964,0.1209,153,Marginal,TRUE
2024,3,Province x age,New Brunswick | 15 to 24,Long-term unemployment rate,0.8346,0.2435,1.4258,0.3541,0.1318,41,Suppressed,FALSE
2024,3,Province x age,New Brunswick | 25 to 54,Long-term unemployment rate,0.9483,0.6614,1.2351,0.1512,0.064,240,Marginal,TRUE
2024,3,Province x age,New Brunswick | 55 and over,Long-term unemployment rate,1.2284,0.6836,1.7732,0.2217,0.1215,124,Marginal,TRUE
2024,3,Province x age,Newfoundland and Labrador | 15 to 24,Long-term unemployment rate,1.0882,0.3423,1.834,0.3427,0.1663,58,Marginal,TRUE
2024,3,Province x age,Newfoundland and Labrador | 25 to 54,Long-term unemployment rate,1.3819,0.9712,1.7927,0.1486,0.0916,264,Acceptable,TRUE
2024,3,Province x age,Newfoundland and Labrador | 55 and over,Long-term unemployment rate,2.6947,1.6856,3.7037,0.1872,0.225,176,Marginal,TRUE
2024,3,Province x age,Nova Scotia | 15 to 24,Long-term unemployment rate,1.6671,0.8054,2.5287,0.2584,0.1921,85,Marginal,TRUE
2024,3,Province x age,Nova Scotia | 25 to 54,Long-term unemployment rate,1.0941,0.7684,1.4199,0.1489,0.0726,256,Acceptable,TRUE
2024,3,Province x age,Nova Scotia | 55 and over,Long-term unemployment rate,0.7656,0.3386,1.1926,0.2788,0.0952,74,Marginal,TRUE
2024,3,Province x age,Ontario | 15 to 24,Long-term unemployment rate,2.4558,2.0011,2.9105,0.0926,0.1014,914,Acceptable,TRUE
2024,3,Province x age,Ontario | 25 to 54,Long-term unemployment rate,1.4537,1.2725,1.6349,0.0623,0.0404,2256,Acceptable,TRUE
2024,3,Province x age,Ontario | 55 and over,Long-term unemployment rate,1.281,1.0098,1.5522,0.1058,0.0605,764,Acceptable,TRUE
2024,3,Province x age,Prince Edward Island | 15 to 24,Long-term unemployment rate,0.8892,0.0409,1.7374,0.477,0.1891,28,Suppressed,FALSE
2024,3,Province x age,Prince Edward Island | 25 to 54,Long-term unemployment rate,0.6818,0.3182,1.0454,0.2666,0.0811,79,Marginal,TRUE
2024,3,Province x age,Prince Edward Island | 55 and over,Long-term unemployment rate,1.1534,0.4326,1.8743,0.3125,0.1607,55,Marginal,TRUE
2024,3,Province x age,Quebec | 15 to 24,Long-term unemployment rate,0.8067,0.4342,1.1792,0.2309,0.0831,164,Marginal,TRUE
2024,3,Province x age,Quebec | 25 to 54,Long-term unemployment rate,0.6498,0.49,0.8095,0.1229,0.0356,583,Acceptable,TRUE
2024,3,Province x age,Quebec | 55 and over,Long-term unemployment rate,0.8986,0.5916,1.2056,0.1708,0.0685,289,Marginal,TRUE
2024,3,Province x age,Saskatchewan | 15 to 24,Long-term unemployment rate,1.1642,0.5785,1.7499,0.2516,0.1306,90,Marginal,TRUE
2024,3,Province x age,Saskatchewan | 25 to 54,Long-term unemployment rate,0.9672,0.7113,1.2231,0.1323,0.0571,312,Acceptable,TRUE
2024,3,Province x age,Saskatchewan | 55 and over,Long-term unemployment rate,1.0167,0.5735,1.4599,0.218,0.0988,112,Marginal,TRUE
2024,3,Province x age,Alberta | 15 to 24,Long-term unemployed (people),5939.5833,3356.2815,8522.8851,0.2175,576.0459,144,Marginal,TRUE
2024,3,Province x age,Alberta | 25 to 54,Long-term unemployed (people),24294,18785.5321,29802.4679,0.1134,1228.3236,557,Acceptable,TRUE
2024,3,Province x age,Alberta | 55 and over,Long-term unemployed (people),9394.0833,6117.9221,12670.2446,0.1744,730.5454,225,Marginal,TRUE
2024,3,Province x age,British Columbia | 15 to 24,Long-term unemployed (people),4393.8333,2536.1389,6251.5278,0.2114,414.244,187,Marginal,TRUE
2024,3,Province x age,British Columbia | 25 to 54,Long-term unemployed (people),19334.5833,15069.6611,23599.5055,0.1103,951.0275,654,Acceptable,TRUE
2024,3,Province x age,British Columbia | 55 and over,Long-term unemployed (people),6393.0833,4210.062,8576.1047,0.1707,486.7881,274,Marginal,TRUE
2024,3,Province x age,Manitoba | 15 to 24,Long-term unemployed (people),1370.4167,676.6905,2064.1428,0.2531,154.6928,108,Marginal,TRUE
2024,3,Province x age,Manitoba | 25 to 54,Long-term unemployed (people),3644.4167,2507.4797,4781.3537,0.156,253.5236,285,Marginal,TRUE
2024,3,Province x age,Manitoba | 55 and over,Long-term unemployed (people),1931.5,1169.1006,2693.8994,0.1974,170.0061,153,Marginal,TRUE
2024,3,Province x age,New Brunswick | 15 to 24,Long-term unemployed (people),485.6667,141.7244,829.6089,0.3541,76.6951,41,Suppressed,FALSE
2024,3,Province x age,New Brunswick | 25 to 54,Long-term unemployed (people),2578.75,1798.3862,3359.1138,0.1513,174.012,240,Marginal,TRUE
2024,3,Province x age,New Brunswick | 55 and over,Long-term unemployed (people),1229.75,684.8407,1774.6593,0.2216,121.5084,124,Marginal,TRUE
2024,3,Province x age,Newfoundland and Labrador | 15 to 24,Long-term unemployed (people),382.75,119.9229,645.5771,0.3433,58.6074,58,Marginal,TRUE
2024,3,Province x age,Newfoundland and Labrador | 25 to 54,Long-term unemployed (people),2357.8333,1655.9238,3059.7429,0.1488,156.5176,264,Acceptable,TRUE
2024,3,Province x age,Newfoundland and Labrador | 55 and over,Long-term unemployed (people),1785.25,1111.3608,2459.1392,0.1887,150.2694,176,Marginal,TRUE
2024,3,Province x age,Nova Scotia | 15 to 24,Long-term unemployed (people),1286.0833,619.7561,1952.4106,0.2591,148.5831,85,Marginal,TRUE
2024,3,Province x age,Nova Scotia | 25 to 54,Long-term unemployed (people),3877.25,2724.1846,5030.3154,0.1487,257.12,256,Acceptable,TRUE
2024,3,Province x age,Nova Scotia | 55 and over,Long-term unemployed (people),964.5,426.1783,1502.8217,0.2791,120.0394,74,Marginal,TRUE
2024,3,Province x age,Ontario | 15 to 24,Long-term unemployed (people),29949.5,24357.222,35541.778,0.0934,1247.0122,914,Acceptable,TRUE
2024,3,Province x age,Ontario | 25 to 54,Long-term unemployed (people),83232.5833,72856.1457,93609.021,0.0623,2313.8236,2256,Acceptable,TRUE
2024,3,Province x age,Ontario | 55 and over,Long-term unemployed (people),23182.5,18282.902,28082.098,0.1057,1092.5528,764,Acceptable,TRUE
2024,3,Province x age,Prince Edward Island | 15 to 24,Long-term unemployed (people),144.1667,6.3949,281.9384,0.4778,30.7215,28,Suppressed,FALSE
2024,3,Province x age,Prince Edward Island | 25 to 54,Long-term unemployed (people),414.4167,193.4495,635.3839,0.2666,49.2731,79,Marginal,TRUE
2024,3,Province x age,Prince Edward Island | 55 and over,Long-term unemployed (people),270.3333,101.1533,439.5134,0.3129,37.7252,55,Marginal,TRUE
2024,3,Province x age,Quebec | 15 to 24,Long-term unemployed (people),5413.75,2910.7335,7916.7665,0.2312,558.1432,164,Marginal,TRUE
2024,3,Province x age,Quebec | 25 to 54,Long-term unemployed (people),20251.9167,15270.8348,25232.9985,0.123,1110.7227,583,Acceptable,TRUE
2024,3,Province x age,Quebec | 55 and over,Long-term unemployed (people),9298.8333,6110.0516,12487.615,0.1715,711.0608,289,Marginal,TRUE
2024,3,Province x age,Saskatchewan | 15 to 24,Long-term unemployed (people),1074.4167,533.1573,1615.676,0.2519,120.6945,90,Marginal,TRUE
2024,3,Province x age,Saskatchewan | 25 to 54,Long-term unemployed (people),3983.75,2931.426,5036.074,0.1321,234.6559,312,Acceptable,TRUE
2024,3,Province x age,Saskatchewan | 55 and over,Long-term unemployed (people),1348.5,758.7521,1938.2479,0.2187,131.5068,112,Marginal,TRUE
2024,3,Province x age,Alberta | 15 to 24,Unemployed (people),54663.9167,47269.7274,62058.1059,0.0676,1648.8173,1311,Acceptable,TRUE
2024,3,Province x age,Alberta | 25 to 54,Unemployed (people),104193.25,93447.112,114939.388,0.0516,2396.2624,2372,Acceptable,TRUE
2024,3,Province x age,Alberta | 55 and over,Unemployed (people),30578.5833,25050.289,36106.8776,0.0904,1232.7446,824,Acceptable,TRUE
2024,3,Province x age,British Columbia | 15 to 24,Unemployed (people),46772.5833,40435.082,53110.0846,0.0677,1413.1883,1604,Acceptable,TRUE
2024,3,Province x age,British Columbia | 25 to 54,Unemployed (people),100011.5833,91061.8616,108961.3051,0.0447,1995.6827,3195,Acceptable,TRUE
2024,3,Province x age,British Columbia | 55 and over,Unemployed (people),25031.0833,20805.1707,29256.996,0.0844,942.3288,1054,Acceptable,TRUE
2024,3,Province x age,Manitoba | 15 to 24,Unemployed (people),13375.4167,11263.0367,15487.7966,0.079,471.0359,991,Acceptable,TRUE
2024,3,Province x age,Manitoba | 25 to 54,Unemployed (people),21860.5833,19107.4295,24613.7372,0.063,613.9209,1680,Acceptable,TRUE
2024,3,Province x age,Manitoba | 55 and over,Unemployed (people),6513.0833,5131.2463,7894.9203,0.1061,308.1334,541,Acceptable,TRUE
2024,3,Province x age,New Brunswick | 15 to 24,Unemployed (people),6850.75,5521.7496,8179.7504,0.097,296.3515,573,Acceptable,TRUE
2024,3,Province x age,New Brunswick | 25 to 54,Unemployed (people),16314.1667,14272.2687,18356.0646,0.0626,455.3192,1441,Acceptable,TRUE
2024,3,Province x age,New Brunswick | 55 and over,Unemployed (people),7130.3333,5851.1031,8409.5636,0.0897,285.2533,704,Acceptable,TRUE
2024,3,Province x age,Newfoundland and Labrador | 15 to 24,Unemployed (people),5005.8333,4052.0059,5959.6608,0.0953,212.6923,725,Acceptable,TRUE
2024,3,Province x age,Newfoundland and Labrador | 25 to 54,Unemployed (people),14191.3333,12517.684,15864.9827,0.059,373.2041,1529,Acceptable,TRUE
2024,3,Province x age,Newfoundland and Labrador | 55 and over,Unemployed (people),7882.5,6478.3138,9286.6862,0.0891,313.117,820,Acceptable,TRUE
2024,3,Province x age,Nova Scotia | 15 to 24,Unemployed (people),9296,7526.0464,11065.9536,0.0952,394.6788,628,Acceptable,TRUE
2024,3,Province x age,Nova Scotia | 25 to 54,Unemployed (people),19984.6667,17494.8182,22474.5151,0.0623,555.2069,1331,Acceptable,TRUE
2024,3,Province x age,Nova Scotia | 55 and over,Unemployed (people),6871.8333,5528.6039,8215.0628,0.0977,299.5244,556,Acceptable,TRUE
2024,3,Province x age,Ontario | 15 to 24,Unemployed (people),191064.3333,177447.2119,204681.4547,0.0356,3036.458,5818,Acceptable,TRUE
2024,3,Province x age,Ontario | 25 to 54,Unemployed (people),332081.25,312676.2194,351486.2806,0.0292,4327.0937,9423,Acceptable,TRUE
2024,3,Province x age,Ontario | 55 and over,Unemployed (people),85415.6667,76309.5325,94521.8009,0.0533,2030.5609,2836,Acceptable,TRUE
2024,3,Province x age,Prince Edward Island | 15 to 24,Unemployed (people),1768.8333,1303.2434,2234.4233,0.1316,103.8211,319,Acceptable,TRUE
2024,3,Province x age,Prince Edward Island | 25 to 54,Unemployed (people),4193.5833,3495.4519,4891.7148,0.0832,155.6751,777,Acceptable,TRUE
2024,3,Province x age,Prince Edward Island | 55 and over,Unemployed (people),2006.4167,1546.8745,2465.9588,0.1145,102.4725,417,Acceptable,TRUE
2024,3,Province x age,Quebec | 15 to 24,Unemployed (people),63663.5,55573.4402,71753.5598,0.0635,1803.9882,2051,Acceptable,TRUE
2024,3,Province x age,Quebec | 25 to 54,Unemployed (people),144482,131385.2729,157578.7271,0.0453,2920.4162,4015,Acceptable,TRUE
2024,3,Province x age,Quebec | 55 and over,Unemployed (people),48463.0833,41331.3515,55594.8152,0.0736,1590.2924,1588,Acceptable,TRUE
2024,3,Province x age,Saskatchewan | 15 to 24,Unemployed (people),10628.8333,8941.7311,12315.9356,0.0794,376.204,858,Acceptable,TRUE
2024,3,Province x age,Saskatchewan | 25 to 54,Unemployed (people),18996.9167,16763.4701,21230.3632,0.0588,498.0323,1491,Acceptable,TRUE
2024,3,Province x age,Saskatchewan | 55 and over,Unemployed (people),4936.25,3812.5117,6059.9883,0.1138,250.5804,413,Acceptable,TRUE
2025,4,Canada,Canada,Unemployment rate,6.8192,6.65,6.9884,0.0124,0.0377,56075,Acceptable,TRUE
2025,4,Canada,Canada,Long-term share of unemployment,23.5786,22.4031,24.7542,0.0249,0.2621,11866,Acceptable,TRUE
2025,4,Canada,Canada,Long-term unemployment rate,1.5481,1.4614,1.6347,0.028,0.0193,11866,Acceptable,TRUE
2025,4,Canada,Canada,Long-term unemployed (people),349363.0833,329761.0266,368965.1401,0.0281,4371.0282,11866,Acceptable,TRUE
2025,4,Canada,Canada,Unemployed (people),1538918.6667,1500332.9295,1577504.4038,0.0125,8604.1658,56075,Acceptable,TRUE
2025,4,Province,Alberta,Unemployment rate,7.1988,6.6266,7.771,0.0397,0.1276,4394,Acceptable,TRUE
2025,4,Province,British Columbia,Unemployment rate,6.1945,5.7815,6.6075,0.0333,0.0921,6541,Acceptable,TRUE
2025,4,Province,Manitoba,Unemployment rate,5.85,5.3702,6.3298,0.041,0.107,3363,Acceptable,TRUE
2025,4,Province,New Brunswick,Unemployment rate,7.1372,6.5719,7.7024,0.0396,0.126,3251,Acceptable,TRUE
2025,4,Province,Newfoundland and Labrador,Unemployment rate,10.1256,9.3161,10.9352,0.04,0.1805,3574,Acceptable,TRUE
2025,4,Province,Nova Scotia,Unemployment rate,6.577,6.0016,7.1523,0.0437,0.1283,2715,Acceptable,TRUE
2025,4,Province,Ontario,Unemployment rate,7.6762,7.3722,7.9802,0.0198,0.0678,19519,Acceptable,TRUE
2025,4,Province,Prince Edward Island,Unemployment rate,7.9596,7.0399,8.8793,0.0578,0.2051,1580,Acceptable,TRUE
2025,4,Province,Quebec,Unemployment rate,5.6135,5.2659,5.9611,0.031,0.0775,8397,Acceptable,TRUE
2025,4,Province,Saskatchewan,Unemployment rate,5.1864,4.7368,5.6361,0.0433,0.1003,2741,Acceptable,TRUE
2025,4,Province,Alberta,Long-term share of unemployment,22.7345,19.364,26.105,0.0741,0.7516,968,Acceptable,TRUE
2025,4,Province,British Columbia,Long-term share of unemployment,19.6183,16.9303,22.3063,0.0685,0.5994,1279,Acceptable,TRUE
2025,4,Province,Manitoba,Long-term share of unemployment,20.819,17.2513,24.3867,0.0857,0.7956,678,Acceptable,TRUE
2025,4,Province,New Brunswick,Long-term share of unemployment,17.8589,14.5418,21.1759,0.0929,0.7397,543,Acceptable,TRUE
2025,4,Province,Newfoundland and Labrador,Long-term share of unemployment,19.5865,16.1463,23.0267,0.0878,0.7671,654,Acceptable,TRUE
2025,4,Province,Nova Scotia,Long-term share of unemployment,19.5491,15.9035,23.1946,0.0932,0.8129,500,Acceptable,TRUE
2025,4,Province,Ontario,Long-term share of unemployment,27.971,26.0007,29.9414,0.0352,0.4394,5118,Acceptable,TRUE
2025,4,Province,Prince Edward Island,Long-term share of unemployment,17.5398,12.6204,22.4593,0.1402,1.097,253,Acceptable,TRUE
2025,4,Province,Quebec,Long-term share of unemployment,18.7812,16.144,21.4185,0.0702,0.5881,1374,Acceptable,TRUE
2025,4,Province,Saskatchewan,Long-term share of unemployment,18.6114,15.0667,22.156,0.0952,0.7904,499,Acceptable,TRUE
2025,4,Province,Alberta,Long-term unemployment rate,1.5801,1.3173,1.8428,0.0831,0.0586,968,Acceptable,TRUE
2025,4,Province,British Columbia,Long-term unemployment rate,1.1675,0.9893,1.3457,0.0763,0.0397,1279,Acceptable,TRUE
2025,4,Province,Manitoba,Long-term unemployment rate,1.1526,0.9301,1.3752,0.0965,0.0496,678,Acceptable,TRUE
2025,4,Province,New Brunswick,Long-term unemployment rate,1.1947,0.9531,1.4363,0.1011,0.0539,543,Acceptable,TRUE
2025,4,Province,Newfoundland and Labrador,Long-term unemployment rate,1.8711,1.5092,2.233,0.0967,0.0807,654,Acceptable,TRUE
2025,4,Province,Nova Scotia,Long-term unemployment rate,1.2017,0.9508,1.4525,0.1044,0.0559,500,Acceptable,TRUE
2025,4,Province,Ontario,Long-term unemployment rate,2.0806,1.9118,2.2493,0.0406,0.0376,5118,Acceptable,TRUE
2025,4,Province,Prince Edward Island,Long-term unemployment rate,1.3166,0.9132,1.72,0.1532,0.09,253,Marginal,TRUE
2025,4,Province,Quebec,Long-term unemployment rate,1.0126,0.8544,1.1707,0.0781,0.0353,1374,Acceptable,TRUE
2025,4,Province,Saskatchewan,Long-term unemployment rate,0.9174,0.7265,1.1082,0.104,0.0426,499,Acceptable,TRUE
2025,4,Province,Alberta,Long-term unemployed (people),44099.9167,36764.3029,51435.5305,0.0832,1635.7556,968,Acceptable,TRUE
2025,4,Province,British Columbia,Long-term unemployed (people),36669,31072.8335,42265.1665,0.0763,1247.8793,1279,Acceptable,TRUE
2025,4,Province,Manitoba,Long-term unemployed (people),9013,7271.9368,10754.0632,0.0966,388.2366,678,Acceptable,TRUE
2025,4,Province,New Brunswick,Long-term unemployed (people),5212.5,4153.7618,6271.2382,0.1016,236.0862,543,Acceptable,TRUE
2025,4,Province,Newfoundland and Labrador,Long-term unemployed (people),5095.75,4110.4262,6081.0738,0.0967,219.7156,654,Acceptable,TRUE
2025,4,Province,Nova Scotia,Long-term unemployed (people),6733.4167,5326.0497,8140.7836,0.1045,313.8263,500,Acceptable,TRUE
2025,4,Province,Ontario,Long-term unemployed (people),185398.5833,170315.4264,200481.7403,0.0407,3363.3667,5118,Acceptable,TRUE
2025,4,Province,Prince Edward Island,Long-term unemployed (people),1338.0833,928.084,1748.0827,0.1532,91.425,253,Marginal,TRUE
2025,4,Province,Quebec,Long-term unemployed (people),49829.25,42030.352,57628.148,0.0783,1739.0626,1374,Acceptable,TRUE
2025,4,Province,Saskatchewan,Long-term unemployed (people),5973.5833,4729.6295,7217.5372,0.1041,277.3871,499,Acceptable,TRUE
2025,4,Province,Alberta,Unemployed (people),200921,184860.5496,216981.4504,0.04,3581.2916,4394,Acceptable,TRUE
2025,4,Province,British Columbia,Unemployed (people),194557.0833,181582.1131,207532.0536,0.0333,2893.2658,6541,Acceptable,TRUE
2025,4,Province,Manitoba,Unemployed (people),45743.4167,41974.6188,49512.2145,0.0412,840.3976,3363,Acceptable,TRUE
2025,4,Province,New Brunswick,Unemployed (people),31139.6667,28642.1152,33637.2182,0.0401,556.9246,3251,Acceptable,TRUE
2025,4,Province,Newfoundland and Labrador,Unemployed (people),27575.8333,25340.2227,29811.4439,0.0405,498.5149,3574,Acceptable,TRUE
2025,4,Province,Nova Scotia,Unemployed (people),36852.6667,33618.8218,40086.5116,0.0439,721.1094,2715,Acceptable,TRUE
2025,4,Province,Ontario,Unemployed (people),684022,656436.3045,711607.6955,0.0202,6151.2858,19519,Acceptable,TRUE
2025,4,Province,Prince Edward Island,Unemployed (people),8089.6667,7146.6009,9032.7324,0.0583,210.2926,1580,Acceptable,TRUE
2025,4,Province,Quebec,Unemployed (people),276244.9167,259036.3514,293453.482,0.0311,3837.3078,8397,Acceptable,TRUE
2025,4,Province,Saskatchewan,Unemployed (people),33772.4167,30820.0566,36724.7767,0.0437,658.3416,2741,Acceptable,TRUE
2025,4,Age,15 to 24,Unemployment rate,13.8383,13.2108,14.4658,0.0227,0.1399,15896,Acceptable,TRUE
2025,4,Age,25 to 54,Unemployment rate,5.8051,5.605,6.0052,0.0172,0.0446,29552,Acceptable,TRUE
2025,4,Age,55 and over,Unemployment rate,5.2658,4.9518,5.5797,0.0298,0.07,10627,Acceptable,TRUE
2025,4,Age,15 to 24,Long-term share of unemployment,16.4407,14.5931,18.2884,0.0562,0.412,2401,Acceptable,TRUE
2025,4,Age,25 to 54,Long-term share of unemployment,25.5274,23.8631,27.1917,0.0326,0.3711,6787,Acceptable,TRUE
2025,4,Age,55 and over,Long-term share of unemployment,29.6443,26.8619,32.4267,0.0469,0.6204,2678,Acceptable,TRUE
2025,4,Age,15 to 24,Long-term unemployment rate,2.1991,1.9355,2.4628,0.0599,0.0588,2401,Acceptable,TRUE
2025,4,Age,25 to 54,Long-term unemployment rate,1.4274,1.3191,1.5358,0.0379,0.0242,6787,Acceptable,TRUE
2025,4,Age,55 and over,Long-term unemployment rate,1.4898,1.3193,1.6603,0.0572,0.038,2678,Acceptable,TRUE
2025,4,Age,15 to 24,Long-term unemployed (people),69425.3333,61011.5569,77839.1098,0.0606,1876.1732,2401,Acceptable,TRUE
2025,4,Age,25 to 54,Long-term unemployed (people),211557.6667,195522.2544,227593.0789,0.0379,3575.7084,6787,Acceptable,TRUE
2025,4,Age,55 and over,Long-term unemployed (people),68380.0833,60544.2473,76215.9194,0.0573,1747.2993,2678,Acceptable,TRUE
2025,4,Age,15 to 24,Unemployed (people),436868.5,416473.1097,457263.8903,0.0233,4547.9323,15896,Acceptable,TRUE
2025,4,Age,25 to 54,Unemployed (people),860356.5,830597.7115,890115.2885,0.0173,6635.86,29552,Acceptable,TRUE
2025,4,Age,55 and over,Unemployed (people),241693.6667,227151.5232,256235.8102,0.0301,3242.727,10627,Acceptable,TRUE
2025,4,Gender,Men+,Unemployment rate,7.1146,6.8748,7.3545,0.0169,0.0535,31029,Acceptable,TRUE
2025,4,Gender,Women+,Unemployment rate,6.4863,6.236,6.7366,0.0193,0.0558,25046,Acceptable,TRUE
2025,4,Gender,Men+,Long-term share of unemployment,24.0867,22.521,25.6523,0.0325,0.3491,6704,Acceptable,TRUE
2025,4,Gender,Women+,Long-term share of unemployment,22.9438,21.264,24.6235,0.0366,0.3746,5162,Acceptable,TRUE
2025,4,Gender,Men+,Long-term unemployment rate,1.6582,1.5364,1.78,0.0367,0.0272,6704,Acceptable,TRUE
2025,4,Gender,Women+,Long-term unemployment rate,1.424,1.305,1.5429,0.0418,0.0265,5162,Acceptable,TRUE
2025,4,Gender,Men+,Long-term unemployed (people),198249,183654.5917,212843.4083,0.0368,3254.3815,6704,Acceptable,TRUE
2025,4,Gender,Women+,Long-term unemployed (people),151114.0833,138474.4667,163753.7,0.0418,2818.4859,5162,Acceptable,TRUE
2025,4,Gender,Men+,Unemployed (people),850586.25,821680.2104,879492.2896,0.017,6445.707,31029,Acceptable,TRUE
2025,4,Gender,Women+,Unemployed (people),688332.4167,661502.9571,715161.8762,0.0195,5982.6541,25046,Acceptable,TRUE
2025,4,Immigrant status,"Immigrant, landed 10 years or less",Unemployment rate,9.4723,8.8202,10.1244,0.0344,0.1454,6592,Acceptable,TRUE
2025,4,Immigrant status,"Immigrant, landed over 10 years",Unemployment rate,6.2438,5.8464,6.6412,0.0318,0.0886,7316,Acceptable,TRUE
2025,4,Immigrant status,Non-immigrant (incl. non-permanent residents),Unemployment rate,6.5929,6.3983,6.7875,0.0148,0.0434,42167,Acceptable,TRUE
2025,4,Immigrant status,"Immigrant, landed 10 years or less",Long-term share of unemployment,25.5156,22.2645,28.7667,0.0637,0.725,1646,Acceptable,TRUE
2025,4,Immigrant status,"Immigrant, landed over 10 years",Long-term share of unemployment,27.7524,24.7538,30.7511,0.054,0.6687,1958,Acceptable,TRUE
2025,4,Immigrant status,Non-immigrant (incl. non-permanent residents),Long-term share of unemployment,22.1411,20.8096,23.4726,0.0301,0.2969,8262,Acceptable,TRUE
2025,4,Immigrant status,"Immigrant, landed 10 years or less",Long-term unemployment rate,2.373,2.0313,2.7146,0.072,0.0762,1646,Acceptable,TRUE
2025,4,Immigrant status,"Immigrant, landed over 10 years",Long-term unemployment rate,1.692,1.4821,1.902,0.062,0.0468,1958,Acceptable,TRUE
2025,4,Immigrant status,Non-immigrant (incl. non-permanent residents),Long-term unemployment rate,1.395,1.2998,1.4902,0.0341,0.0212,8262,Acceptable,TRUE
2025,4,Immigrant status,"Immigrant, landed 10 years or less",Long-term unemployed (people),53992.8333,46115.8225,61869.8441,0.0729,1756.4808,1646,Acceptable,TRUE
2025,4,Immigrant status,"Immigrant, landed over 10 years",Long-term unemployed (people),70028.4167,61313.9391,78742.8943,0.0622,1943.2261,1958,Acceptable,TRUE
2025,4,Immigrant status,Non-immigrant (incl. non-permanent residents),Long-term unemployed (people),225341.8333,209918.1549,240765.5117,0.0342,3439.299,8262,Acceptable,TRUE
2025,4,Immigrant status,"Immigrant, landed 10 years or less",Unemployed (people),215525.9167,199765.7313,231286.102,0.0366,3514.3361,6592,Acceptable,TRUE
2025,4,Immigrant status,"Immigrant, landed over 10 years",Unemployed (people),258411.6667,241506.49,275316.8433,0.0327,3769.6557,7316,Acceptable,TRUE
2025,4,Immigrant status,Non-immigrant (incl. non-permanent residents),Unemployed (people),1064981.0833,1033051.115,1096911.0517,0.015,7120.0076,42167,Acceptable,TRUE
2025,4,Education,Bachelor's or above,Unemployment rate,5.2548,4.9923,5.5173,0.025,0.0585,13240,Acceptable,TRUE
2025,4,Education,High school or less,Unemployment rate,10.3846,9.9925,10.7766,0.0189,0.0874,22965,Acceptable,TRUE
2025,4,Education,"Some postsecondary, certificate or diploma",Unemployment rate,6.0669,5.8055,6.3284,0.0215,0.0583,19870,Acceptable,TRUE
2025,4,Education,Bachelor's or above,Long-term share of unemployment,27.5471,25.0941,30.0002,0.0445,0.547,3331,Acceptable,TRUE
2025,4,Education,High school or less,Long-term share of unemployment,21.5908,19.8631,23.3185,0.04,0.3853,4575,Acceptable,TRUE
2025,4,Education,"Some postsecondary, certificate or diploma",Long-term share of unemployment,22.4178,20.5251,24.3105,0.0422,0.422,3960,Acceptable,TRUE
2025,4,Education,Bachelor's or above,Long-term unemployment rate,1.3954,1.2513,1.5396,0.0517,0.0322,3331,Acceptable,TRUE
2025,4,Education,High school or less,Long-term unemployment rate,2.1648,1.9702,2.3594,0.0449,0.0434,4575,Acceptable,TRUE
2025,4,Education,"Some postsecondary, certificate or diploma",Long-term unemployment rate,1.3042,1.1775,1.4308,0.0486,0.0283,3960,Acceptable,TRUE
2025,4,Education,Bachelor's or above,Long-term unemployed (people),116899.1667,104774.2516,129024.0817,0.0519,2703.7135,3331,Acceptable,TRUE
2025,4,Education,High school or less,Long-term unemployed (people),119226.8333,108403.813,130049.8537,0.0454,2413.4063,4575,Acceptable,TRUE
2025,4,Education,"Some postsecondary, certificate or diploma",Long-term unemployed (people),113237.0833,102221.0456,124253.121,0.0486,2456.4469,3960,Acceptable,TRUE
2025,4,Education,Bachelor's or above,Unemployed (people),440208.3333,417811.8478,462604.8188,0.0254,4994.153,13240,Acceptable,TRUE
2025,4,Education,High school or less,Unemployed (people),571930.25,549596.5529,594263.9471,0.0195,4980.1519,22965,Acceptable,TRUE
2025,4,Education,"Some postsecondary, certificate or diploma",Unemployed (people),526780.0833,503569.6288,549990.5379,0.022,5175.6585,19870,Acceptable,TRUE
2025,4,Age x immigrant status,"15 to 24 | Immigrant, landed 10 years or less",Unemployment rate,19.0199,16.3955,21.6444,0.069,0.5852,1485,Acceptable,TRUE
2025,4,Age x immigrant status,"15 to 24 | Immigrant, landed over 10 years",Unemployment rate,16.6723,14.019,19.3256,0.0796,0.5917,1098,Acceptable,TRUE
2025,4,Age x immigrant status,15 to 24 | Non-immigrant (incl. non-permanent residents),Unemployment rate,13.138,12.4893,13.7867,0.0247,0.1447,13313,Acceptable,TRUE
2025,4,Age x immigrant status,"25 to 54 | Immigrant, landed 10 years or less",Unemployment rate,8.184,7.5064,8.8615,0.0414,0.1511,4640,Acceptable,TRUE
2025,4,Age x immigrant status,"25 to 54 | Immigrant, landed over 10 years",Unemployment rate,5.8808,5.3807,6.3808,0.0425,0.1115,4170,Acceptable,TRUE
2025,4,Age x immigrant status,25 to 54 | Non-immigrant (incl. non-permanent residents),Unemployment rate,5.3414,5.1094,5.5735,0.0217,0.0517,20742,Acceptable,TRUE
2025,4,Age x immigrant status,"55 and over | Immigrant, landed 10 years or less",Unemployment rate,11.1467,8.0762,14.2172,0.1377,0.6847,467,Acceptable,TRUE
2025,4,Age x immigrant status,"55 and over | Immigrant, landed over 10 years",Unemployment rate,5.2242,4.6033,5.8452,0.0594,0.1385,2048,Acceptable,TRUE
2025,4,Age x immigrant status,55 and over | Non-immigrant (incl. non-permanent residents),Unemployment rate,5.0931,4.743,5.4432,0.0344,0.0781,8112,Acceptable,TRUE
2025,4,Age x immigrant status,"15 to 24 | Immigrant, landed 10 years or less",Long-term share of unemployment,16.5008,10.5873,22.4142,0.1792,1.3186,224,Marginal,TRUE
2025,4,Age x immigrant status,"15 to 24 | Immigrant, landed over 10 years",Long-term share of unemployment,13.7342,7.6677,19.8007,0.2209,1.3528,165,Marginal,TRUE
2025,4,Age x immigrant status,15 to 24 | Non-immigrant (incl. non-permanent residents),Long-term share of unemployment,16.7197,14.6522,18.7872,0.0618,0.461,2012,Acceptable,TRUE
2025,4,Age x immigrant status,"25 to 54 | Immigrant, landed 10 years or less",Long-term share of unemployment,27.4684,23.4808,31.456,0.0726,0.8892,1261,Acceptable,TRUE
2025,4,Age x immigrant status,"25 to 54 | Immigrant, landed over 10 years",Long-term share of unemployment,29.0097,25.0122,33.0071,0.0689,0.8914,1172,Acceptable,TRUE
2025,4,Age x immigrant status,25 to 54 | Non-immigrant (incl. non-permanent residents),Long-term share of unemployment,23.9809,22.0055,25.9563,0.0412,0.4405,4354,Acceptable,TRUE
2025,4,Age x immigrant status,"55 and over | Immigrant, landed 10 years or less",Long-term share of unemployment,34.6455,21.2693,48.0217,0.193,2.9827,161,Marginal,TRUE
2025,4,Age x immigrant status,"55 and over | Immigrant, landed over 10 years",Long-term share of unemployment,32.416,26.4671,38.3649,0.0918,1.3265,621,Acceptable,TRUE
2025,4,Age x immigrant status,55 and over | Non-immigrant (incl. non-permanent residents),Long-term share of unemployment,27.9981,24.8051,31.1911,0.057,0.712,1896,Acceptable,TRUE
2025,4,Age x immigrant status,"15 to 24 | Immigrant, landed 10 years or less",Long-term unemployment rate,3.0617,1.861,4.2624,0.1961,0.2677,224,Marginal,TRUE
2025,4,Age x immigrant status,"15 to 24 | Immigrant, landed over 10 years",Long-term unemployment rate,2.2417,1.2073,3.276,0.2307,0.2306,165,Marginal,TRUE
2025,4,Age x immigrant status,15 to 24 | Non-immigrant (incl. non-permanent residents),Long-term unemployment rate,2.1179,1.8357,2.4,0.0666,0.0629,2012,Acceptable,TRUE
2025,4,Age x immigrant status,"25 to 54 | Immigrant, landed 10 years or less",Long-term unemployment rate,2.2093,1.8422,2.5765,0.0831,0.0819,1261,Acceptable,TRUE
2025,4,Age x immigrant status,"25 to 54 | Immigrant, landed over 10 years",Long-term unemployment rate,1.6648,1.3921,1.9375,0.0819,0.0608,1172,Acceptable,TRUE
2025,4,Age x immigrant status,25 to 54 | Non-immigrant (incl. non-permanent residents),Long-term unemployment rate,1.2223,1.1044,1.3401,0.0482,0.0263,4354,Acceptable,TRUE
2025,4,Age x immigrant status,"55 and over | Immigrant, landed 10 years or less",Long-term unemployment rate,3.8372,2.0887,5.5857,0.2278,0.3899,161,Marginal,TRUE
2025,4,Age x immigrant status,"55 and over | Immigrant, landed over 10 years",Long-term unemployment rate,1.6537,1.2894,2.0179,0.1101,0.0812,621,Acceptable,TRUE
2025,4,Age x immigrant status,55 and over | Non-immigrant (incl. non-permanent residents),Long-term unemployment rate,1.343,1.1585,1.5275,0.0687,0.0411,1896,Acceptable,TRUE
2025,4,Age x immigrant status,"15 to 24 | Immigrant, landed 10 years or less",Long-term unemployed (people),7432.1667,4492.9323,10371.401,0.1977,655.4147,224,Marginal,TRUE
2025,4,Age x immigrant status,"15 to 24 | Immigrant, landed over 10 years",Long-term unemployed (people),4966.1667,2668.3032,7264.0301,0.2314,512.3965,165,Marginal,TRUE
2025,4,Age x immigrant status,15 to 24 | Non-immigrant (incl. non-permanent residents),Long-term unemployed (people),57027,49328.8463,64725.1537,0.0675,1716.5978,2012,Acceptable,TRUE
2025,4,Age x immigrant status,"25 to 54 | Immigrant, landed 10 years or less",Long-term unemployed (people),42661.8333,35490.8897,49832.777,0.084,1599.0361,1261,Acceptable,TRUE
2025,4,Age x immigrant status,"25 to 54 | Immigrant, landed over 10 years",Long-term unemployed (people),42688.8333,35678.9143,49698.7524,0.0821,1563.1295,1172,Acceptable,TRUE
2025,4,Age x immigrant status,25 to 54 | Non-immigrant (incl. non-permanent residents),Long-term unemployed (people),126207,114001.5296,138412.4704,0.0484,2721.6764,4354,Acceptable,TRUE
2025,4,Age x immigrant status,"55 and over | Immigrant, landed 10 years or less",Long-term unemployed (people),3898.8333,2099.2201,5698.4466,0.2308,401.2926,161,Marginal,TRUE
2025,4,Age x immigrant status,"55 and over | Immigrant, landed over 10 years",Long-term unemployed (people),22373.4167,17412.8777,27333.9557,0.1109,1106.1419,621,Acceptable,TRUE
2025,4,Age x immigrant status,55 and over | Non-immigrant (incl. non-permanent residents),Long-term unemployed (people),42107.8333,36302.6256,47913.0411,0.0689,1294.4931,1896,Acceptable,TRUE
2025,4,Age x immigrant status,"15 to 24 | Immigrant, landed 10 years or less",Unemployed (people),46170.4167,39142.1098,53198.7236,0.0761,1567.2298,1485,Acceptable,TRUE
2025,4,Age x immigrant status,"15 to 24 | Immigrant, landed over 10 years",Unemployed (people),36935.9167,30585.6087,43286.2246,0.086,1416.044,1098,Acceptable,TRUE
2025,4,Age x immigrant status,15 to 24 | Non-immigrant (incl. non-permanent residents),Unemployed (people),353762.1667,335716.4767,371807.8567,0.0255,4023.9767,13313,Acceptable,TRUE
2025,4,Age x immigrant status,"25 to 54 | Immigrant, landed 10 years or less",Unemployed (people),158029.6667,144211.702,171847.6313,0.0437,3081.2437,4640,Acceptable,TRUE
2025,4,Age x immigrant status,"25 to 54 | Immigrant, landed over 10 years",Unemployed (people),150793.9167,137714.8757,163872.9576,0.0434,2916.4724,4170,Acceptable,TRUE
2025,4,Age x immigrant status,25 to 54 | Non-immigrant (incl. non-permanent residents),Unemployed (people),551532.9167,527188.1822,575877.6511,0.0221,5428.5896,20742,Acceptable,TRUE
2025,4,Age x immigrant status,"55 and over | Immigrant, landed 10 years or less",Unemployed (people),11325.8333,8037.7878,14613.8789,0.1452,733.1955,467,Acceptable,TRUE
2025,4,Age x immigrant status,"55 and over | Immigrant, landed over 10 years",Unemployed (people),70681.8333,62061.062,79302.6047,0.061,1922.3307,2048,Acceptable,TRUE
2025,4,Age x immigrant status,55 and over | Non-immigrant (incl. non-permanent residents),Unemployed (people),159686,148621.515,170750.485,0.0346,2467.2501,8112,Acceptable,TRUE
2025,4,Province x age,Alberta | 15 to 24,Unemployment rate,15.6665,13.5957,17.7372,0.0661,0.4618,1347,Acceptable,TRUE
2025,4,Province x age,Alberta | 25 to 54,Unemployment rate,5.9413,5.3233,6.5593,0.052,0.1378,2330,Acceptable,TRUE
2025,4,Province x age,Alberta | 55 and over,Unemployment rate,5.2371,4.1678,6.3064,0.1021,0.2384,717,Acceptable,TRUE
2025,4,Province x age,British Columbia | 15 to 24,Unemployment rate,13.4273,11.7861,15.0685,0.0611,0.366,1762,Acceptable,TRUE
2025,4,Province x age,British Columbia | 25 to 54,Unemployment rate,5.2743,4.7919,5.7567,0.0457,0.1076,3620,Acceptable,TRUE
2025,4,Province x age,British Columbia | 55 and over,Unemployment rate,4.6104,3.9062,5.3147,0.0764,0.157,1159,Acceptable,TRUE
2025,4,Province x age,Manitoba | 15 to 24,Unemployment rate,11.8705,10.2387,13.5023,0.0687,0.3639,1087,Acceptable,TRUE
2025,4,Province x age,Manitoba | 25 to 54,Unemployment rate,4.7595,4.2164,5.3026,0.057,0.1211,1705,Acceptable,TRUE
2025,4,Province x age,Manitoba | 55 and over,Unemployment rate,4.5045,3.5463,5.4626,0.1064,0.2137,571,Acceptable,TRUE
2025,4,Province x age,New Brunswick | 15 to 24,Unemployment rate,14.9235,12.5695,17.2776,0.0789,0.5249,852,Acceptable,TRUE
2025,4,Province x age,New Brunswick | 25 to 54,Unemployment rate,5.5697,4.9112,6.2282,0.0591,0.1468,1592,Acceptable,TRUE
2025,4,Province x age,New Brunswick | 55 and over,Unemployment rate,6.9229,5.7893,8.0565,0.0819,0.2528,807,Acceptable,TRUE
2025,4,Province x age,Newfoundland and Labrador | 15 to 24,Unemployment rate,16.3283,13.6597,18.997,0.0817,0.5951,783,Acceptable,TRUE
2025,4,Province x age,Newfoundland and Labrador | 25 to 54,Unemployment rate,8.3922,7.4498,9.3345,0.0561,0.2101,1810,Acceptable,TRUE
2025,4,Province x age,Newfoundland and Labrador | 55 and over,Unemployment rate,11.2727,9.5639,12.9815,0.0758,0.381,981,Acceptable,TRUE
2025,4,Province x age,Nova Scotia | 15 to 24,Unemployment rate,12.9933,10.8899,15.0966,0.0809,0.469,701,Acceptable,TRUE
2025,4,Province x age,Nova Scotia | 25 to 54,Unemployment rate,5.6088,4.937,6.2805,0.0599,0.1498,1451,Acceptable,TRUE
2025,4,Province x age,Nova Scotia | 55 and over,Unemployment rate,5.421,4.3678,6.4742,0.0971,0.2349,563,Acceptable,TRUE
2025,4,Province x age,Ontario | 15 to 24,Unemployment rate,15.9844,14.8684,17.1003,0.0349,0.2488,5913,Acceptable,TRUE
2025,4,Province x age,Ontario | 25 to 54,Unemployment rate,6.6515,6.2813,7.0216,0.0278,0.0825,10537,Acceptable,TRUE
2025,4,Province x age,Ontario | 55 and over,Unemployment rate,5.2336,4.7062,5.7609,0.0504,0.1176,3069,Acceptable,TRUE
2025,4,Province x age,Prince Edward Island | 15 to 24,Unemployment rate,11.0882,8.2355,13.9409,0.1286,0.6361,318,Acceptable,TRUE
2025,4,Province x age,Prince Edward Island | 25 to 54,Unemployment rate,6.7714,5.6577,7.885,0.0822,0.2483,799,Acceptable,TRUE
2025,4,Province x age,Prince Edward Island | 55 and over,Unemployment rate,9.0204,7.0929,10.9478,0.1068,0.4298,463,Acceptable,TRUE
2025,4,Province x age,Quebec | 15 to 24,Unemployment rate,9.7016,8.5234,10.8797,0.0607,0.2627,2212,Acceptable,TRUE
2025,4,Province x age,Quebec | 25 to 54,Unemployment rate,4.7884,4.3782,5.1987,0.0428,0.0915,4286,Acceptable,TRUE
2025,4,Province x age,Quebec | 55 and over,Unemployment rate,5.4347,4.6983,6.1711,0.0678,0.1642,1899,Acceptable,TRUE
2025,4,Province x age,Saskatchewan | 15 to 24,Unemployment rate,11.8187,10.103,13.5343,0.0726,0.3826,921,Acceptable,TRUE
2025,4,Province x age,Saskatchewan | 25 to 54,Unemployment rate,4.2307,3.7345,4.7269,0.0586,0.1107,1422,Acceptable,TRUE
2025,4,Province x age,Saskatchewan | 55 and over,Unemployment rate,3.4726,2.6346,4.3106,0.1207,0.1869,398,Acceptable,TRUE
2025,4,Province x age,Alberta | 15 to 24,Long-term share of unemployment,18.2201,12.3348,24.1053,0.1615,1.3123,210,Marginal,TRUE
2025,4,Province x age,Alberta | 25 to 54,Long-term share of unemployment,23.4091,18.7274,28.0909,0.1,1.044,534,Acceptable,TRUE
2025,4,Province x age,Alberta | 55 and over,Long-term share of unemployment,30.5858,21.3191,39.8524,0.1515,2.0664,224,Marginal,TRUE
2025,4,Province x age,British Columbia | 15 to 24,Long-term share of unemployment,11.7252,7.5033,15.9471,0.18,0.9414,221,Marginal,TRUE
2025,4,Province x age,British Columbia | 25 to 54,Long-term share of unemployment,22.5546,18.6651,26.4441,0.0862,0.8673,786,Acceptable,TRUE
2025,4,Province x age,British Columbia | 55 and over,Long-term share of unemployment,23.3462,16.6546,30.0379,0.1433,1.4922,272,Acceptable,TRUE
2025,4,Province x age,Manitoba | 15 to 24,Long-term share of unemployment,14.7225,9.4234,20.0215,0.18,1.1816,163,Marginal,TRUE
2025,4,Province x age,Manitoba | 25 to 54,Long-term share of unemployment,23.1658,17.8741,28.4575,0.1142,1.18,371,Acceptable,TRUE
2025,4,Province x age,Manitoba | 55 and over,Long-term share of unemployment,26.2032,16.9549,35.4514,0.1765,2.0623,144,Marginal,TRUE
2025,4,Province x age,New Brunswick | 15 to 24,Long-term share of unemployment,14.312,8.5417,20.0823,0.2016,1.2867,117,Marginal,TRUE
2025,4,Province x age,New Brunswick | 25 to 54,Long-term share of unemployment,18.6036,13.7641,23.4431,0.1301,1.0792,270,Acceptable,TRUE
2025,4,Province x age,New Brunswick | 55 and over,Long-term share of unemployment,20.8236,13.8056,27.8416,0.1685,1.5649,156,Marginal,TRUE
2025,4,Province x age,Newfoundland and Labrador | 15 to 24,Long-term share of unemployment,16.8139,9.7279,23.9,0.2107,1.5801,120,Marginal,TRUE
2025,4,Province x age,Newfoundland and Labrador | 25 to 54,Long-term share of unemployment,20.2257,15.459,24.9924,0.1178,1.0629,344,Acceptable,TRUE
2025,4,Province x age,Newfoundland and Labrador | 55 and over,Long-term share of unemployment,20.5344,13.6218,27.447,0.1683,1.5414,190,Marginal,TRUE
2025,4,Province x age,Nova Scotia | 15 to 24,Long-term share of unemployment,12.9372,6.579,19.2953,0.2457,1.4178,80,Marginal,TRUE
2025,4,Province x age,Nova Scotia | 25 to 54,Long-term share of unemployment,22.041,16.827,27.2551,0.1183,1.1627,305,Acceptable,TRUE
2025,4,Province x age,Nova Scotia | 55 and over,Long-term share of unemployment,22.059,13.3976,30.7205,0.1963,1.9314,115,Marginal,TRUE
2025,4,Province x age,Ontario | 15 to 24,Long-term share of unemployment,19.6753,16.6928,22.6578,0.0758,0.6651,1091,Acceptable,TRUE
2025,4,Province x age,Ontario | 25 to 54,Long-term share of unemployment,30.2604,27.4735,33.0472,0.046,0.6214,2999,Acceptable,TRUE
2025,4,Province x age,Ontario | 55 and over,Long-term share of unemployment,36.1129,31.1189,41.1069,0.0691,1.1136,1028,Acceptable,TRUE
2025,4,Province x age,Prince Edward Island | 15 to 24,Long-term share of unemployment,18.3364,6.9953,29.6776,0.3093,2.5289,51,Marginal,TRUE
2025,4,Province x age,Prince Edward Island | 25 to 54,Long-term share of unemployment,17.9185,11.0721,24.7648,0.191,1.5266,131,Marginal,TRUE
2025,4,Province x age,Prince Edward Island | 55 and over,Long-term share of unemployment,15.9883,7.0914,24.8851,0.2782,1.9839,71,Marginal,TRUE
2025,4,Province x age,Quebec | 15 to 24,Long-term share of unemployment,10.2596,6.4662,14.0531,0.1849,0.8459,215,Marginal,TRUE
2025,4,Province x age,Quebec | 25 to 54,Long-term share of unemployment,19.9206,16.1414,23.6999,0.0949,0.8427,769,Acceptable,TRUE
2025,4,Province x age,Quebec | 55 and over,Long-term share of unemployment,26.0241,19.5559,32.4923,0.1243,1.4423,390,Acceptable,TRUE
2025,4,Province x age,Saskatchewan | 15 to 24,Long-term share of unemployment,15.0132,9.5569,20.4694,0.1817,1.2167,133,Marginal,TRUE
2025,4,Province x age,Saskatchewan | 25 to 54,Long-term share of unemployment,19.8372,14.9847,24.6897,0.1223,1.0821,278,Acceptable,TRUE
2025,4,Province x age,Saskatchewan | 55 and over,Long-term share of unemployment,22.7365,12.3211,33.1519,0.229,2.3225,88,Marginal,TRUE
2025,4,Province x age,Alberta | 15 to 24,Long-term unemployment rate,2.7827,1.8087,3.7568,0.175,0.2172,210,Marginal,TRUE
2025,4,Province x age,Alberta | 25 to 54,Long-term unemployment rate,1.3354,1.0405,1.6304,0.1104,0.0658,534,Acceptable,TRUE
2025,4,Province x age,Alberta | 55 and over,Long-term unemployment rate,1.5465,0.982,2.111,0.1825,0.1259,224,Marginal,TRUE
2025,4,Province x age,British Columbia | 15 to 24,Long-term unemployment rate,1.5223,0.9387,2.1058,0.1917,0.1301,221,Marginal,TRUE
2025,4,Province x age,British Columbia | 25 to 54,Long-term unemployment rate,1.1365,0.9156,1.3574,0.0972,0.0493,786,Acceptable,TRUE
2025,4,Province x age,British Columbia | 55 and over,Long-term unemployment rate,1.0434,0.698,1.3888,0.1655,0.077,272,Marginal,TRUE
2025,4,Province x age,Manitoba | 15 to 24,Long-term unemployment rate,1.6718,1.019,2.3246,0.1952,0.1456,163,Marginal,TRUE
2025,4,Province x age,Manitoba | 25 to 54,Long-term unemployment rate,1.0422,0.777,1.3075,0.1272,0.0591,371,Acceptable,TRUE
2025,4,Province x age,Manitoba | 55 and over,Long-term unemployment rate,1.0946,0.6561,1.5332,0.2003,0.0978,144,Marginal,TRUE
2025,4,Province x age,New Brunswick | 15 to 24,Long-term unemployment rate,2.0164,1.1322,2.9005,0.2192,0.1972,117,Marginal,TRUE
2025,4,Province x age,New Brunswick | 25 to 54,Long-term unemployment rate,0.9755,0.6927,1.2582,0.1449,0.063,270,Acceptable,TRUE
2025,4,Province x age,New Brunswick | 55 and over,Long-term unemployment rate,1.325,0.8196,1.8305,0.1907,0.1127,156,Marginal,TRUE
2025,4,Province x age,Newfoundland and Labrador | 15 to 24,Long-term unemployment rate,2.6268,1.4346,3.8191,0.2269,0.2659,120,Marginal,TRUE
2025,4,Province x age,Newfoundland and Labrador | 25 to 54,Long-term unemployment rate,1.5896,1.1649,2.0144,0.1336,0.0947,344,Acceptable,TRUE
2025,4,Province x age,Newfoundland and Labrador | 55 and over,Long-term unemployment rate,2.1907,1.3686,3.0129,0.1876,0.1833,190,Marginal,TRUE
2025,4,Province x age,Nova Scotia | 15 to 24,Long-term unemployment rate,1.5931,0.7541,2.432,0.2633,0.1871,80,Marginal,TRUE
2025,4,Province x age,Nova Scotia | 25 to 54,Long-term unemployment rate,1.1543,0.8544,1.4541,0.1299,0.0669,305,Acceptable,TRUE
2025,4,Province x age,Nova Scotia | 55 and over,Long-term unemployment rate,1.0981,0.6065,1.5896,0.2238,0.1096,115,Marginal,TRUE
2025,4,Province x age,Ontario | 15 to 24,Long-term unemployment rate,3.0406,2.5315,3.5497,0.0837,0.1135,1091,Acceptable,TRUE
2025,4,Province x age,Ontario | 25 to 54,Long-term unemployment rate,1.9569,1.7397,2.1741,0.0555,0.0484,2999,Acceptable,TRUE
2025,4,Province x age,Ontario | 55 and over,Long-term unemployment rate,1.8151,1.5123,2.1179,0.0834,0.0675,1028,Acceptable,TRUE
2025,4,Province x age,Prince Edward Island | 15 to 24,Long-term unemployment rate,1.949,0.673,3.2249,0.3273,0.2845,51,Marginal,TRUE
2025,4,Province x age,Prince Edward Island | 25 to 54,Long-term unemployment rate,1.1376,0.6515,1.6238,0.2137,0.1084,131,Marginal,TRUE
2025,4,Province x age,Prince Edward Island | 55 and over,Long-term unemployment rate,1.3563,0.5341,2.1784,0.3031,0.1833,71,Marginal,TRUE
2025,4,Province x age,Quebec | 15 to 24,Long-term unemployment rate,0.9651,0.5902,1.34,0.1942,0.0836,215,Marginal,TRUE
2025,4,Province x age,Quebec | 25 to 54,Long-term unemployment rate,0.9169,0.7228,1.1111,0.1059,0.0433,769,Acceptable,TRUE
2025,4,Province x age,Quebec | 55 and over,Long-term unemployment rate,1.3396,0.937,1.7423,0.1503,0.0898,390,Marginal,TRUE
2025,4,Province x age,Saskatchewan | 15 to 24,Long-term unemployment rate,1.6883,1.0257,2.3509,0.1962,0.1478,133,Marginal,TRUE
2025,4,Province x age,Saskatchewan | 25 to 54,Long-term unemployment rate,0.8032,0.5844,1.0221,0.1362,0.0488,278,Acceptable,TRUE
2025,4,Province x age,Saskatchewan | 55 and over,Long-term unemployment rate,0.7278,0.3553,1.1002,0.2559,0.0831,88,Marginal,TRUE
2025,4,Province x age,Alberta | 15 to 24,Long-term unemployed (people),11066.3333,7163.7558,14968.9109,0.1763,870.2289,210,Marginal,TRUE
2025,4,Province x age,Alberta | 25 to 54,Long-term unemployed (people),25178.5,19632.3743,30724.6257,0.1101,1236.7208,534,Acceptable,TRUE
2025,4,Province x age,Alberta | 55 and over,Long-term unemployed (people),7855.0833,4971.0097,10739.157,0.1836,643.1145,224,Marginal,TRUE
2025,4,Province x age,British Columbia | 15 to 24,Long-term unemployed (people),6186.6667,3802.5502,8570.7832,0.1927,531.6299,221,Marginal,TRUE
2025,4,Province x age,British Columbia | 25 to 54,Long-term unemployed (people),23828.5833,19202.3501,28454.8166,0.0971,1031.5956,786,Acceptable,TRUE
2025,4,Province x age,British Columbia | 55 and over,Long-term unemployed (people),6653.75,4451.202,8856.298,0.1655,491.1423,272,Marginal,TRUE
2025,4,Province x age,Manitoba | 15 to 24,Long-term unemployed (people),2091.4167,1269.5689,2913.2644,0.1965,183.2624,163,Marginal,TRUE
2025,4,Province x age,Manitoba | 25 to 54,Long-term unemployed (people),5339,3981.4675,6696.5325,0.1271,302.7138,371,Acceptable,TRUE
2025,4,Province x age,Manitoba | 55 and over,Long-term unemployed (people),1582.5833,947.523,2217.6436,0.2006,141.611,144,Marginal,TRUE
2025,4,Province x age,New Brunswick | 15 to 24,Long-term unemployed (people),1187.6667,664.6879,1710.6454,0.2202,116.6181,117,Marginal,TRUE
2025,4,Province x age,New Brunswick | 25 to 54,Long-term unemployed (people),2723.1667,1932.7528,3513.5805,0.1451,176.253,270,Acceptable,TRUE
2025,4,Province x age,New Brunswick | 55 and over,Long-term unemployed (people),1301.6667,804.6439,1798.6894,0.1909,110.8302,156,Marginal,TRUE
2025,4,Province x age,Newfoundland and Labrador | 15 to 24,Long-term unemployed (people),927.6667,503.4728,1351.8605,0.2286,94.5902,120,Marginal,TRUE
2025,4,Province x age,Newfoundland and Labrador | 25 to 54,Long-term unemployed (people),2709.25,1986.1466,3432.3534,0.1335,161.2436,344,Acceptable,TRUE
2025,4,Province x age,Newfoundland and Labrador | 55 and over,Long-term unemployed (people),1458.8333,911.2279,2006.4388,0.1877,122.1096,190,Marginal,TRUE
2025,4,Province x age,Nova Scotia | 15 to 24,Long-term unemployed (people),1221.3333,580.4837,1862.183,0.2624,142.9019,80,Marginal,TRUE
2025,4,Province x age,Nova Scotia | 25 to 54,Long-term unemployed (people),4130.25,3056.9817,5203.5183,0.1299,239.3262,305,Acceptable,TRUE
2025,4,Province x age,Nova Scotia | 55 and over,Long-term unemployed (people),1381.8333,762.0432,2001.6235,0.2243,138.2059,115,Marginal,TRUE
2025,4,Province x age,Ontario | 15 to 24,Long-term unemployed (people),38151.5,31712.7063,44590.2937,0.0844,1435.7753,1091,Acceptable,TRUE
2025,4,Province x age,Ontario | 25 to 54,Long-term unemployed (people),114231.6667,101550.3365,126912.9968,0.0555,2827.7875,2999,Acceptable,TRUE
2025,4,Province x age,Ontario | 55 and over,Long-term unemployed (people),33015.4167,27473.0246,38557.8087,0.0839,1235.8883,1028,Acceptable,TRUE
2025,4,Province x age,Prince Edward Island | 15 to 24,Long-term unemployed (people),320.75,109.6018,531.8982,0.3291,47.0836,51,Marginal,TRUE
2025,4,Province x age,Prince Edward Island | 25 to 54,Long-term unemployed (people),717.5,410.8762,1024.1238,0.2137,68.3735,131,Marginal,TRUE
2025,4,Province x age,Prince Edward Island | 55 and over,Long-term unemployed (people),299.8333,117.6247,482.042,0.3038,40.6304,71,Marginal,TRUE
2025,4,Province x age,Quebec | 15 to 24,Long-term unemployed (people),6662.5,4068.8443,9256.1557,0.1946,578.3547,215,Marginal,TRUE
2025,4,Province x age,Quebec | 25 to 54,Long-term unemployed (people),29305.8333,23102.5711,35509.0955,0.1058,1383.2545,769,Acceptable,TRUE
2025,4,Province x age,Quebec | 55 and over,Long-term unemployed (people),13860.9167,9686.5797,18035.2536,0.1506,930.8281,390,Marginal,TRUE
2025,4,Province x age,Saskatchewan | 15 to 24,Long-term unemployed (people),1609.5,974.9075,2244.0925,0.1971,141.5067,133,Marginal,TRUE
2025,4,Province x age,Saskatchewan | 25 to 54,Long-term unemployed (people),3393.9167,2468.8665,4318.9668,0.1363,206.2753,278,Acceptable,TRUE
2025,4,Province x age,Saskatchewan | 55 and over,Long-term unemployed (people),970.1667,472.2754,1468.0579,0.2566,111.0239,88,Marginal,TRUE
2025,4,Province x age,Alberta | 15 to 24,Unemployed (people),62302.1667,53708.6737,70895.6596,0.069,1916.2479,1347,Acceptable,TRUE
2025,4,Province x age,Alberta | 25 to 54,Unemployed (people),112018,100358.8168,123677.1832,0.052,2599.8608,2330,Acceptable,TRUE
2025,4,Province x age,Alberta | 55 and over,Unemployed (people),26600.8333,21119.1697,32082.497,0.103,1222.3466,717,Acceptable,TRUE
2025,4,Province x age,British Columbia | 15 to 24,Unemployed (people),54570.3333,47763.0492,61377.6175,0.0624,1517.9443,1762,Acceptable,TRUE
2025,4,Province x age,British Columbia | 25 to 54,Unemployed (people),110585.25,100496.7789,120673.7211,0.0456,2249.6105,3620,Acceptable,TRUE
2025,4,Province x age,British Columbia | 55 and over,Unemployed (people),29401.5,24878.6472,33924.3528,0.0769,1008.543,1159,Acceptable,TRUE
2025,4,Province x age,Manitoba | 15 to 24,Unemployed (people),14849.8333,12765.6366,16934.0301,0.0702,464.7514,1087,Acceptable,TRUE
2025,4,Province x age,Manitoba | 25 to 54,Unemployed (people),24381.25,21589.5781,27172.9219,0.0573,622.51,1705,Acceptable,TRUE
2025,4,Province x age,Manitoba | 55 and over,Unemployed (people),6512.3333,5117.5053,7907.1613,0.1071,311.0302,571,Acceptable,TRUE
2025,4,Province x age,New Brunswick | 15 to 24,Unemployed (people),8790.1667,7364.3622,10215.9711,0.0811,317.9376,852,Acceptable,TRUE
2025,4,Province x age,New Brunswick | 25 to 54,Unemployed (people),15548.6667,13700.0023,17397.331,0.0594,412.2304,1592,Acceptable,TRUE
2025,4,Province x age,New Brunswick | 55 and over,Unemployed (people),6800.8333,5676.3284,7925.3382,0.0827,250.7514,807,Acceptable,TRUE
2025,4,Province x age,Newfoundland and Labrador | 15 to 24,Unemployed (people),5766.3333,4781.6142,6751.0524,0.0854,219.5808,783,Acceptable,TRUE
2025,4,Province x age,Newfoundland and Labrador | 25 to 54,Unemployed (people),14302.8333,12690.4552,15915.2114,0.0564,359.5414,1810,Acceptable,TRUE
2025,4,Province x age,Newfoundland and Labrador | 55 and over,Unemployed (people),7506.6667,6336.2982,8677.0352,0.078,260.9784,981,Acceptable,TRUE
2025,4,Province x age,Nova Scotia | 15 to 24,Unemployed (people),9961.3333,8327.0605,11595.6062,0.082,364.4236,701,Acceptable,TRUE
2025,4,Province x age,Nova Scotia | 25 to 54,Unemployed (people),20069.5833,17669.5995,22469.5672,0.0598,535.1682,1451,Acceptable,TRUE
2025,4,Province x age,Nova Scotia | 55 and over,Unemployed (people),6821.75,5485.7789,8157.7211,0.0979,297.9058,563,Acceptable,TRUE
2025,4,Province x age,Ontario | 15 to 24,Unemployed (people),200561.4167,186000.9481,215121.8853,0.0363,3246.8133,5913,Acceptable,TRUE
2025,4,Province x age,Ontario | 25 to 54,Unemployed (people),388265.75,366512.1718,410019.3282,0.028,4850.7922,10537,Acceptable,TRUE
2025,4,Province x age,Ontario | 55 and over,Unemployed (people),95194.8333,85495.1859,104894.4808,0.0509,2162.9074,3069,Acceptable,TRUE
2025,4,Province x age,Prince Edward Island | 15 to 24,Unemployed (people),1824.8333,1343.6709,2305.9958,0.1318,107.2936,318,Acceptable,TRUE
2025,4,Province x age,Prince Edward Island | 25 to 54,Unemployed (people),4270.6667,3569.2865,4972.0469,0.0821,156.3995,799,Acceptable,TRUE
2025,4,Province x age,Prince Edward Island | 55 and over,Unemployed (people),1994.1667,1557.6521,2430.6812,0.1094,97.3376,463,Acceptable,TRUE
2025,4,Province x age,Quebec | 15 to 24,Unemployed (people),66974.8333,58692.5565,75257.1102,0.0618,1846.8504,2212,Acceptable,TRUE
2025,4,Province x age,Quebec | 25 to 54,Unemployed (people),153038.6667,139911.0768,166166.2565,0.0429,2927.2982,4286,Acceptable,TRUE
2025,4,Province x age,Quebec | 55 and over,Unemployed (people),56231.4167,48541.3153,63921.518,0.0684,1714.8022,1899,Acceptable,TRUE
2025,4,Province x age,Saskatchewan | 15 to 24,Unemployed (people),11267.25,9570.969,12963.531,0.0753,378.2507,921,Acceptable,TRUE
2025,4,Province x age,Saskatchewan | 25 to 54,Unemployed (people),17875.8333,15769.5274,19982.1393,0.0589,469.6815,1422,Acceptable,TRUE
2025,4,Province x age,Saskatchewan | 55 and over,Unemployed (people),4629.3333,3503.4598,5755.2069,0.1216,251.0566,398,Acceptable,TRUE
2023 Jan-Aug,5,Canada,Canada,Unemployment rate,5.4596,5.2721,5.6472,0.0172,0.044,27762,Acceptable,TRUE
2023 Jan-Aug,5,Canada,Canada,Long-term share of unemployment,15.059,13.7392,16.3789,0.0438,0.3097,3853,Acceptable,TRUE
2023 Jan-Aug,5,Canada,Canada,Long-term unemployment rate,0.7724,0.6997,0.845,0.047,0.017,3853,Acceptable,TRUE
2023 Jan-Aug,5,Canada,Canada,Long-term unemployed (people),165499.625,149961.0707,181038.1793,0.0469,3645.6333,3853,Acceptable,TRUE
2023 Jan-Aug,5,Canada,Canada,Unemployed (people),1169893.375,1129411.7646,1210374.9854,0.0173,9497.7374,27762,Acceptable,TRUE
2023 Jan-Aug,5,Province,Alberta,Unemployment rate,6.1075,5.5305,6.6846,0.0472,0.1354,2635,Acceptable,TRUE
2023 Jan-Aug,5,Province,British Columbia,Unemployment rate,5.3142,4.8304,5.7981,0.0455,0.1135,3205,Acceptable,TRUE
2023 Jan-Aug,5,Province,Manitoba,Unemployment rate,5.1087,4.5653,5.6521,0.0532,0.1275,1970,Acceptable,TRUE
2023 Jan-Aug,5,Province,New Brunswick,Unemployment rate,6.7592,6.003,7.5154,0.0559,0.1774,1626,Acceptable,TRUE
2023 Jan-Aug,5,Province,Newfoundland and Labrador,Unemployment rate,10.2847,9.241,11.3284,0.0507,0.2449,1857,Acceptable,TRUE
2023 Jan-Aug,5,Province,Nova Scotia,Unemployment rate,6.4609,5.729,7.1928,0.0566,0.1717,1582,Acceptable,TRUE
2023 Jan-Aug,5,Province,Ontario,Unemployment rate,5.6372,5.3145,5.9599,0.0286,0.0757,8752,Acceptable,TRUE
2023 Jan-Aug,5,Province,Prince Edward Island,Unemployment rate,7.5675,6.3547,8.7802,0.0801,0.2845,865,Acceptable,TRUE
2023 Jan-Aug,5,Province,Quebec,Unemployment rate,4.4542,4.0536,4.8549,0.045,0.094,3690,Acceptable,TRUE
2023 Jan-Aug,5,Province,Saskatchewan,Unemployment rate,4.977,4.4315,5.5225,0.0548,0.128,1580,Acceptable,TRUE
2023 Jan-Aug,5,Province,Alberta,Long-term share of unemployment,15.3852,11.8054,18.965,0.1163,0.8399,384,Acceptable,TRUE
2023 Jan-Aug,5,Province,British Columbia,Long-term share of unemployment,15.5352,12.0061,19.0643,0.1136,0.828,471,Acceptable,TRUE
2023 Jan-Aug,5,Province,Manitoba,Long-term share of unemployment,15.2726,11.3552,19.1901,0.1283,0.9191,293,Acceptable,TRUE
2023 Jan-Aug,5,Province,New Brunswick,Long-term share of unemployment,11.6472,7.8627,15.4317,0.1625,0.8879,184,Marginal,TRUE
2023 Jan-Aug,5,Province,Newfoundland and Labrador,Long-term share of unemployment,18.6986,14.1205,23.2767,0.1224,1.0741,296,Acceptable,TRUE
2023 Jan-Aug,5,Province,Nova Scotia,Long-term share of unemployment,14.5069,10.3729,18.6409,0.1425,0.9699,217,Acceptable,TRUE
2023 Jan-Aug,5,Province,Ontario,Long-term share of unemployment,16.5333,14.2466,18.8201,0.0692,0.5365,1345,Acceptable,TRUE
2023 Jan-Aug,5,Province,Prince Edward Island,Long-term share of unemployment,13.571,7.2538,19.8882,0.2327,1.4821,102,Marginal,TRUE
2023 Jan-Aug,5,Province,Quebec,Long-term share of unemployment,11.151,7.9792,14.3228,0.1422,0.7442,344,Acceptable,TRUE
2023 Jan-Aug,5,Province,Saskatchewan,Long-term share of unemployment,14.5038,10.3887,18.6188,0.1419,0.9655,217,Acceptable,TRUE
2023 Jan-Aug,5,Province,Alberta,Long-term unemployment rate,0.8965,0.6715,1.1215,0.1255,0.0528,384,Acceptable,TRUE
2023 Jan-Aug,5,Province,British Columbia,Long-term unemployment rate,0.7814,0.5874,0.9753,0.1241,0.0455,471,Acceptable,TRUE
2023 Jan-Aug,5,Province,Manitoba,Long-term unemployment rate,0.7216,0.521,0.9222,0.139,0.0471,293,Acceptable,TRUE
2023 Jan-Aug,5,Province,New Brunswick,Long-term unemployment rate,0.7352,0.4781,0.9924,0.1749,0.0603,184,Marginal,TRUE
2023 Jan-Aug,5,Province,Newfoundland and Labrador,Long-term unemployment rate,1.7501,1.2867,2.2135,0.1324,0.1087,296,Acceptable,TRUE
2023 Jan-Aug,5,Province,Nova Scotia,Long-term unemployment rate,0.8452,0.5876,1.1028,0.1524,0.0604,217,Marginal,TRUE
2023 Jan-Aug,5,Province,Ontario,Long-term unemployment rate,0.8846,0.7531,1.0162,0.0744,0.0309,1345,Acceptable,TRUE
2023 Jan-Aug,5,Province,Prince Edward Island,Long-term unemployment rate,0.8949,0.443,1.3469,0.2525,0.106,102,Marginal,TRUE
2023 Jan-Aug,5,Province,Quebec,Long-term unemployment rate,0.4562,0.3196,0.5927,0.1497,0.032,344,Acceptable,TRUE
2023 Jan-Aug,5,Province,Saskatchewan,Long-term unemployment rate,0.6694,0.4639,0.8749,0.1535,0.0482,217,Marginal,TRUE
2023 Jan-Aug,5,Province,Alberta,Long-term unemployed (people),23223,17397.6803,29048.3197,0.1254,1366.7282,384,Acceptable,TRUE
2023 Jan-Aug,5,Province,British Columbia,Long-term unemployed (people),23343.5,17546.8833,29140.1167,0.1242,1359.9939,471,Acceptable,TRUE
2023 Jan-Aug,5,Province,Manitoba,Long-term unemployed (people),5349.875,3862.042,6837.708,0.1391,349.0732,293,Acceptable,TRUE
2023 Jan-Aug,5,Province,New Brunswick,Long-term unemployed (people),3053.5,1985.2367,4121.7633,0.1749,250.6344,184,Marginal,TRUE
2023 Jan-Aug,5,Province,Newfoundland and Labrador,Long-term unemployed (people),4616.375,3389.7469,5843.0031,0.1329,287.7897,296,Acceptable,TRUE
2023 Jan-Aug,5,Province,Nova Scotia,Long-term unemployed (people),4544.625,3158.8951,5930.3549,0.1525,325.118,217,Marginal,TRUE
2023 Jan-Aug,5,Province,Ontario,Long-term unemployed (people),74894,63760.3296,86027.6704,0.0743,2612.1658,1345,Acceptable,TRUE
2023 Jan-Aug,5,Province,Prince Edward Island,Long-term unemployed (people),852.375,421.8248,1282.9252,0.2526,101.0151,102,Marginal,TRUE
2023 Jan-Aug,5,Province,Quebec,Long-term unemployed (people),21518.625,15067.0602,27970.1898,0.1499,1513.6569,344,Acceptable,TRUE
2023 Jan-Aug,5,Province,Saskatchewan,Long-term unemployed (people),4103.75,2845.4694,5362.0306,0.1533,295.216,217,Marginal,TRUE
2023 Jan-Aug,5,Province,Alberta,Unemployed (people),158211,143179.6164,173242.3836,0.0475,3526.6417,2635,Acceptable,TRUE
2023 Jan-Aug,5,Province,British Columbia,Unemployed (people),158766.125,144255.9563,173276.2937,0.0457,3404.355,3205,Acceptable,TRUE
2023 Jan-Aug,5,Province,Manitoba,Unemployed (people),37876.25,33836.4357,41916.0643,0.0533,947.8154,1970,Acceptable,TRUE
2023 Jan-Aug,5,Province,New Brunswick,Unemployed (people),28071.5,24909.2982,31233.7018,0.0563,741.9112,1626,Acceptable,TRUE
2023 Jan-Aug,5,Province,Newfoundland and Labrador,Unemployed (people),27129,24305.9256,29952.0744,0.052,662.3457,1857,Acceptable,TRUE
2023 Jan-Aug,5,Province,Nova Scotia,Unemployed (people),34740.5,30772.3817,38708.6183,0.0571,930.9942,1582,Acceptable,TRUE
2023 Jan-Aug,5,Province,Ontario,Unemployed (people),477253.375,449664.4993,504842.2507,0.0289,6472.8625,8752,Acceptable,TRUE
2023 Jan-Aug,5,Province,Prince Edward Island,Unemployed (people),7207.625,6036.4754,8378.7746,0.0812,274.7734,865,Acceptable,TRUE
2023 Jan-Aug,5,Province,Quebec,Unemployed (people),210125.625,191102.6691,229148.5809,0.0453,4463.1386,3690,Acceptable,TRUE
2023 Jan-Aug,5,Province,Saskatchewan,Unemployed (people),30512.375,27137.0793,33887.6707,0.0553,791.907,1580,Acceptable,TRUE
2023 Jan-Aug,5,Age,15 to 24,Unemployment rate,10.7417,10.0741,11.4093,0.0311,0.1566,7691,Acceptable,TRUE
2023 Jan-Aug,5,Age,25 to 54,Unemployment rate,4.5933,4.3783,4.8083,0.0234,0.0504,14153,Acceptable,TRUE
2023 Jan-Aug,5,Age,55 and over,Unemployment rate,4.5655,4.2297,4.9013,0.0368,0.0788,5918,Acceptable,TRUE
2023 Jan-Aug,5,Age,15 to 24,Long-term share of unemployment,8.0518,6.0549,10.0487,0.124,0.4685,596,Acceptable,TRUE
2023 Jan-Aug,5,Age,25 to 54,Long-term share of unemployment,15.9597,14.1319,17.7874,0.0573,0.4288,2130,Acceptable,TRUE
2023 Jan-Aug,5,Age,55 and over,Long-term share of unemployment,23.4421,19.9402,26.9441,0.0747,0.8216,1127,Acceptable,TRUE
2023 Jan-Aug,5,Age,15 to 24,Long-term unemployment rate,0.818,0.6082,1.0279,0.1283,0.0492,596,Acceptable,TRUE
2023 Jan-Aug,5,Age,25 to 54,Long-term unemployment rate,0.6866,0.6038,0.7695,0.0603,0.0194,2130,Acceptable,TRUE
2023 Jan-Aug,5,Age,55 and over,Long-term unemployment rate,1.0037,0.8303,1.1771,0.0864,0.0407,1127,Acceptable,TRUE
2023 Jan-Aug,5,Age,15 to 24,Long-term unemployed (people),24867,18476.7048,31257.2952,0.1285,1499.2819,596,Acceptable,TRUE
2023 Jan-Aug,5,Age,25 to 54,Long-term unemployed (people),95128.125,83655.5445,106600.7055,0.0603,2691.6804,2130,Acceptable,TRUE
2023 Jan-Aug,5,Age,55 and over,Long-term unemployed (people),45504.5,37631.9151,53377.0849,0.0865,1847.0546,1127,Acceptable,TRUE
2023 Jan-Aug,5,Age,15 to 24,Unemployed (people),326535.25,305828.5786,347241.9214,0.0317,4858.1696,7691,Acceptable,TRUE
2023 Jan-Aug,5,Age,25 to 54,Unemployed (people),636372.375,606380.5718,666364.1782,0.0236,7036.6339,14153,Acceptable,TRUE
2023 Jan-Aug,5,Age,55 and over,Unemployed (people),206985.75,191656.7632,222314.7368,0.037,3596.4649,5918,Acceptable,TRUE
2023 Jan-Aug,5,Gender,Men+,Unemployment rate,5.5538,5.2893,5.8183,0.0238,0.062,15225,Acceptable,TRUE
2023 Jan-Aug,5,Gender,Women+,Unemployment rate,5.3551,5.079,5.6311,0.0258,0.0648,12537,Acceptable,TRUE
2023 Jan-Aug,5,Gender,Men+,Long-term share of unemployment,16.273,14.4834,18.0625,0.055,0.4199,2318,Acceptable,TRUE
2023 Jan-Aug,5,Gender,Women+,Long-term share of unemployment,13.6409,11.7307,15.5511,0.07,0.4482,1535,Acceptable,TRUE
2023 Jan-Aug,5,Gender,Men+,Long-term unemployment rate,0.8546,0.7527,0.9566,0.0596,0.0239,2318,Acceptable,TRUE
2023 Jan-Aug,5,Gender,Women+,Long-term unemployment rate,0.681,0.5789,0.783,0.0749,0.0239,1535,Acceptable,TRUE
2023 Jan-Aug,5,Gender,Men+,Long-term unemployed (people),96359.5,84854.1584,107864.8416,0.0597,2699.3668,2318,Acceptable,TRUE
2023 Jan-Aug,5,Gender,Women+,Long-term unemployed (people),69140.125,58797.9787,79482.2713,0.0748,2426.4595,1535,Acceptable,TRUE
2023 Jan-Aug,5,Gender,Men+,Unemployed (people),626185.25,596159.1974,656211.3026,0.024,7044.6694,15225,Acceptable,TRUE
2023 Jan-Aug,5,Gender,Women+,Unemployed (people),543708.125,515371.0216,572045.2284,0.0261,6648.4106,12537,Acceptable,TRUE
2023 Jan-Aug,5,Immigrant status,"Immigrant, landed 10 years or less",Unemployment rate,7.5004,6.7106,8.2902,0.0527,0.1853,2564,Acceptable,TRUE
2023 Jan-Aug,5,Immigrant status,"Immigrant, landed over 10 years",Unemployment rate,4.9189,4.4609,5.3768,0.0465,0.1074,3391,Acceptable,TRUE
2023 Jan-Aug,5,Immigrant status,Non-immigrant (incl. non-permanent residents),Unemployment rate,5.3578,5.1489,5.5667,0.0195,0.049,21807,Acceptable,TRUE
2023 Jan-Aug,5,Immigrant status,"Immigrant, landed 10 years or less",Long-term share of unemployment,12.6591,8.9876,16.3305,0.145,0.8614,324,Acceptable,TRUE
2023 Jan-Aug,5,Immigrant status,"Immigrant, landed over 10 years",Long-term share of unemployment,20.5383,16.5571,24.5195,0.0969,0.9341,630,Acceptable,TRUE
2023 Jan-Aug,5,Immigrant status,Non-immigrant (incl. non-permanent residents),Long-term share of unemployment,14.1822,12.7457,15.6188,0.0506,0.337,2899,Acceptable,TRUE
2023 Jan-Aug,5,Immigrant status,"Immigrant, landed 10 years or less",Long-term unemployment rate,0.9239,0.6406,1.2072,0.1533,0.0665,324,Marginal,TRUE
2023 Jan-Aug,5,Immigrant status,"Immigrant, landed over 10 years",Long-term unemployment rate,0.9608,0.7492,1.1724,0.1101,0.0496,630,Acceptable,TRUE
2023 Jan-Aug,5,Immigrant status,Non-immigrant (incl. non-permanent residents),Long-term unemployment rate,0.7076,0.6305,0.7847,0.0545,0.0181,2899,Acceptable,TRUE
2023 Jan-Aug,5,Immigrant status,"Immigrant, landed 10 years or less",Long-term unemployed (people),16829.25,11663.155,21995.345,0.1535,1212.0618,324,Marginal,TRUE
2023 Jan-Aug,5,Immigrant status,"Immigrant, landed over 10 years",Long-term unemployed (people),37680,29356.9079,46003.0921,0.1104,1952.7519,630,Acceptable,TRUE
2023 Jan-Aug,5,Immigrant status,Non-immigrant (incl. non-permanent residents),Long-term unemployed (people),110990.375,98875.0322,123105.7178,0.0546,2842.4844,2899,Acceptable,TRUE
2023 Jan-Aug,5,Immigrant status,"Immigrant, landed 10 years or less",Unemployed (people),136621.875,121830.9916,151412.7584,0.0541,3470.2159,2564,Acceptable,TRUE
2023 Jan-Aug,5,Immigrant status,"Immigrant, landed over 10 years",Unemployed (people),192901.875,174600.217,211203.533,0.0474,4293.9087,3391,Acceptable,TRUE
2023 Jan-Aug,5,Immigrant status,Non-immigrant (incl. non-permanent residents),Unemployed (people),840369.625,807192.3692,873546.8808,0.0197,7784.0002,21807,Acceptable,TRUE
2023 Jan-Aug,5,Education,Bachelor's or above,Unemployment rate,4.1329,3.8439,4.422,0.035,0.0678,6033,Acceptable,TRUE
2023 Jan-Aug,5,Education,High school or less,Unemployment rate,8.4562,8.026,8.8863,0.0254,0.1009,11733,Acceptable,TRUE
2023 Jan-Aug,5,Education,"Some postsecondary, certificate or diploma",Unemployment rate,4.7105,4.4323,4.9888,0.0295,0.0653,9996,Acceptable,TRUE
2023 Jan-Aug,5,Education,Bachelor's or above,Long-term share of unemployment,18.3597,15.4387,21.2807,0.0795,0.6853,980,Acceptable,TRUE
2023 Jan-Aug,5,Education,High school or less,Long-term share of unemployment,13.4873,11.4288,15.5458,0.0763,0.483,1465,Acceptable,TRUE
2023 Jan-Aug,5,Education,"Some postsecondary, certificate or diploma",Long-term share of unemployment,14.3474,12.373,16.3218,0.0688,0.4632,1408,Acceptable,TRUE
2023 Jan-Aug,5,Education,Bachelor's or above,Long-term unemployment rate,0.7151,0.5898,0.8403,0.0876,0.0294,980,Acceptable,TRUE
2023 Jan-Aug,5,Education,High school or less,Long-term unemployment rate,1.0832,0.906,1.2604,0.0818,0.0416,1465,Acceptable,TRUE
2023 Jan-Aug,5,Education,"Some postsecondary, certificate or diploma",Long-term unemployment rate,0.6255,0.5326,0.7184,0.0743,0.0218,1408,Acceptable,TRUE
2023 Jan-Aug,5,Education,Bachelor's or above,Long-term unemployed (people),52941.75,43685.7215,62197.7785,0.0874,2171.6361,980,Acceptable,TRUE
2023 Jan-Aug,5,Education,High school or less,Long-term unemployed (people),58785.25,49113.8482,68456.6518,0.0823,2269.0904,1465,Acceptable,TRUE
2023 Jan-Aug,5,Education,"Some postsecondary, certificate or diploma",Long-term unemployed (people),53772.625,45783.9438,61761.3062,0.0743,1874.2929,1408,Acceptable,TRUE
2023 Jan-Aug,5,Education,Bachelor's or above,Unemployed (people),305990.875,284291.1054,327690.6446,0.0355,5091.1688,6033,Acceptable,TRUE
2023 Jan-Aug,5,Education,High school or less,Unemployed (people),458924.375,434736.1808,483112.5692,0.0264,5674.9994,11733,Acceptable,TRUE
2023 Jan-Aug,5,Education,"Some postsecondary, certificate or diploma",Unemployed (people),404978.125,380819.5425,429136.7075,0.0298,5668.052,9996,Acceptable,TRUE
2023 Jan-Aug,5,Age x immigrant status,"15 to 24 | Immigrant, landed 10 years or less",Unemployment rate,12.7412,10.0296,15.4528,0.1064,0.6362,596,Acceptable,TRUE
2023 Jan-Aug,5,Age x immigrant status,"15 to 24 | Immigrant, landed over 10 years",Unemployment rate,12.2866,9.3893,15.184,0.1179,0.6798,525,Acceptable,TRUE
2023 Jan-Aug,5,Age x immigrant status,15 to 24 | Non-immigrant (incl. non-permanent residents),Unemployment rate,10.4248,9.7197,11.1299,0.0338,0.1654,6570,Acceptable,TRUE
2023 Jan-Aug,5,Age x immigrant status,"25 to 54 | Immigrant, landed 10 years or less",Unemployment rate,6.5064,5.6684,7.3444,0.0644,0.1966,1763,Acceptable,TRUE
2023 Jan-Aug,5,Age x immigrant status,"25 to 54 | Immigrant, landed over 10 years",Unemployment rate,4.5547,4.0062,5.1032,0.0602,0.1287,1881,Acceptable,TRUE
2023 Jan-Aug,5,Age x immigrant status,25 to 54 | Non-immigrant (incl. non-permanent residents),Unemployment rate,4.3125,4.069,4.5559,0.0282,0.0571,10509,Acceptable,TRUE
2023 Jan-Aug,5,Age x immigrant status,"55 and over | Immigrant, landed 10 years or less",Unemployment rate,10.6474,6.6227,14.6721,0.189,0.9443,205,Marginal,TRUE
2023 Jan-Aug,5,Age x immigrant status,"55 and over | Immigrant, landed over 10 years",Unemployment rate,4.2945,3.5554,5.0335,0.086,0.1734,985,Acceptable,TRUE
2023 Jan-Aug,5,Age x immigrant status,55 and over | Non-immigrant (incl. non-permanent residents),Unemployment rate,4.5088,4.1451,4.8725,0.0403,0.0853,4728,Acceptable,TRUE
2023 Jan-Aug,5,Age x immigrant status,"15 to 24 | Immigrant, landed 10 years or less",Long-term share of unemployment,7.411,0.7979,14.0242,0.4462,1.5516,37,Suppressed,FALSE
2023 Jan-Aug,5,Age x immigrant status,"15 to 24 | Immigrant, landed over 10 years",Long-term share of unemployment,10.6839,2.0164,19.3514,0.4056,2.0336,41,Suppressed,FALSE
2023 Jan-Aug,5,Age x immigrant status,15 to 24 | Non-immigrant (incl. non-permanent residents),Long-term share of unemployment,7.8516,5.8302,9.873,0.1287,0.4743,518,Acceptable,TRUE
2023 Jan-Aug,5,Age x immigrant status,"25 to 54 | Immigrant, landed 10 years or less",Long-term share of unemployment,12.8564,8.3285,17.3843,0.1761,1.0623,233,Marginal,TRUE
2023 Jan-Aug,5,Age x immigrant status,"25 to 54 | Immigrant, landed over 10 years",Long-term share of unemployment,17.4419,12.6648,22.2191,0.1369,1.1208,324,Acceptable,TRUE
2023 Jan-Aug,5,Age x immigrant status,25 to 54 | Non-immigrant (incl. non-permanent residents),Long-term share of unemployment,16.3057,14.1107,18.5008,0.0673,0.515,1573,Acceptable,TRUE
2023 Jan-Aug,5,Age x immigrant status,"55 and over | Immigrant, landed 10 years or less",Long-term share of unemployment,27.8862,9.0538,46.7187,0.3377,4.4185,54,Marginal,TRUE
2023 Jan-Aug,5,Age x immigrant status,"55 and over | Immigrant, landed over 10 years",Long-term share of unemployment,32.2314,23.6069,40.856,0.1338,2.0235,265,Acceptable,TRUE
2023 Jan-Aug,5,Age x immigrant status,55 and over | Non-immigrant (incl. non-permanent residents),Long-term share of unemployment,19.8614,16.2794,23.4435,0.0902,0.8404,808,Acceptable,TRUE
2023 Jan-Aug,5,Age x immigrant status,"15 to 24 | Immigrant, landed 10 years or less",Long-term unemployment rate,0.925,0.0704,1.7797,0.4619,0.2005,37,Suppressed,FALSE
2023 Jan-Aug,5,Age x immigrant status,"15 to 24 | Immigrant, landed over 10 years",Long-term unemployment rate,1.2441,0.1752,2.313,0.4296,0.2508,41,Suppressed,FALSE
2023 Jan-Aug,5,Age x immigrant status,15 to 24 | Non-immigrant (incl. non-permanent residents),Long-term unemployment rate,0.7709,0.5653,0.9766,0.1334,0.0483,518,Acceptable,TRUE
2023 Jan-Aug,5,Age x immigrant status,"25 to 54 | Immigrant, landed 10 years or less",Long-term unemployment rate,0.8122,0.5137,1.1107,0.1837,0.07,233,Marginal,TRUE
2023 Jan-Aug,5,Age x immigrant status,"25 to 54 | Immigrant, landed over 10 years",Long-term unemployment rate,0.7579,0.5314,0.9844,0.1494,0.0531,324,Acceptable,TRUE
2023 Jan-Aug,5,Age x immigrant status,25 to 54 | Non-immigrant (incl. non-permanent residents),Long-term unemployment rate,0.6499,0.5557,0.7441,0.0725,0.0221,1573,Acceptable,TRUE
2023 Jan-Aug,5,Age x immigrant status,"55 and over | Immigrant, landed 10 years or less",Long-term unemployment rate,2.8906,0.7297,5.0514,0.3738,0.507,54,Suppressed,FALSE
2023 Jan-Aug,5,Age x immigrant status,"55 and over | Immigrant, landed over 10 years",Long-term unemployment rate,1.3102,0.87,1.7504,0.168,0.1033,265,Marginal,TRUE
2023 Jan-Aug,5,Age x immigrant status,55 and over | Non-immigrant (incl. non-permanent residents),Long-term unemployment rate,0.8349,0.6699,1,0.0988,0.0387,808,Acceptable,TRUE
2023 Jan-Aug,5,Age x immigrant status,"15 to 24 | Immigrant, landed 10 years or less",Long-term unemployed (people),2163.125,153.0979,4173.1521,0.4646,471.5897,37,Suppressed,FALSE
2023 Jan-Aug,5,Age x immigrant status,"15 to 24 | Immigrant, landed over 10 years",Long-term unemployed (people),2817.75,380.8584,5254.6416,0.4324,571.74,41,Suppressed,FALSE
2023 Jan-Aug,5,Age x immigrant status,15 to 24 | Non-immigrant (incl. non-permanent residents),Long-term unemployed (people),19886.125,14580.8713,25191.3787,0.1334,1244.711,518,Acceptable,TRUE
2023 Jan-Aug,5,Age x immigrant status,"25 to 54 | Immigrant, landed 10 years or less",Long-term unemployed (people),12203.875,7723.2933,16684.4567,0.1836,1051.2277,233,Marginal,TRUE
2023 Jan-Aug,5,Age x immigrant status,"25 to 54 | Immigrant, landed over 10 years",Long-term unemployed (people),18597.75,13031.0593,24164.4407,0.1497,1306.049,324,Acceptable,TRUE
2023 Jan-Aug,5,Age x immigrant status,25 to 54 | Non-immigrant (incl. non-permanent residents),Long-term unemployed (people),64326.5,54975.7195,73677.2805,0.0727,2193.8667,1573,Acceptable,TRUE
2023 Jan-Aug,5,Age x immigrant status,"55 and over | Immigrant, landed 10 years or less",Long-term unemployed (people),2462.25,589.6827,4334.8173,0.3803,439.3391,54,Suppressed,FALSE
2023 Jan-Aug,5,Age x immigrant status,"55 and over | Immigrant, landed over 10 years",Long-term unemployed (people),16264.5,10775.9608,21753.0392,0.1687,1287.7132,265,Marginal,TRUE
2023 Jan-Aug,5,Age x immigrant status,55 and over | Non-immigrant (incl. non-permanent residents),Long-term unemployed (people),26777.75,21475.5647,32079.9353,0.099,1243.9911,808,Acceptable,TRUE
2023 Jan-Aug,5,Age x immigrant status,"15 to 24 | Immigrant, landed 10 years or less",Unemployed (people),29794.125,23155.9732,36432.2768,0.1114,1557.4337,596,Acceptable,TRUE
2023 Jan-Aug,5,Age x immigrant status,"15 to 24 | Immigrant, landed over 10 years",Unemployed (people),27828.5,20878.631,34778.369,0.1249,1630.5683,525,Acceptable,TRUE
2023 Jan-Aug,5,Age x immigrant status,15 to 24 | Non-immigrant (incl. non-permanent residents),Unemployed (people),268912.625,250126.1846,287699.0654,0.0349,4407.6477,6570,Acceptable,TRUE
2023 Jan-Aug,5,Age x immigrant status,"25 to 54 | Immigrant, landed 10 years or less",Unemployed (people),97758,84920.1734,110595.8266,0.0657,3011.9925,1763,Acceptable,TRUE
2023 Jan-Aug,5,Age x immigrant status,"25 to 54 | Immigrant, landed over 10 years",Unemployed (people),111762.5,98038.2753,125486.7247,0.0614,3219.9579,1881,Acceptable,TRUE
2023 Jan-Aug,5,Age x immigrant status,25 to 54 | Non-immigrant (incl. non-permanent residents),Unemployed (people),426851.875,402494.0259,451209.7241,0.0285,5714.8036,10509,Acceptable,TRUE
2023 Jan-Aug,5,Age x immigrant status,"55 and over | Immigrant, landed 10 years or less",Unemployed (people),9069.75,5408.4682,12731.0318,0.2018,859.0047,205,Marginal,TRUE
2023 Jan-Aug,5,Age x immigrant status,"55 and over | Immigrant, landed over 10 years",Unemployed (people),53310.875,43940.7902,62680.9598,0.0879,2198.3959,985,Acceptable,TRUE
2023 Jan-Aug,5,Age x immigrant status,55 and over | Non-immigrant (incl. non-permanent residents),Unemployed (people),144605.125,132755.803,156454.447,0.041,2780.0709,4728,Acceptable,TRUE
2023 Jan-Aug,5,Province x age,Alberta | 15 to 24,Unemployment rate,11.8739,9.8065,13.9413,0.0871,0.485,736,Acceptable,TRUE
2023 Jan-Aug,5,Province x age,Alberta | 25 to 54,Unemployment rate,5.292,4.6271,5.9569,0.0628,0.156,1463,Acceptable,TRUE
2023 Jan-Aug,5,Province x age,Alberta | 55 and over,Unemployment rate,4.829,3.6545,6.0035,0.1216,0.2756,436,Acceptable,TRUE
2023 Jan-Aug,5,Province x age,British Columbia | 15 to 24,Unemployment rate,10.2259,8.435,12.0168,0.0876,0.4202,847,Acceptable,TRUE
2023 Jan-Aug,5,Province x age,British Columbia | 25 to 54,Unemployment rate,4.5431,3.9619,5.1243,0.064,0.1364,1677,Acceptable,TRUE
2023 Jan-Aug,5,Province x age,British Columbia | 55 and over,Unemployment rate,4.5656,3.6297,5.5016,0.1025,0.2196,681,Acceptable,TRUE
2023 Jan-Aug,5,Province x age,Manitoba | 15 to 24,Unemployment rate,9.2288,7.5249,10.9326,0.0923,0.3997,626,Acceptable,TRUE
2023 Jan-Aug,5,Province x age,Manitoba | 25 to 54,Unemployment rate,4.4563,3.807,5.1055,0.0728,0.1523,1028,Acceptable,TRUE
2023 Jan-Aug,5,Province x age,Manitoba | 55 and over,Unemployment rate,3.6744,2.6935,4.6552,0.1335,0.2301,316,Acceptable,TRUE
2023 Jan-Aug,5,Province x age,New Brunswick | 15 to 24,Unemployment rate,11.4694,8.7309,14.2079,0.1194,0.6425,364,Acceptable,TRUE
2023 Jan-Aug,5,Province x age,New Brunswick | 25 to 54,Unemployment rate,5.1718,4.2854,6.0582,0.0857,0.208,732,Acceptable,TRUE
2023 Jan-Aug,5,Province x age,New Brunswick | 55 and over,Unemployment rate,8.0606,6.5432,9.5781,0.0941,0.356,530,Acceptable,TRUE
2023 Jan-Aug,5,Province x age,Newfoundland and Labrador | 15 to 24,Unemployment rate,16.0512,12.5681,19.5343,0.1085,0.8172,411,Acceptable,TRUE
2023 Jan-Aug,5,Province x age,Newfoundland and Labrador | 25 to 54,Unemployment rate,7.9292,6.7846,9.0738,0.0722,0.2685,901,Acceptable,TRUE
2023 Jan-Aug,5,Province x age,Newfoundland and Labrador | 55 and over,Unemployment rate,13.2256,10.7935,15.6576,0.0919,0.5706,545,Acceptable,TRUE
2023 Jan-Aug,5,Province x age,Nova Scotia | 15 to 24,Unemployment rate,11.8673,9.2009,14.5338,0.1123,0.6256,383,Acceptable,TRUE
2023 Jan-Aug,5,Province x age,Nova Scotia | 25 to 54,Unemployment rate,5.3921,4.5577,6.2265,0.0774,0.1958,812,Acceptable,TRUE
2023 Jan-Aug,5,Province x age,Nova Scotia | 55 and over,Unemployment rate,6.0338,4.6833,7.3843,0.1119,0.3169,387,Acceptable,TRUE
2023 Jan-Aug,5,Province x age,Ontario | 15 to 24,Unemployment rate,12.4283,11.2238,13.6329,0.0485,0.2826,2797,Acceptable,TRUE
2023 Jan-Aug,5,Province x age,Ontario | 25 to 54,Unemployment rate,4.6597,4.3033,5.0161,0.0382,0.0836,4476,Acceptable,TRUE
2023 Jan-Aug,5,Province x age,Ontario | 55 and over,Unemployment rate,4.0006,3.4446,4.5566,0.0695,0.1304,1479,Acceptable,TRUE
2023 Jan-Aug,5,Province x age,Prince Edward Island | 15 to 24,Unemployment rate,12.3992,8.5378,16.2606,0.1557,0.906,195,Marginal,TRUE
2023 Jan-Aug,5,Province x age,Prince Edward Island | 25 to 54,Unemployment rate,6.173,4.7307,7.6153,0.1168,0.3384,395,Acceptable,TRUE
2023 Jan-Aug,5,Province x age,Prince Edward Island | 55 and over,Unemployment rate,7.6858,5.5692,9.8025,0.1377,0.4966,275,Acceptable,TRUE
2023 Jan-Aug,5,Province x age,Quebec | 15 to 24,Unemployment rate,7.2933,5.996,8.5906,0.0889,0.3044,922,Acceptable,TRUE
2023 Jan-Aug,5,Province x age,Quebec | 25 to 54,Unemployment rate,3.812,3.312,4.312,0.0656,0.1173,1783,Acceptable,TRUE
2023 Jan-Aug,5,Province x age,Quebec | 55 and over,Unemployment rate,4.518,3.716,5.3199,0.0887,0.1881,985,Acceptable,TRUE
2023 Jan-Aug,5,Province x age,Saskatchewan | 15 to 24,Unemployment rate,9.4483,7.4576,11.4391,0.1053,0.4671,410,Acceptable,TRUE
2023 Jan-Aug,5,Province x age,Saskatchewan | 25 to 54,Unemployment rate,4.3398,3.7007,4.9788,0.0736,0.1499,886,Acceptable,TRUE
2023 Jan-Aug,5,Province x age,Saskatchewan | 55 and over,Unemployment rate,3.8383,2.8325,4.844,0.131,0.236,284,Acceptable,TRUE
2023 Jan-Aug,5,Province x age,Alberta | 15 to 24,Long-term share of unemployment,9.7681,4.2165,15.3198,0.2842,1.3025,66,Marginal,TRUE
2023 Jan-Aug,5,Province x age,Alberta | 25 to 54,Long-term share of unemployment,16.2271,11.3657,21.0884,0.1498,1.1406,231,Acceptable,TRUE
2023 Jan-Aug,5,Province x age,Alberta | 55 and over,Long-term share of unemployment,22.1887,11.9669,32.4104,0.2303,2.3982,87,Marginal,TRUE
2023 Jan-Aug,5,Province x age,British Columbia | 15 to 24,Long-term share of unemployment,7.4529,2.8822,12.0237,0.3066,1.0724,66,Marginal,TRUE
2023 Jan-Aug,5,Province x age,British Columbia | 25 to 54,Long-term share of unemployment,15.6477,10.9146,20.3808,0.1512,1.1105,247,Marginal,TRUE
2023 Jan-Aug,5,Province x age,British Columbia | 55 and over,Long-term share of unemployment,26.4964,16.7391,36.2538,0.1841,2.2893,158,Marginal,TRUE
2023 Jan-Aug,5,Province x age,Manitoba | 15 to 24,Long-term share of unemployment,9.3143,4.1635,14.465,0.2765,1.2085,65,Marginal,TRUE
2023 Jan-Aug,5,Province x age,Manitoba | 25 to 54,Long-term share of unemployment,15.6794,9.7927,21.566,0.1877,1.3811,143,Marginal,TRUE
2023 Jan-Aug,5,Province x age,Manitoba | 55 and over,Long-term share of unemployment,27.7263,15.7406,39.7119,0.2161,2.8121,85,Marginal,TRUE
2023 Jan-Aug,5,Province x age,New Brunswick | 15 to 24,Long-term share of unemployment,8.8052,2.2096,15.4007,0.3745,1.5474,35,Suppressed,FALSE
2023 Jan-Aug,5,Province x age,New Brunswick | 25 to 54,Long-term share of unemployment,12.0613,6.1321,17.9905,0.2458,1.3911,83,Marginal,TRUE
2023 Jan-Aug,5,Province x age,New Brunswick | 55 and over,Long-term share of unemployment,13.537,6.2257,20.8484,0.27,1.7154,66,Marginal,TRUE
2023 Jan-Aug,5,Province x age,Newfoundland and Labrador | 15 to 24,Long-term share of unemployment,14.0154,5.4922,22.5385,0.3041,1.9997,55,Marginal,TRUE
2023 Jan-Aug,5,Province x age,Newfoundland and Labrador | 25 to 54,Long-term share of unemployment,21.5751,14.4631,28.6871,0.1648,1.6686,160,Marginal,TRUE
2023 Jan-Aug,5,Province x age,Newfoundland and Labrador | 55 and over,Long-term share of unemployment,17.4228,9.3094,25.5363,0.2328,1.9036,81,Marginal,TRUE
2023 Jan-Aug,5,Province x age,Nova Scotia | 15 to 24,Long-term share of unemployment,8.3531,1.0695,15.6366,0.436,1.7089,27,Suppressed,FALSE
2023 Jan-Aug,5,Province x age,Nova Scotia | 25 to 54,Long-term share of unemployment,14.8021,8.9496,20.6545,0.1977,1.3731,114,Marginal,TRUE
2023 Jan-Aug,5,Province x age,Nova Scotia | 55 and over,Long-term share of unemployment,21.1555,11.4939,30.8171,0.2283,2.2668,76,Marginal,TRUE
2023 Jan-Aug,5,Province x age,Ontario | 15 to 24,Long-term share of unemployment,8.3823,5.0907,11.6739,0.1963,0.7723,206,Marginal,TRUE
2023 Jan-Aug,5,Province x age,Ontario | 25 to 54,Long-term share of unemployment,17.9589,14.709,21.2088,0.0905,0.7625,795,Acceptable,TRUE
2023 Jan-Aug,5,Province x age,Ontario | 55 and over,Long-term share of unemployment,28.8642,21.9139,35.8144,0.1204,1.6307,344,Acceptable,TRUE
2023 Jan-Aug,5,Province x age,Prince Edward Island | 15 to 24,Long-term share of unemployment,8.122,-3.4962,19.7402,0.7152,2.7258,12,Suppressed,FALSE
2023 Jan-Aug,5,Province x age,Prince Edward Island | 25 to 54,Long-term share of unemployment,17.6901,7.3177,28.0624,0.2932,2.4335,53,Marginal,TRUE
2023 Jan-Aug,5,Province x age,Prince Edward Island | 55 and over,Long-term share of unemployment,11.9434,3.228,20.6588,0.3649,2.0448,37,Suppressed,FALSE
2023 Jan-Aug,5,Province x age,Quebec | 15 to 24,Long-term share of unemployment,4.5213,0.2272,8.8154,0.4749,1.0075,29,Suppressed,FALSE
2023 Jan-Aug,5,Province x age,Quebec | 25 to 54,Long-term share of unemployment,11.3838,6.7,16.0677,0.2057,1.0989,168,Marginal,TRUE
2023 Jan-Aug,5,Province x age,Quebec | 55 and over,Long-term share of unemployment,17.3542,10.268,24.4404,0.2042,1.6626,147,Marginal,TRUE
2023 Jan-Aug,5,Province x age,Saskatchewan | 15 to 24,Long-term share of unemployment,9.0663,2.4369,15.6958,0.3656,1.5554,35,Suppressed,FALSE
2023 Jan-Aug,5,Province x age,Saskatchewan | 25 to 54,Long-term share of unemployment,16.2314,10.5247,21.938,0.1758,1.3389,136,Marginal,TRUE
2023 Jan-Aug,5,Province x age,Saskatchewan | 55 and over,Long-term share of unemployment,17.9637,7.1456,28.7818,0.3011,2.5381,46,Marginal,TRUE
2023 Jan-Aug,5,Province x age,Alberta | 15 to 24,Long-term unemployment rate,1.1271,0.4558,1.7983,0.2978,0.1575,66,Marginal,TRUE
2023 Jan-Aug,5,Province x age,Alberta | 25 to 54,Long-term unemployment rate,0.8126,0.5475,1.0777,0.1631,0.0622,231,Marginal,TRUE
2023 Jan-Aug,5,Province x age,Alberta | 55 and over,Long-term unemployment rate,1.0208,0.4881,1.5535,0.2609,0.125,87,Marginal,TRUE
2023 Jan-Aug,5,Province x age,British Columbia | 15 to 24,Long-term unemployment rate,0.7191,0.2653,1.1728,0.3155,0.1065,66,Marginal,TRUE
2023 Jan-Aug,5,Province x age,British Columbia | 25 to 54,Long-term unemployment rate,0.6677,0.4486,0.8869,0.1641,0.0514,247,Marginal,TRUE
2023 Jan-Aug,5,Province x age,British Columbia | 55 and over,Long-term unemployment rate,1.1769,0.6676,1.6862,0.2164,0.1195,158,Marginal,TRUE
2023 Jan-Aug,5,Province x age,Manitoba | 15 to 24,Long-term unemployment rate,0.8272,0.3569,1.2976,0.2843,0.1104,65,Marginal,TRUE
2023 Jan-Aug,5,Province x age,Manitoba | 25 to 54,Long-term unemployment rate,0.6386,0.3798,0.8974,0.2026,0.0607,143,Marginal,TRUE
2023 Jan-Aug,5,Province x age,Manitoba | 55 and over,Long-term unemployment rate,0.9029,0.4614,1.3443,0.2445,0.1036,85,Marginal,TRUE
2023 Jan-Aug,5,Province x age,New Brunswick | 15 to 24,Long-term unemployment rate,0.9733,0.2285,1.7181,0.3826,0.1747,35,Suppressed,FALSE
2023 Jan-Aug,5,Province x age,New Brunswick | 25 to 54,Long-term unemployment rate,0.5726,0.2735,0.8717,0.2612,0.0702,83,Marginal,TRUE
2023 Jan-Aug,5,Province x age,New Brunswick | 55 and over,Long-term unemployment rate,1.0202,0.4268,1.6136,0.2908,0.1392,66,Marginal,TRUE
2023 Jan-Aug,5,Province x age,Newfoundland and Labrador | 15 to 24,Long-term unemployment rate,2.105,0.7642,3.4458,0.3185,0.3146,55,Marginal,TRUE
2023 Jan-Aug,5,Province x age,Newfoundland and Labrador | 25 to 54,Long-term unemployment rate,1.5483,0.986,2.1106,0.1816,0.1319,160,Marginal,TRUE
2023 Jan-Aug,5,Province x age,Newfoundland and Labrador | 55 and over,Long-term unemployment rate,2.0762,1.026,3.1263,0.2529,0.2464,81,Marginal,TRUE
2023 Jan-Aug,5,Province x age,Nova Scotia | 15 to 24,Long-term unemployment rate,0.8999,0.082,1.7177,0.4544,0.1919,27,Suppressed,FALSE
2023 Jan-Aug,5,Province x age,Nova Scotia | 25 to 54,Long-term unemployment rate,0.7113,0.4082,1.0144,0.213,0.0711,114,Marginal,TRUE
2023 Jan-Aug,5,Province x age,Nova Scotia | 55 and over,Long-term unemployment rate,1.1745,0.5778,1.7711,0.254,0.14,76,Marginal,TRUE
2023 Jan-Aug,5,Province x age,Ontario | 15 to 24,Long-term unemployment rate,0.9912,0.5873,1.3951,0.2037,0.0948,206,Marginal,TRUE
2023 Jan-Aug,5,Province x age,Ontario | 25 to 54,Long-term unemployment rate,0.7959,0.6443,0.9474,0.0952,0.0356,795,Acceptable,TRUE
2023 Jan-Aug,5,Province x age,Ontario | 55 and over,Long-term unemployment rate,1.0826,0.7686,1.3966,0.145,0.0737,344,Acceptable,TRUE
2023 Jan-Aug,5,Province x age,Prince Edward Island | 15 to 24,Long-term unemployment rate,0.909,-0.4317,2.2497,0.7374,0.3146,12,Suppressed,FALSE
2023 Jan-Aug,5,Province x age,Prince Edward Island | 25 to 54,Long-term unemployment rate,0.9218,0.3264,1.5173,0.323,0.1397,53,Marginal,TRUE
2023 Jan-Aug,5,Province x age,Prince Edward Island | 55 and over,Long-term unemployment rate,0.8179,0.1831,1.4527,0.3881,0.1489,37,Suppressed,FALSE
2023 Jan-Aug,5,Province x age,Quebec | 15 to 24,Long-term unemployment rate,0.3006,0.013,0.5882,0.4783,0.0675,29,Suppressed,FALSE
2023 Jan-Aug,5,Province x age,Quebec | 25 to 54,Long-term unemployment rate,0.398,0.2235,0.5724,0.2192,0.0409,168,Marginal,TRUE
2023 Jan-Aug,5,Province x age,Quebec | 55 and over,Long-term unemployment rate,0.7281,0.4028,1.0533,0.2234,0.0763,147,Marginal,TRUE
2023 Jan-Aug,5,Province x age,Saskatchewan | 15 to 24,Long-term unemployment rate,0.8058,0.1938,1.4178,0.3798,0.1436,35,Suppressed,FALSE
2023 Jan-Aug,5,Province x age,Saskatchewan | 25 to 54,Long-term unemployment rate,0.6502,0.4041,0.8962,0.1892,0.0577,136,Marginal,TRUE
2023 Jan-Aug,5,Province x age,Saskatchewan | 55 and over,Long-term unemployment rate,0.634,0.211,1.057,0.3336,0.0992,46,Marginal,TRUE
2023 Jan-Aug,5,Province x age,Alberta | 15 to 24,Long-term unemployed (people),4018.125,1620.4892,6415.7608,0.2984,562.5299,66,Marginal,TRUE
2023 Jan-Aug,5,Province x age,Alberta | 25 to 54,Long-term unemployed (people),14045.625,9462.7829,18628.4671,0.1631,1075.2198,231,Marginal,TRUE
2023 Jan-Aug,5,Province x age,Alberta | 55 and over,Long-term unemployed (people),5159.25,2466.1647,7852.3353,0.261,631.8478,87,Marginal,TRUE
2023 Jan-Aug,5,Province x age,British Columbia | 15 to 24,Long-term unemployed (people),2897.25,1067.507,4726.993,0.3158,429.2917,66,Marginal,TRUE
2023 Jan-Aug,5,Province x age,British Columbia | 25 to 54,Long-term unemployed (people),13078.75,8784.1185,17373.3815,0.1642,1007.6003,247,Marginal,TRUE
2023 Jan-Aug,5,Province x age,British Columbia | 55 and over,Long-term unemployed (people),7367.5,4179.2531,10555.7469,0.2164,748.0219,158,Marginal,TRUE
2023 Jan-Aug,5,Province x age,Manitoba | 15 to 24,Long-term unemployed (people),1033.125,445.2073,1621.0427,0.2845,137.9364,65,Marginal,TRUE
2023 Jan-Aug,5,Province x age,Manitoba | 25 to 54,Long-term unemployed (people),3019.75,1796.2729,4243.2271,0.2026,287.0504,143,Marginal,TRUE
2023 Jan-Aug,5,Province x age,Manitoba | 55 and over,Long-term unemployed (people),1297,660.7764,1933.2236,0.2453,149.2699,85,Marginal,TRUE
2023 Jan-Aug,5,Province x age,New Brunswick | 15 to 24,Long-term unemployed (people),585.5,137.4422,1033.5578,0.3826,105.1227,35,Suppressed,FALSE
2023 Jan-Aug,5,Province x age,New Brunswick | 25 to 54,Long-term unemployed (people),1477.75,705.3122,2250.1878,0.2614,181.2282,83,Marginal,TRUE
2023 Jan-Aug,5,Province x age,New Brunswick | 55 and over,Long-term unemployed (people),990.25,412.5089,1567.9911,0.2917,135.5488,66,Marginal,TRUE
2023 Jan-Aug,5,Province x age,Newfoundland and Labrador | 15 to 24,Long-term unemployed (people),724.875,257.3532,1192.3968,0.3225,109.6893,55,Marginal,TRUE
2023 Jan-Aug,5,Province x age,Newfoundland and Labrador | 25 to 54,Long-term unemployed (people),2552.25,1626.1748,3478.3252,0.1814,217.2744,160,Marginal,TRUE
2023 Jan-Aug,5,Province x age,Newfoundland and Labrador | 55 and over,Long-term unemployed (people),1339.25,657.6778,2020.8222,0.2545,159.9095,81,Marginal,TRUE
2023 Jan-Aug,5,Province x age,Nova Scotia | 15 to 24,Long-term unemployed (people),687.75,61.7447,1313.7553,0.4551,146.8725,27,Suppressed,FALSE
2023 Jan-Aug,5,Province x age,Nova Scotia | 25 to 54,Long-term unemployed (people),2396.75,1376.364,3417.136,0.2129,239.4015,114,Marginal,TRUE
2023 Jan-Aug,5,Province x age,Nova Scotia | 55 and over,Long-term unemployed (people),1460.125,714.9759,2205.2741,0.2552,174.8258,76,Marginal,TRUE
2023 Jan-Aug,5,Province x age,Ontario | 15 to 24,Long-term unemployed (people),12065.75,7134.1076,16997.3924,0.2044,1157.0549,206,Marginal,TRUE
2023 Jan-Aug,5,Province x age,Ontario | 25 to 54,Long-term unemployed (people),43434.375,35162.281,51706.469,0.0952,1940.7868,795,Acceptable,TRUE
2023 Jan-Aug,5,Province x age,Ontario | 55 and over,Long-term unemployed (people),19393.875,13751.2182,25036.5318,0.1455,1323.8721,344,Acceptable,TRUE
2023 Jan-Aug,5,Province x age,Prince Edward Island | 15 to 24,Long-term unemployed (people),143.75,-68.3686,355.8686,0.7378,49.767,12,Suppressed,FALSE
2023 Jan-Aug,5,Province x age,Prince Edward Island | 25 to 54,Long-term unemployed (people),522.875,185.4195,860.3305,0.3227,79.1733,53,Marginal,TRUE
2023 Jan-Aug,5,Province x age,Prince Edward Island | 55 and over,Long-term unemployed (people),185.75,40.8347,330.6653,0.3901,33.9998,37,Suppressed,FALSE
2023 Jan-Aug,5,Province x age,Quebec | 15 to 24,Long-term unemployed (people),1990.25,82.3935,3898.1065,0.4793,447.6186,29,Suppressed,FALSE
2023 Jan-Aug,5,Province x age,Quebec | 25 to 54,Long-term unemployed (people),12053.625,6768.9849,17338.2651,0.2192,1239.8747,168,Marginal,TRUE
2023 Jan-Aug,5,Province x age,Quebec | 55 and over,Long-term unemployed (people),7474.75,4115.2988,10834.2012,0.2247,788.1896,147,Marginal,TRUE
2023 Jan-Aug,5,Province x age,Saskatchewan | 15 to 24,Long-term unemployed (people),720.625,172.6034,1268.6466,0.3802,128.576,35,Suppressed,FALSE
2023 Jan-Aug,5,Province x age,Saskatchewan | 25 to 54,Long-term unemployed (people),2546.375,1584.672,3508.078,0.1888,225.6334,136,Marginal,TRUE
2023 Jan-Aug,5,Province x age,Saskatchewan | 55 and over,Long-term unemployed (people),836.75,280.7756,1392.7244,0.3322,130.4419,46,Marginal,TRUE
2023 Jan-Aug,5,Province x age,Alberta | 15 to 24,Unemployed (people),42332.25,34789.1079,49875.3921,0.0891,1769.7612,736,Acceptable,TRUE
2023 Jan-Aug,5,Province x age,Alberta | 25 to 54,Unemployed (people),91473.25,79964.9937,102981.5063,0.0629,2700.0506,1463,Acceptable,TRUE
2023 Jan-Aug,5,Province x age,Alberta | 55 and over,Unemployed (people),24405.5,18436.7945,30374.2055,0.1223,1400.3691,436,Acceptable,TRUE
2023 Jan-Aug,5,Province x age,British Columbia | 15 to 24,Unemployed (people),41201.75,33814.6324,48588.8676,0.0896,1733.1549,847,Acceptable,TRUE
2023 Jan-Aug,5,Province x age,British Columbia | 25 to 54,Unemployed (people),88983,77568.6573,100397.3427,0.0641,2678.0167,1677,Acceptable,TRUE
2023 Jan-Aug,5,Province x age,British Columbia | 55 and over,Unemployed (people),28581.375,22702.8874,34459.8626,0.1028,1379.2023,681,Acceptable,TRUE
2023 Jan-Aug,5,Province x age,Manitoba | 15 to 24,Unemployed (people),11525.875,9367.1022,13684.6478,0.0936,506.4882,626,Acceptable,TRUE
2023 Jan-Aug,5,Province x age,Manitoba | 25 to 54,Unemployed (people),21072,18001.3236,24142.6764,0.0729,720.4377,1028,Acceptable,TRUE
2023 Jan-Aug,5,Province x age,Manitoba | 55 and over,Unemployed (people),5278.375,3860.7598,6695.9902,0.1343,332.5988,316,Acceptable,TRUE
2023 Jan-Aug,5,Province x age,New Brunswick | 15 to 24,Unemployed (people),6899.75,5242.8386,8556.6614,0.1201,388.7422,364,Acceptable,TRUE
2023 Jan-Aug,5,Province x age,New Brunswick | 25 to 54,Unemployed (people),13347.75,11052.1295,15643.3705,0.086,538.5952,732,Acceptable,TRUE
2023 Jan-Aug,5,Province x age,New Brunswick | 55 and over,Unemployed (people),7824,6312.5263,9335.4737,0.0966,354.6198,530,Acceptable,TRUE
2023 Jan-Aug,5,Province x age,Newfoundland and Labrador | 15 to 24,Unemployed (people),5527.375,4266.254,6788.496,0.1141,295.8824,411,Acceptable,TRUE
2023 Jan-Aug,5,Province x age,Newfoundland and Labrador | 25 to 54,Unemployed (people),13070.375,11174.2419,14966.5081,0.0725,444.868,901,Acceptable,TRUE
2023 Jan-Aug,5,Province x age,Newfoundland and Labrador | 55 and over,Unemployed (people),8531.25,6896.2981,10166.2019,0.0958,383.5901,545,Acceptable,TRUE
2023 Jan-Aug,5,Province x age,Nova Scotia | 15 to 24,Unemployed (people),9070.125,6983.7033,11156.5467,0.115,489.5133,383,Acceptable,TRUE
2023 Jan-Aug,5,Province x age,Nova Scotia | 25 to 54,Unemployed (people),18169,15352.3571,20985.6429,0.0775,660.8367,812,Acceptable,TRUE
2023 Jan-Aug,5,Province x age,Nova Scotia | 55 and over,Unemployed (people),7501.375,5792.5854,9210.1646,0.1139,400.9138,387,Acceptable,TRUE
2023 Jan-Aug,5,Province x age,Ontario | 15 to 24,Unemployed (people),151281.125,136145.248,166417.002,0.05,3551.1577,2797,Acceptable,TRUE
2023 Jan-Aug,5,Province x age,Ontario | 25 to 54,Unemployed (people),254304.5,234743.1717,273865.8283,0.0385,4589.4508,4476,Acceptable,TRUE
2023 Jan-Aug,5,Province x age,Ontario | 55 and over,Unemployed (people),71667.75,61596.5783,81738.9217,0.0703,2362.8839,1479,Acceptable,TRUE
2023 Jan-Aug,5,Province x age,Prince Edward Island | 15 to 24,Unemployed (people),1960.75,1332.9172,2588.5828,0.1601,147.3012,195,Marginal,TRUE
2023 Jan-Aug,5,Province x age,Prince Edward Island | 25 to 54,Unemployed (people),3501.375,2683.8999,4318.8501,0.1167,191.7948,395,Acceptable,TRUE
2023 Jan-Aug,5,Province x age,Prince Edward Island | 55 and over,Unemployed (people),1745.5,1254.8618,2236.1382,0.1405,115.1128,275,Acceptable,TRUE
2023 Jan-Aug,5,Province x age,Quebec | 15 to 24,Unemployed (people),48286.625,39558.4127,57014.8373,0.0904,2047.8007,922,Acceptable,TRUE
2023 Jan-Aug,5,Province x age,Quebec | 25 to 54,Unemployed (people),115454,100277.1383,130630.8617,0.0657,3560.7735,1783,Acceptable,TRUE
2023 Jan-Aug,5,Province x age,Quebec | 55 and over,Unemployed (people),46385,38088.4117,54681.5883,0.0894,1946.5337,985,Acceptable,TRUE
2023 Jan-Aug,5,Province x age,Saskatchewan | 15 to 24,Unemployed (people),8449.625,6639.3294,10259.9206,0.1071,424.729,410,Acceptable,TRUE
2023 Jan-Aug,5,Province x age,Saskatchewan | 25 to 54,Unemployed (people),16997.125,14486.2178,19508.0322,0.0739,589.1054,886,Acceptable,TRUE
2023 Jan-Aug,5,Province x age,Saskatchewan | 55 and over,Unemployed (people),5065.625,3732.3276,6398.9224,0.1316,312.8163,284,Acceptable,TRUE
2025 Jan-Aug,6,Canada,Canada,Unemployment rate,7.067,6.8689,7.2651,0.014,0.0465,38917,Acceptable,TRUE
2025 Jan-Aug,6,Canada,Canada,Long-term share of unemployment,23.2464,21.9517,24.5411,0.0278,0.3038,8013,Acceptable,TRUE
2025 Jan-Aug,6,Canada,Canada,Long-term unemployment rate,1.573,1.4748,1.6711,0.0312,0.023,8013,Acceptable,TRUE
2025 Jan-Aug,6,Canada,Canada,Long-term unemployed (people),355454.125,333269.5422,377638.7078,0.0312,5204.915,8013,Acceptable,TRUE
2025 Jan-Aug,6,Canada,Canada,Unemployed (people),1596974.375,1551839.215,1642109.535,0.0141,10589.5465,38917,Acceptable,TRUE
2025 Jan-Aug,6,Province,Alberta,Unemployment rate,7.4743,6.8449,8.1036,0.0421,0.1477,3155,Acceptable,TRUE
2025 Jan-Aug,6,Province,British Columbia,Unemployment rate,6.2892,5.8103,6.7682,0.0381,0.1124,4623,Acceptable,TRUE
2025 Jan-Aug,6,Province,Manitoba,Unemployment rate,6.0523,5.4754,6.6292,0.0477,0.1354,2404,Acceptable,TRUE
2025 Jan-Aug,6,Province,New Brunswick,Unemployment rate,7.4156,6.721,8.1102,0.0468,0.163,2187,Acceptable,TRUE
2025 Jan-Aug,6,Province,Newfoundland and Labrador,Unemployment rate,10.4444,9.4134,11.4753,0.0494,0.2419,2227,Acceptable,TRUE
2025 Jan-Aug,6,Province,Nova Scotia,Unemployment rate,6.8202,6.1385,7.5019,0.05,0.1599,1844,Acceptable,TRUE
2025 Jan-Aug,6,Province,Ontario,Unemployment rate,7.9323,7.5729,8.2917,0.0227,0.0843,13640,Acceptable,TRUE
2025 Jan-Aug,6,Province,Prince Edward Island,Unemployment rate,8.0465,6.9778,9.1151,0.0664,0.2507,1074,Acceptable,TRUE
2025 Jan-Aug,6,Province,Quebec,Unemployment rate,5.9707,5.5641,6.3773,0.0341,0.0954,5944,Acceptable,TRUE
2025 Jan-Aug,6,Province,Saskatchewan,Unemployment rate,5.1383,4.6178,5.6588,0.0507,0.1221,1819,Acceptable,TRUE
2025 Jan-Aug,6,Province,Alberta,Long-term share of unemployment,23.8892,20.1578,27.6206,0.0781,0.8755,723,Acceptable,TRUE
2025 Jan-Aug,6,Province,British Columbia,Long-term share of unemployment,19.9083,16.8545,22.9621,0.0767,0.7165,884,Acceptable,TRUE
2025 Jan-Aug,6,Province,Manitoba,Long-term share of unemployment,18.9397,15.0163,22.8631,0.1036,0.9205,449,Acceptable,TRUE
2025 Jan-Aug,6,Province,New Brunswick,Long-term share of unemployment,17.6747,13.8146,21.5348,0.1092,0.9057,360,Acceptable,TRUE
2025 Jan-Aug,6,Province,Newfoundland and Labrador,Long-term share of unemployment,20.0657,15.9063,24.2251,0.1036,0.9759,406,Acceptable,TRUE
2025 Jan-Aug,6,Province,Nova Scotia,Long-term share of unemployment,19.2157,14.9723,23.4591,0.1104,0.9956,331,Acceptable,TRUE
2025 Jan-Aug,6,Province,Ontario,Long-term share of unemployment,26.7161,24.5954,28.8368,0.0397,0.4976,3403,Acceptable,TRUE
2025 Jan-Aug,6,Province,Prince Edward Island,Long-term share of unemployment,17.7916,12.1285,23.4548,0.1592,1.3287,177,Marginal,TRUE
2025 Jan-Aug,6,Province,Quebec,Long-term share of unemployment,19.5472,16.5034,22.591,0.0779,0.7141,988,Acceptable,TRUE
2025 Jan-Aug,6,Province,Saskatchewan,Long-term share of unemployment,16.8924,12.8115,20.9733,0.1208,0.9574,292,Acceptable,TRUE
2025 Jan-Aug,6,Province,Alberta,Long-term unemployment rate,1.72,1.4189,2.021,0.0875,0.0706,723,Acceptable,TRUE
2025 Jan-Aug,6,Province,British Columbia,Long-term unemployment rate,1.1944,0.9933,1.3954,0.0842,0.0472,884,Acceptable,TRUE
2025 Jan-Aug,6,Province,Manitoba,Long-term unemployment rate,1.0763,0.8345,1.3181,0.1123,0.0567,449,Acceptable,TRUE
2025 Jan-Aug,6,Province,New Brunswick,Long-term unemployment rate,1.2112,0.9178,1.5047,0.1211,0.0688,360,Acceptable,TRUE
2025 Jan-Aug,6,Province,Newfoundland and Labrador,Long-term unemployment rate,1.9542,1.4983,2.4101,0.1166,0.107,406,Acceptable,TRUE
2025 Jan-Aug,6,Province,Nova Scotia,Long-term unemployment rate,1.2185,0.9249,1.5121,0.1205,0.0689,331,Acceptable,TRUE
2025 Jan-Aug,6,Province,Ontario,Long-term unemployment rate,2.0429,1.8561,2.2297,0.0457,0.0438,3403,Acceptable,TRUE
2025 Jan-Aug,6,Province,Prince Edward Island,Long-term unemployment rate,1.3277,0.8606,1.7948,0.1759,0.1096,177,Marginal,TRUE
2025 Jan-Aug,6,Province,Quebec,Long-term unemployment rate,1.1149,0.924,1.3057,0.0856,0.0448,988,Acceptable,TRUE
2025 Jan-Aug,6,Province,Saskatchewan,Long-term unemployment rate,0.8187,0.5988,1.0386,0.1343,0.0516,292,Acceptable,TRUE
2025 Jan-Aug,6,Province,Alberta,Long-term unemployed (people),47831,39408.6032,56253.3968,0.088,1976.0507,723,Acceptable,TRUE
2025 Jan-Aug,6,Province,British Columbia,Long-term unemployed (people),37591.875,31248.6889,43935.0611,0.0844,1488.2292,884,Acceptable,TRUE
2025 Jan-Aug,6,Province,Manitoba,Long-term unemployed (people),8420.875,6528.2834,10313.4666,0.1124,444.0371,449,Acceptable,TRUE
2025 Jan-Aug,6,Province,New Brunswick,Long-term unemployed (people),5291.125,4007.1496,6575.1004,0.1213,301.2445,360,Acceptable,TRUE
2025 Jan-Aug,6,Province,Newfoundland and Labrador,Long-term unemployed (people),5353.125,4098.0642,6608.1858,0.1172,294.4606,406,Acceptable,TRUE
2025 Jan-Aug,6,Province,Nova Scotia,Long-term unemployed (people),6848.875,5192.8683,8504.8817,0.1209,388.5299,331,Acceptable,TRUE
2025 Jan-Aug,6,Province,Ontario,Long-term unemployed (people),182487.75,165762.6953,199212.8047,0.0458,3924.0083,3403,Acceptable,TRUE
2025 Jan-Aug,6,Province,Prince Edward Island,Long-term unemployed (people),1350.875,874.3041,1827.4459,0.1764,111.8124,177,Marginal,TRUE
2025 Jan-Aug,6,Province,Quebec,Long-term unemployed (people),54957.875,45540.6958,64375.0542,0.0857,2209.4451,988,Acceptable,TRUE
2025 Jan-Aug,6,Province,Saskatchewan,Long-term unemployed (people),5320.75,3892.4539,6749.0461,0.1342,335.1048,292,Acceptable,TRUE
2025 Jan-Aug,6,Province,Alberta,Unemployed (people),207851.375,190065.9086,225636.8414,0.0428,4172.8006,3155,Acceptable,TRUE
2025 Jan-Aug,6,Province,British Columbia,Unemployed (people),197951.375,182748.7804,213153.9696,0.0384,3566.8109,4623,Acceptable,TRUE
2025 Jan-Aug,6,Province,Manitoba,Unemployed (people),47353.125,42796.9019,51909.3481,0.0481,1068.9745,2404,Acceptable,TRUE
2025 Jan-Aug,6,Province,New Brunswick,Unemployed (people),32394.625,29323.153,35466.097,0.0474,720.6244,2187,Acceptable,TRUE
2025 Jan-Aug,6,Province,Newfoundland and Labrador,Unemployed (people),28610.5,25742.8249,31478.1751,0.0501,672.8098,2227,Acceptable,TRUE
2025 Jan-Aug,6,Province,Nova Scotia,Unemployed (people),38334.75,34466.9527,42202.5473,0.0504,907.4571,1844,Acceptable,TRUE
2025 Jan-Aug,6,Province,Ontario,Unemployed (people),708567.875,676131.5723,741004.1777,0.0229,7610.1588,13640,Acceptable,TRUE
2025 Jan-Aug,6,Province,Prince Edward Island,Unemployed (people),8186.875,7083.9329,9289.8171,0.0674,258.7707,1074,Acceptable,TRUE
2025 Jan-Aug,6,Province,Quebec,Unemployed (people),294330.375,274129.204,314531.546,0.0343,4739.5698,5944,Acceptable,TRUE
2025 Jan-Aug,6,Province,Saskatchewan,Unemployed (people),33393.5,29974.5742,36812.4258,0.0512,802.1435,1819,Acceptable,TRUE
2025 Jan-Aug,6,Age,15 to 24,Unemployment rate,14.3673,13.6278,15.1068,0.0257,0.1735,11230,Acceptable,TRUE
2025 Jan-Aug,6,Age,25 to 54,Unemployment rate,5.9932,5.7597,6.2268,0.0195,0.0548,20477,Acceptable,TRUE
2025 Jan-Aug,6,Age,55 and over,Unemployment rate,5.3955,5.0366,5.7544,0.0333,0.0842,7210,Acceptable,TRUE
2025 Jan-Aug,6,Age,15 to 24,Long-term share of unemployment,16.1909,14.1267,18.2552,0.0637,0.4843,1629,Acceptable,TRUE
2025 Jan-Aug,6,Age,25 to 54,Long-term share of unemployment,25.167,23.342,26.9921,0.0363,0.4282,4554,Acceptable,TRUE
2025 Jan-Aug,6,Age,55 and over,Long-term share of unemployment,29.755,26.4132,33.0967,0.0562,0.784,1830,Acceptable,TRUE
2025 Jan-Aug,6,Age,15 to 24,Long-term unemployment rate,2.2425,1.9312,2.5538,0.0694,0.073,1629,Acceptable,TRUE
2025 Jan-Aug,6,Age,25 to 54,Long-term unemployment rate,1.4443,1.3247,1.564,0.0414,0.0281,4554,Acceptable,TRUE
2025 Jan-Aug,6,Age,55 and over,Long-term unemployment rate,1.517,1.3146,1.7194,0.0667,0.0475,1830,Acceptable,TRUE
2025 Jan-Aug,6,Age,15 to 24,Long-term unemployed (people),72319,62258.6155,82379.3845,0.0696,2360.353,1629,Acceptable,TRUE
2025 Jan-Aug,6,Age,25 to 54,Long-term unemployed (people),213575.875,195910.9724,231240.7776,0.0414,4144.5141,4554,Acceptable,TRUE
2025 Jan-Aug,6,Age,55 and over,Long-term unemployed (people),69559.25,60246.0849,78872.4151,0.0669,2185.0414,1830,Acceptable,TRUE
2025 Jan-Aug,6,Age,15 to 24,Unemployed (people),463337.25,438775.8733,487898.6267,0.0265,5762.555,11230,Acceptable,TRUE
2025 Jan-Aug,6,Age,25 to 54,Unemployed (people),886234.75,851586.7412,920882.7588,0.0195,8129.0661,20477,Acceptable,TRUE
2025 Jan-Aug,6,Age,55 and over,Unemployed (people),247402.375,230736.6742,264068.0758,0.0337,3910.0828,7210,Acceptable,TRUE
2025 Jan-Aug,6,Gender,Men+,Unemployment rate,7.409,7.1386,7.6794,0.0182,0.0634,21573,Acceptable,TRUE
2025 Jan-Aug,6,Gender,Women+,Unemployment rate,6.6815,6.3969,6.9662,0.0213,0.0668,17344,Acceptable,TRUE
2025 Jan-Aug,6,Gender,Men+,Long-term share of unemployment,23.9941,22.1975,25.7908,0.0374,0.4215,4617,Acceptable,TRUE
2025 Jan-Aug,6,Gender,Women+,Long-term share of unemployment,22.2982,20.3367,24.2597,0.044,0.4602,3396,Acceptable,TRUE
2025 Jan-Aug,6,Gender,Men+,Long-term unemployment rate,1.713,1.569,1.8569,0.042,0.0338,4617,Acceptable,TRUE
2025 Jan-Aug,6,Gender,Women+,Long-term unemployment rate,1.4152,1.2749,1.5555,0.0496,0.0329,3396,Acceptable,TRUE
2025 Jan-Aug,6,Gender,Men+,Long-term unemployed (people),205129.875,187909.8618,222349.8882,0.042,4040.1348,4617,Acceptable,TRUE
2025 Jan-Aug,6,Gender,Women+,Long-term unemployed (people),150324.25,135392.9321,165255.5679,0.0497,3503.1644,3396,Acceptable,TRUE
2025 Jan-Aug,6,Gender,Men+,Unemployed (people),887239.75,854619.3046,919860.1954,0.0184,7653.3621,21573,Acceptable,TRUE
2025 Jan-Aug,6,Gender,Women+,Unemployed (people),709734.625,679234.6026,740234.6474,0.0215,7155.8715,17344,Acceptable,TRUE
2025 Jan-Aug,6,Immigrant status,"Immigrant, landed 10 years or less",Unemployment rate,9.9915,9.2106,10.7723,0.0391,0.1832,4681,Acceptable,TRUE
2025 Jan-Aug,6,Immigrant status,"Immigrant, landed over 10 years",Unemployment rate,6.5085,6.0462,6.9708,0.0355,0.1085,5158,Acceptable,TRUE
2025 Jan-Aug,6,Immigrant status,Non-immigrant (incl. non-permanent residents),Unemployment rate,6.7957,6.5731,7.0183,0.0164,0.0522,29078,Acceptable,TRUE
2025 Jan-Aug,6,Immigrant status,"Immigrant, landed 10 years or less",Long-term share of unemployment,25.029,21.3658,28.6923,0.0732,0.8595,1137,Acceptable,TRUE
2025 Jan-Aug,6,Immigrant status,"Immigrant, landed over 10 years",Long-term share of unemployment,27.0657,23.6514,30.4799,0.0631,0.801,1328,Acceptable,TRUE
2025 Jan-Aug,6,Immigrant status,Non-immigrant (incl. non-permanent residents),Long-term share of unemployment,21.9139,20.4163,23.4114,0.0342,0.3514,5548,Acceptable,TRUE
2025 Jan-Aug,6,Immigrant status,"Immigrant, landed 10 years or less",Long-term unemployment rate,2.4565,2.0499,2.8632,0.0828,0.0954,1137,Acceptable,TRUE
2025 Jan-Aug,6,Immigrant status,"Immigrant, landed over 10 years",Long-term unemployment rate,1.7148,1.4653,1.9643,0.0727,0.0585,1328,Acceptable,TRUE
2025 Jan-Aug,6,Immigrant status,Non-immigrant (incl. non-permanent residents),Long-term unemployment rate,1.4124,1.3041,1.5208,0.0384,0.0254,5548,Acceptable,TRUE
2025 Jan-Aug,6,Immigrant status,"Immigrant, landed 10 years or less",Long-term unemployed (people),56180.875,46819.4335,65542.3165,0.0833,2196.368,1137,Acceptable,TRUE
2025 Jan-Aug,6,Immigrant status,"Immigrant, landed over 10 years",Long-term unemployed (people),70308.75,59940.9093,80676.5907,0.0737,2432.4879,1328,Acceptable,TRUE
2025 Jan-Aug,6,Immigrant status,Non-immigrant (incl. non-permanent residents),Long-term unemployed (people),228964.5,211315.6753,246613.3247,0.0385,4140.7419,5548,Acceptable,TRUE
2025 Jan-Aug,6,Immigrant status,"Immigrant, landed 10 years or less",Unemployed (people),228506.375,209947.4009,247065.3491,0.0406,4354.2799,4681,Acceptable,TRUE
2025 Jan-Aug,6,Immigrant status,"Immigrant, landed over 10 years",Unemployed (people),266850.25,247150.2994,286550.2006,0.0369,4621.9742,5158,Acceptable,TRUE
2025 Jan-Aug,6,Immigrant status,Non-immigrant (incl. non-permanent residents),Unemployed (people),1101617.75,1064924.3099,1138311.1901,0.0167,8608.9623,29078,Acceptable,TRUE
2025 Jan-Aug,6,Education,Bachelor's or above,Unemployment rate,5.4537,5.1452,5.7623,0.0283,0.0724,9235,Acceptable,TRUE
2025 Jan-Aug,6,Education,High school or less,Unemployment rate,10.7272,10.2673,11.1871,0.0214,0.1079,15827,Acceptable,TRUE
2025 Jan-Aug,6,Education,"Some postsecondary, certificate or diploma",Unemployment rate,6.2918,5.9976,6.5861,0.0234,0.069,13855,Acceptable,TRUE
2025 Jan-Aug,6,Education,Bachelor's or above,Long-term share of unemployment,27.4469,24.7654,30.1284,0.0488,0.6291,2243,Acceptable,TRUE
2025 Jan-Aug,6,Education,High school or less,Long-term share of unemployment,21.5872,19.6108,23.5636,0.0458,0.4637,3077,Acceptable,TRUE
2025 Jan-Aug,6,Education,"Some postsecondary, certificate or diploma",Long-term share of unemployment,21.5741,19.5535,23.5947,0.0468,0.4741,2693,Acceptable,TRUE
2025 Jan-Aug,6,Education,Bachelor's or above,Long-term unemployment rate,1.4336,1.2705,1.5967,0.0569,0.0383,2243,Acceptable,TRUE
2025 Jan-Aug,6,Education,High school or less,Long-term unemployment rate,2.229,2.0053,2.4528,0.0502,0.0525,3077,Acceptable,TRUE
2025 Jan-Aug,6,Education,"Some postsecondary, certificate or diploma",Long-term unemployment rate,1.292,1.158,1.426,0.0519,0.0314,2693,Acceptable,TRUE
2025 Jan-Aug,6,Education,Bachelor's or above,Long-term unemployed (people),119159.375,105568.4194,132750.3306,0.057,3188.6905,2243,Acceptable,TRUE
2025 Jan-Aug,6,Education,High school or less,Long-term unemployed (people),123044.25,110582.5933,135505.9067,0.0506,2923.736,3077,Acceptable,TRUE
2025 Jan-Aug,6,Education,"Some postsecondary, certificate or diploma",Long-term unemployed (people),113250.5,101453.3763,125047.6237,0.0521,2767.8243,2693,Acceptable,TRUE
2025 Jan-Aug,6,Education,Bachelor's or above,Unemployed (people),453318.625,427367.5359,479269.7141,0.0286,6088.6073,9235,Acceptable,TRUE
2025 Jan-Aug,6,Education,High school or less,Unemployed (people),592148.75,565710.7187,618586.7813,0.0223,6202.853,15827,Acceptable,TRUE
2025 Jan-Aug,6,Education,"Some postsecondary, certificate or diploma",Unemployed (people),551507,525071.239,577942.761,0.024,6202.3203,13855,Acceptable,TRUE
2025 Jan-Aug,6,Age x immigrant status,"15 to 24 | Immigrant, landed 10 years or less",Unemployment rate,20.3646,17.178,23.5513,0.0782,0.7477,1066,Acceptable,TRUE
2025 Jan-Aug,6,Age x immigrant status,"15 to 24 | Immigrant, landed over 10 years",Unemployment rate,17.2746,14.2388,20.3104,0.0879,0.7123,794,Acceptable,TRUE
2025 Jan-Aug,6,Age x immigrant status,15 to 24 | Non-immigrant (incl. non-permanent residents),Unemployment rate,13.6048,12.8422,14.3674,0.028,0.1789,9370,Acceptable,TRUE
2025 Jan-Aug,6,Age x immigrant status,"25 to 54 | Immigrant, landed 10 years or less",Unemployment rate,8.6595,7.8684,9.4507,0.0457,0.1856,3302,Acceptable,TRUE
2025 Jan-Aug,6,Age x immigrant status,"25 to 54 | Immigrant, landed over 10 years",Unemployment rate,6.1993,5.6341,6.7646,0.0456,0.1326,2961,Acceptable,TRUE
2025 Jan-Aug,6,Age x immigrant status,25 to 54 | Non-immigrant (incl. non-permanent residents),Unemployment rate,5.4409,5.1784,5.7034,0.0241,0.0616,14214,Acceptable,TRUE
2025 Jan-Aug,6,Age x immigrant status,"55 and over | Immigrant, landed 10 years or less",Unemployment rate,10.5549,7.2508,13.859,0.1565,0.7752,313,Marginal,TRUE
2025 Jan-Aug,6,Age x immigrant status,"55 and over | Immigrant, landed over 10 years",Unemployment rate,5.3125,4.5591,6.066,0.0709,0.1768,1403,Acceptable,TRUE
2025 Jan-Aug,6,Age x immigrant status,55 and over | Non-immigrant (incl. non-permanent residents),Unemployment rate,5.2599,4.8568,5.663,0.0383,0.0946,5494,Acceptable,TRUE
2025 Jan-Aug,6,Age x immigrant status,"15 to 24 | Immigrant, landed 10 years or less",Long-term share of unemployment,17.192,10.3446,24.0395,0.1991,1.6065,165,Marginal,TRUE
2025 Jan-Aug,6,Age x immigrant status,"15 to 24 | Immigrant, landed over 10 years",Long-term share of unemployment,14.6705,7.9008,21.4402,0.2307,1.5883,116,Marginal,TRUE
2025 Jan-Aug,6,Age x immigrant status,15 to 24 | Non-immigrant (incl. non-permanent residents),Long-term share of unemployment,16.2126,13.9297,18.4956,0.0704,0.5356,1348,Acceptable,TRUE
2025 Jan-Aug,6,Age x immigrant status,"25 to 54 | Immigrant, landed 10 years or less",Long-term share of unemployment,26.9317,22.565,31.2985,0.0811,1.0245,872,Acceptable,TRUE
2025 Jan-Aug,6,Age x immigrant status,"25 to 54 | Immigrant, landed over 10 years",Long-term share of unemployment,28.2334,23.6411,32.8258,0.0813,1.0774,791,Acceptable,TRUE
2025 Jan-Aug,6,Age x immigrant status,25 to 54 | Non-immigrant (incl. non-permanent residents),Long-term share of unemployment,23.7331,21.5154,25.9509,0.0467,0.5203,2891,Acceptable,TRUE
2025 Jan-Aug,6,Age x immigrant status,"55 and over | Immigrant, landed 10 years or less",Long-term share of unemployment,31.3457,15.5163,47.175,0.2525,3.7139,100,Marginal,TRUE
2025 Jan-Aug,6,Age x immigrant status,"55 and over | Immigrant, landed over 10 years",Long-term share of unemployment,31.156,24.3981,37.9139,0.1085,1.5855,421,Acceptable,TRUE
2025 Jan-Aug,6,Age x immigrant status,55 and over | Non-immigrant (incl. non-permanent residents),Long-term share of unemployment,29.011,25.146,32.8761,0.0666,0.9068,1309,Acceptable,TRUE
2025 Jan-Aug,6,Age x immigrant status,"15 to 24 | Immigrant, landed 10 years or less",Long-term unemployment rate,3.4468,1.964,4.9295,0.2151,0.3479,165,Marginal,TRUE
2025 Jan-Aug,6,Age x immigrant status,"15 to 24 | Immigrant, landed over 10 years",Long-term unemployment rate,2.4663,1.2524,3.6802,0.2461,0.2848,116,Marginal,TRUE
2025 Jan-Aug,6,Age x immigrant status,15 to 24 | Non-immigrant (incl. non-permanent residents),Long-term unemployment rate,2.1183,1.793,2.4436,0.0768,0.0763,1348,Acceptable,TRUE
2025 Jan-Aug,6,Age x immigrant status,"25 to 54 | Immigrant, landed 10 years or less",Long-term unemployment rate,2.2878,1.8596,2.716,0.0936,0.1005,872,Acceptable,TRUE
2025 Jan-Aug,6,Age x immigrant status,"25 to 54 | Immigrant, landed over 10 years",Long-term unemployment rate,1.7051,1.3862,2.024,0.0935,0.0748,791,Acceptable,TRUE
2025 Jan-Aug,6,Age x immigrant status,25 to 54 | Non-immigrant (incl. non-permanent residents),Long-term unemployment rate,1.2214,1.0927,1.3502,0.0527,0.0302,2891,Acceptable,TRUE
2025 Jan-Aug,6,Age x immigrant status,"55 and over | Immigrant, landed 10 years or less",Long-term unemployment rate,3.2853,1.3627,5.208,0.2926,0.4511,100,Marginal,TRUE
2025 Jan-Aug,6,Age x immigrant status,"55 and over | Immigrant, landed over 10 years",Long-term unemployment rate,1.609,1.1915,2.0264,0.1297,0.0979,421,Acceptable,TRUE
2025 Jan-Aug,6,Age x immigrant status,55 and over | Non-immigrant (incl. non-permanent residents),Long-term unemployment rate,1.4192,1.1926,1.6457,0.0798,0.0532,1309,Acceptable,TRUE
2025 Jan-Aug,6,Age x immigrant status,"15 to 24 | Immigrant, landed 10 years or less",Long-term unemployed (people),8388.875,4697.1582,12080.5918,0.22,866.1453,165,Marginal,TRUE
2025 Jan-Aug,6,Age x immigrant status,"15 to 24 | Immigrant, landed over 10 years",Long-term unemployed (people),5468.875,2770.8864,8166.8636,0.2467,632.9982,116,Marginal,TRUE
2025 Jan-Aug,6,Age x immigrant status,15 to 24 | Non-immigrant (incl. non-permanent residents),Long-term unemployed (people),58461.25,49439.0648,67483.4352,0.0772,2116.7722,1348,Acceptable,TRUE
2025 Jan-Aug,6,Age x immigrant status,"25 to 54 | Immigrant, landed 10 years or less",Long-term unemployed (people),44371.875,36001.7391,52742.0109,0.0943,1963.7893,872,Acceptable,TRUE
2025 Jan-Aug,6,Age x immigrant status,"25 to 54 | Immigrant, landed over 10 years",Long-term unemployed (people),43279.125,35087.3372,51470.9128,0.0946,1921.9455,791,Acceptable,TRUE
2025 Jan-Aug,6,Age x immigrant status,25 to 54 | Non-immigrant (incl. non-permanent residents),Long-term unemployed (people),125924.875,112632.4247,139217.3253,0.0528,3118.6556,2891,Acceptable,TRUE
2025 Jan-Aug,6,Age x immigrant status,"55 and over | Immigrant, landed 10 years or less",Long-term unemployed (people),3420.125,1387.0016,5453.2484,0.2972,477.0085,100,Marginal,TRUE
2025 Jan-Aug,6,Age x immigrant status,"55 and over | Immigrant, landed over 10 years",Long-term unemployed (people),21560.75,15923.0956,27198.4044,0.1307,1322.6984,421,Acceptable,TRUE
2025 Jan-Aug,6,Age x immigrant status,55 and over | Non-immigrant (incl. non-permanent residents),Long-term unemployed (people),44578.375,37424.7035,51732.0465,0.0802,1678.3841,1309,Acceptable,TRUE
2025 Jan-Aug,6,Age x immigrant status,"15 to 24 | Immigrant, landed 10 years or less",Unemployed (people),49564.5,40951.0953,58177.9047,0.0869,2020.8647,1066,Acceptable,TRUE
2025 Jan-Aug,6,Age x immigrant status,"15 to 24 | Immigrant, landed over 10 years",Unemployed (people),38305.875,31032.7745,45578.9755,0.0949,1706.4044,794,Acceptable,TRUE
2025 Jan-Aug,6,Age x immigrant status,15 to 24 | Non-immigrant (incl. non-permanent residents),Unemployed (people),375466.875,353830.6188,397103.1312,0.0288,5076.2674,9370,Acceptable,TRUE
2025 Jan-Aug,6,Age x immigrant status,"25 to 54 | Immigrant, landed 10 years or less",Unemployed (people),167953.875,152001.2647,183906.4853,0.0475,3742.7786,3302,Acceptable,TRUE
2025 Jan-Aug,6,Age x immigrant status,"25 to 54 | Immigrant, landed over 10 years",Unemployed (people),157354,142505.9076,172202.0924,0.0472,3483.6381,2961,Acceptable,TRUE
2025 Jan-Aug,6,Age x immigrant status,25 to 54 | Non-immigrant (incl. non-permanent residents),Unemployed (people),560926.875,533507.4881,588346.2619,0.0244,6433.0972,14214,Acceptable,TRUE
2025 Jan-Aug,6,Age x immigrant status,"55 and over | Immigrant, landed 10 years or less",Unemployed (people),10988,7314.5289,14661.4711,0.1672,861.8645,313,Marginal,TRUE
2025 Jan-Aug,6,Age x immigrant status,"55 and over | Immigrant, landed over 10 years",Unemployed (people),71190.375,60876.713,81504.037,0.0724,2419.7766,1403,Acceptable,TRUE
2025 Jan-Aug,6,Age x immigrant status,55 and over | Non-immigrant (incl. non-permanent residents),Unemployed (people),165224,152358.6309,178089.3691,0.0389,3018.4545,5494,Acceptable,TRUE
2025 Jan-Aug,6,Province x age,Alberta | 15 to 24,Unemployment rate,16.5509,14.2249,18.8768,0.0703,0.5457,967,Acceptable,TRUE
2025 Jan-Aug,6,Province x age,Alberta | 25 to 54,Unemployment rate,6.1567,5.4586,6.8549,0.0567,0.1638,1683,Acceptable,TRUE
2025 Jan-Aug,6,Province x age,Alberta | 55 and over,Unemployment rate,5.0996,3.9253,6.274,0.1151,0.2755,505,Acceptable,TRUE
2025 Jan-Aug,6,Province x age,British Columbia | 15 to 24,Unemployment rate,13.5729,11.6382,15.5077,0.0713,0.4539,1277,Acceptable,TRUE
2025 Jan-Aug,6,Province x age,British Columbia | 25 to 54,Unemployment rate,5.29,4.7554,5.8247,0.0505,0.1254,2512,Acceptable,TRUE
2025 Jan-Aug,6,Province x age,British Columbia | 55 and over,Unemployment rate,4.8336,4.0385,5.6286,0.0822,0.1865,834,Acceptable,TRUE
2025 Jan-Aug,6,Province x age,Manitoba | 15 to 24,Unemployment rate,11.775,9.7453,13.8048,0.0862,0.4762,750,Acceptable,TRUE
2025 Jan-Aug,6,Province x age,Manitoba | 25 to 54,Unemployment rate,4.9608,4.2871,5.6346,0.0679,0.1581,1228,Acceptable,TRUE
2025 Jan-Aug,6,Province x age,Manitoba | 55 and over,Unemployment rate,4.8518,3.7563,5.9473,0.1129,0.257,426,Acceptable,TRUE
2025 Jan-Aug,6,Province x age,New Brunswick | 15 to 24,Unemployment rate,15.0035,12.3547,17.6523,0.0883,0.6215,581,Acceptable,TRUE
2025 Jan-Aug,6,Province x age,New Brunswick | 25 to 54,Unemployment rate,5.8195,5.0693,6.5697,0.0645,0.176,1071,Acceptable,TRUE
2025 Jan-Aug,6,Province x age,New Brunswick | 55 and over,Unemployment rate,7.3249,5.929,8.7209,0.0953,0.3275,535,Acceptable,TRUE
2025 Jan-Aug,6,Province x age,Newfoundland and Labrador | 15 to 24,Unemployment rate,16.6849,13.3635,20.0063,0.0995,0.7793,524,Acceptable,TRUE
2025 Jan-Aug,6,Province x age,Newfoundland and Labrador | 25 to 54,Unemployment rate,8.7969,7.6511,9.9427,0.0651,0.2688,1156,Acceptable,TRUE
2025 Jan-Aug,6,Province x age,Newfoundland and Labrador | 55 and over,Unemployment rate,11.2722,9.0857,13.4587,0.097,0.513,547,Acceptable,TRUE
2025 Jan-Aug,6,Province x age,Nova Scotia | 15 to 24,Unemployment rate,13.254,10.7319,15.7761,0.0951,0.5917,489,Acceptable,TRUE
2025 Jan-Aug,6,Province x age,Nova Scotia | 25 to 54,Unemployment rate,5.8056,5.0068,6.6044,0.0688,0.1874,979,Acceptable,TRUE
2025 Jan-Aug,6,Province x age,Nova Scotia | 55 and over,Unemployment rate,5.6375,4.3837,6.8913,0.1112,0.2942,376,Acceptable,TRUE
2025 Jan-Aug,6,Province x age,Ontario | 15 to 24,Unemployment rate,16.4905,15.1875,17.7935,0.0395,0.3057,4214,Acceptable,TRUE
2025 Jan-Aug,6,Province x age,Ontario | 25 to 54,Unemployment rate,6.8495,6.4104,7.2885,0.032,0.103,7319,Acceptable,TRUE
2025 Jan-Aug,6,Province x age,Ontario | 55 and over,Unemployment rate,5.3193,4.7185,5.9201,0.0565,0.141,2107,Acceptable,TRUE
2025 Jan-Aug,6,Province x age,Prince Edward Island | 15 to 24,Unemployment rate,10.1443,6.8987,13.3898,0.16,0.7615,207,Marginal,TRUE
2025 Jan-Aug,6,Province x age,Prince Edward Island | 25 to 54,Unemployment rate,6.9343,5.626,8.2425,0.0943,0.3069,540,Acceptable,TRUE
2025 Jan-Aug,6,Province x age,Prince Edward Island | 55 and over,Unemployment rate,9.6076,7.3921,11.8232,0.1153,0.5198,327,Acceptable,TRUE
2025 Jan-Aug,6,Province x age,Quebec | 15 to 24,Unemployment rate,10.5893,9.1753,12.0033,0.0668,0.3318,1606,Acceptable,TRUE
2025 Jan-Aug,6,Province x age,Quebec | 25 to 54,Unemployment rate,5.0666,4.5663,5.5669,0.0494,0.1174,3061,Acceptable,TRUE
2025 Jan-Aug,6,Province x age,Quebec | 55 and over,Unemployment rate,5.6406,4.8134,6.4679,0.0733,0.1941,1277,Acceptable,TRUE
2025 Jan-Aug,6,Province x age,Saskatchewan | 15 to 24,Unemployment rate,11.4202,9.5114,13.3291,0.0836,0.4479,615,Acceptable,TRUE
2025 Jan-Aug,6,Province x age,Saskatchewan | 25 to 54,Unemployment rate,4.1749,3.5633,4.7866,0.0733,0.1435,928,Acceptable,TRUE
2025 Jan-Aug,6,Province x age,Saskatchewan | 55 and over,Unemployment rate,3.6466,2.6859,4.6073,0.1317,0.2254,276,Acceptable,TRUE
2025 Jan-Aug,6,Province x age,Alberta | 15 to 24,Long-term share of unemployment,20.0648,13.6701,26.4595,0.1594,1.5003,165,Marginal,TRUE
2025 Jan-Aug,6,Province x age,Alberta | 25 to 54,Long-term share of unemployment,24.3407,19.3312,29.3501,0.1029,1.1753,394,Acceptable,TRUE
2025 Jan-Aug,6,Province x age,Alberta | 55 and over,Long-term share of unemployment,31.9136,20.5482,43.2789,0.1781,2.6665,164,Marginal,TRUE
2025 Jan-Aug,6,Province x age,British Columbia | 15 to 24,Long-term share of unemployment,10.4695,5.7989,15.1401,0.2231,1.0958,136,Marginal,TRUE
2025 Jan-Aug,6,Province x age,British Columbia | 25 to 54,Long-term share of unemployment,23.9952,19.5473,28.443,0.0927,1.0435,555,Acceptable,TRUE
2025 Jan-Aug,6,Province x age,British Columbia | 55 and over,Long-term share of unemployment,22.7075,15.5378,29.8772,0.1579,1.6822,193,Marginal,TRUE
2025 Jan-Aug,6,Province x age,Manitoba | 15 to 24,Long-term share of unemployment,13.1829,7.0727,19.2932,0.2317,1.4336,105,Marginal,TRUE
2025 Jan-Aug,6,Province x age,Manitoba | 25 to 54,Long-term share of unemployment,21.1246,15.2511,26.9981,0.139,1.378,242,Acceptable,TRUE
2025 Jan-Aug,6,Province x age,Manitoba | 55 and over,Long-term share of unemployment,23.6717,13.9801,33.3632,0.2047,2.2738,102,Marginal,TRUE
2025 Jan-Aug,6,Province x age,New Brunswick | 15 to 24,Long-term share of unemployment,12.3118,5.7967,18.827,0.2646,1.5286,70,Marginal,TRUE
2025 Jan-Aug,6,Province x age,New Brunswick | 25 to 54,Long-term share of unemployment,19.4364,13.7431,25.1297,0.1465,1.3358,192,Acceptable,TRUE
2025 Jan-Aug,6,Province x age,New Brunswick | 55 and over,Long-term share of unemployment,20.3991,12.0535,28.7447,0.2046,1.958,98,Marginal,TRUE
2025 Jan-Aug,6,Province x age,Newfoundland and Labrador | 15 to 24,Long-term share of unemployment,17.7132,9.2541,26.1722,0.2388,1.9846,80,Marginal,TRUE
2025 Jan-Aug,6,Province x age,Newfoundland and Labrador | 25 to 54,Long-term share of unemployment,19.3663,13.4909,25.2417,0.1517,1.3785,201,Marginal,TRUE
2025 Jan-Aug,6,Province x age,Newfoundland and Labrador | 55 and over,Long-term share of unemployment,23.3776,15.0005,31.7547,0.1792,1.9654,125,Marginal,TRUE
2025 Jan-Aug,6,Province x age,Nova Scotia | 15 to 24,Long-term share of unemployment,13.2942,5.6711,20.9173,0.2867,1.7885,57,Marginal,TRUE
2025 Jan-Aug,6,Province x age,Nova Scotia | 25 to 54,Long-term share of unemployment,21.1684,15.279,27.0578,0.1391,1.3818,197,Acceptable,TRUE
2025 Jan-Aug,6,Province x age,Nova Scotia | 55 and over,Long-term share of unemployment,22.535,12.5956,32.4744,0.2205,2.332,77,Marginal,TRUE
2025 Jan-Aug,6,Province x age,Ontario | 15 to 24,Long-term share of unemployment,18.8048,15.505,22.1045,0.0877,0.7742,743,Acceptable,TRUE
2025 Jan-Aug,6,Province x age,Ontario | 25 to 54,Long-term share of unemployment,28.7117,25.7246,31.6987,0.052,0.7008,1958,Acceptable,TRUE
2025 Jan-Aug,6,Province x age,Ontario | 55 and over,Long-term share of unemployment,36.0234,30.1452,41.9017,0.0816,1.3792,702,Acceptable,TRUE
2025 Jan-Aug,6,Province x age,Prince Edward Island | 15 to 24,Long-term share of unemployment,15.5869,3.1795,27.9943,0.398,2.911,27,Suppressed,FALSE
2025 Jan-Aug,6,Province x age,Prince Edward Island | 25 to 54,Long-term share of unemployment,19.7106,11.736,27.6853,0.2023,1.871,99,Marginal,TRUE
2025 Jan-Aug,6,Province x age,Prince Edward Island | 55 and over,Long-term share of unemployment,15.6213,6.0607,25.1819,0.306,2.2431,51,Marginal,TRUE
2025 Jan-Aug,6,Province x age,Quebec | 15 to 24,Long-term share of unemployment,11.2054,6.526,15.8848,0.2088,1.0979,164,Marginal,TRUE
2025 Jan-Aug,6,Province x age,Quebec | 25 to 54,Long-term share of unemployment,20.75,16.4302,25.0698,0.1041,1.0135,553,Acceptable,TRUE
2025 Jan-Aug,6,Province x age,Quebec | 55 and over,Long-term share of unemployment,27.0714,19.7736,34.3692,0.1348,1.7122,271,Acceptable,TRUE
2025 Jan-Aug,6,Province x age,Saskatchewan | 15 to 24,Long-term share of unemployment,13.8787,7.5187,20.2387,0.2291,1.4922,82,Marginal,TRUE
2025 Jan-Aug,6,Province x age,Saskatchewan | 25 to 54,Long-term share of unemployment,18.511,12.7158,24.3062,0.1565,1.3597,163,Marginal,TRUE
2025 Jan-Aug,6,Province x age,Saskatchewan | 55 and over,Long-term share of unemployment,17.9365,7.0379,28.8351,0.3038,2.557,47,Marginal,TRUE
2025 Jan-Aug,6,Province x age,Alberta | 15 to 24,Long-term unemployment rate,3.2317,2.1045,4.359,0.1744,0.2645,165,Marginal,TRUE
2025 Jan-Aug,6,Province x age,Alberta | 25 to 54,Long-term unemployment rate,1.4371,1.1014,1.7727,0.1168,0.0788,394,Acceptable,TRUE
2025 Jan-Aug,6,Province x age,Alberta | 55 and over,Long-term unemployment rate,1.5576,0.8729,2.2422,0.2198,0.1606,164,Marginal,TRUE
2025 Jan-Aug,6,Province x age,British Columbia | 15 to 24,Long-term unemployment rate,1.3685,0.7241,2.0129,0.2354,0.1512,136,Marginal,TRUE
2025 Jan-Aug,6,Province x age,British Columbia | 25 to 54,Long-term unemployment rate,1.2011,0.9488,1.4534,0.105,0.0592,555,Acceptable,TRUE
2025 Jan-Aug,6,Province x age,British Columbia | 55 and over,Long-term unemployment rate,1.0588,0.6885,1.429,0.1748,0.0869,193,Marginal,TRUE
2025 Jan-Aug,6,Province x age,Manitoba | 15 to 24,Long-term unemployment rate,1.4787,0.7637,2.1938,0.2418,0.1678,105,Marginal,TRUE
2025 Jan-Aug,6,Province x age,Manitoba | 25 to 54,Long-term unemployment rate,0.9802,0.6769,1.2834,0.1547,0.0711,242,Marginal,TRUE
2025 Jan-Aug,6,Province x age,Manitoba | 55 and over,Long-term unemployment rate,1.0599,0.5832,1.5365,0.2249,0.1118,102,Marginal,TRUE
2025 Jan-Aug,6,Province x age,New Brunswick | 15 to 24,Long-term unemployment rate,1.7084,0.7509,2.6659,0.2802,0.2247,70,Marginal,TRUE
2025 Jan-Aug,6,Province x age,New Brunswick | 25 to 54,Long-term unemployment rate,1.0548,0.7089,1.4008,0.164,0.0812,192,Marginal,TRUE
2025 Jan-Aug,6,Province x age,New Brunswick | 55 and over,Long-term unemployment rate,1.3512,0.7505,1.9519,0.2223,0.1409,98,Marginal,TRUE
2025 Jan-Aug,6,Province x age,Newfoundland and Labrador | 15 to 24,Long-term unemployment rate,2.7964,1.3106,4.2822,0.2657,0.3486,80,Marginal,TRUE
2025 Jan-Aug,6,Province x age,Newfoundland and Labrador | 25 to 54,Long-term unemployment rate,1.5757,1.0504,2.101,0.1667,0.1232,201,Marginal,TRUE
2025 Jan-Aug,6,Province x age,Newfoundland and Labrador | 55 and over,Long-term unemployment rate,2.468,1.4826,3.4533,0.1996,0.2312,125,Marginal,TRUE
2025 Jan-Aug,6,Province x age,Nova Scotia | 15 to 24,Long-term unemployment rate,1.6667,0.6383,2.695,0.3085,0.2413,57,Marginal,TRUE
2025 Jan-Aug,6,Province x age,Nova Scotia | 25 to 54,Long-term unemployment rate,1.1395,0.7965,1.4826,0.1505,0.0805,197,Marginal,TRUE
2025 Jan-Aug,6,Province x age,Nova Scotia | 55 and over,Long-term unemployment rate,1.16,0.5891,1.7309,0.2461,0.1339,77,Marginal,TRUE
2025 Jan-Aug,6,Province x age,Ontario | 15 to 24,Long-term unemployment rate,2.9895,2.4105,3.5685,0.0968,0.1358,743,Acceptable,TRUE
2025 Jan-Aug,6,Province x age,Ontario | 25 to 54,Long-term unemployment rate,1.9019,1.6664,2.1375,0.0619,0.0553,1958,Acceptable,TRUE
2025 Jan-Aug,6,Province x age,Ontario | 55 and over,Long-term unemployment rate,1.8223,1.4627,2.1818,0.0986,0.0844,702,Acceptable,TRUE
2025 Jan-Aug,6,Province x age,Prince Edward Island | 15 to 24,Long-term unemployment rate,1.4899,0.2178,2.7619,0.4269,0.2984,27,Suppressed,FALSE
2025 Jan-Aug,6,Province x age,Prince Edward Island | 25 to 54,Long-term unemployment rate,1.2679,0.6863,1.8495,0.2293,0.1364,99,Marginal,TRUE
2025 Jan-Aug,6,Province x age,Prince Edward Island | 55 and over,Long-term unemployment rate,1.3727,0.4649,2.2805,0.3307,0.213,51,Marginal,TRUE
2025 Jan-Aug,6,Province x age,Quebec | 15 to 24,Long-term unemployment rate,1.1505,0.6431,1.6579,0.2205,0.1191,164,Marginal,TRUE
2025 Jan-Aug,6,Province x age,Quebec | 25 to 54,Long-term unemployment rate,1.0048,0.7714,1.2382,0.1161,0.0547,553,Acceptable,TRUE
2025 Jan-Aug,6,Province x age,Quebec | 55 and over,Long-term unemployment rate,1.4288,0.9837,1.8739,0.1558,0.1044,271,Marginal,TRUE
2025 Jan-Aug,6,Province x age,Saskatchewan | 15 to 24,Long-term unemployment rate,1.5108,0.7592,2.2623,0.2487,0.1763,82,Marginal,TRUE
2025 Jan-Aug,6,Province x age,Saskatchewan | 25 to 54,Long-term unemployment rate,0.7311,0.4756,0.9865,0.1747,0.0599,163,Marginal,TRUE
2025 Jan-Aug,6,Province x age,Saskatchewan | 55 and over,Long-term unemployment rate,0.5956,0.2003,0.9909,0.3318,0.0927,47,Marginal,TRUE
2025 Jan-Aug,6,Province x age,Alberta | 15 to 24,Long-term unemployed (people),13063.625,8467.8573,17659.3927,0.1759,1078.2524,165,Marginal,TRUE
2025 Jan-Aug,6,Province x age,Alberta | 25 to 54,Long-term unemployed (people),26844.875,20559.3617,33130.3883,0.1171,1474.6981,394,Acceptable,TRUE
2025 Jan-Aug,6,Province x age,Alberta | 55 and over,Long-term unemployed (people),7922.5,4432.6462,11412.3538,0.2202,818.7845,164,Marginal,TRUE
2025 Jan-Aug,6,Province x age,British Columbia | 15 to 24,Long-term unemployed (people),5677,2989.6828,8364.3172,0.2367,630.4945,136,Marginal,TRUE
2025 Jan-Aug,6,Province x age,British Columbia | 25 to 54,Long-term unemployed (people),25163.875,19873.1646,30454.5854,0.1051,1241.2989,555,Acceptable,TRUE
2025 Jan-Aug,6,Province x age,British Columbia | 55 and over,Long-term unemployed (people),6751,4381.3814,9120.6186,0.1755,555.9565,193,Marginal,TRUE
2025 Jan-Aug,6,Province x age,Manitoba | 15 to 24,Long-term unemployed (people),1887.5,972.5205,2802.4795,0.2424,214.6712,105,Marginal,TRUE
2025 Jan-Aug,6,Province x age,Manitoba | 25 to 54,Long-term unemployed (people),4994.125,3450.1485,6538.1015,0.1546,362.2456,242,Marginal,TRUE
2025 Jan-Aug,6,Province x age,Manitoba | 55 and over,Long-term unemployed (people),1539.25,847.1172,2231.3828,0.2248,162.3872,102,Marginal,TRUE
2025 Jan-Aug,6,Province x age,New Brunswick | 15 to 24,Long-term unemployed (people),1020.25,447.3063,1593.1937,0.2808,134.4232,70,Marginal,TRUE
2025 Jan-Aug,6,Province x age,New Brunswick | 25 to 54,Long-term unemployed (people),2935.625,1971.8284,3899.4216,0.1642,226.1246,192,Marginal,TRUE
2025 Jan-Aug,6,Province x age,New Brunswick | 55 and over,Long-term unemployed (people),1335.25,739.9779,1930.5221,0.2229,139.6619,98,Marginal,TRUE
2025 Jan-Aug,6,Province x age,Newfoundland and Labrador | 15 to 24,Long-term unemployed (people),1016.625,473.6994,1559.5506,0.267,127.3804,80,Marginal,TRUE
2025 Jan-Aug,6,Province x age,Newfoundland and Labrador | 25 to 54,Long-term unemployed (people),2696.125,1796.1555,3596.0945,0.1669,211.1496,201,Marginal,TRUE
2025 Jan-Aug,6,Province x age,Newfoundland and Labrador | 55 and over,Long-term unemployed (people),1640.375,981.2412,2299.5088,0.2009,154.645,125,Marginal,TRUE
2025 Jan-Aug,6,Province x age,Nova Scotia | 15 to 24,Long-term unemployed (people),1322.875,502.5975,2143.1525,0.31,192.4523,57,Marginal,TRUE
2025 Jan-Aug,6,Province x age,Nova Scotia | 25 to 54,Long-term unemployed (people),4081.875,2852.1805,5311.5695,0.1506,288.5092,197,Marginal,TRUE
2025 Jan-Aug,6,Province x age,Nova Scotia | 55 and over,Long-term unemployed (people),1444.125,732.0371,2156.2129,0.2465,167.0691,77,Marginal,TRUE
2025 Jan-Aug,6,Province x age,Ontario | 15 to 24,Long-term unemployed (people),38582.25,31101.2241,46063.2759,0.0969,1755.1876,743,Acceptable,TRUE
2025 Jan-Aug,6,Province x age,Ontario | 25 to 54,Long-term unemployed (people),110918.25,97163.5725,124672.9275,0.062,3227.1027,1958,Acceptable,TRUE
2025 Jan-Aug,6,Province x age,Ontario | 55 and over,Long-term unemployed (people),32987.25,26441.6374,39532.8626,0.0992,1535.7222,702,Acceptable,TRUE
2025 Jan-Aug,6,Province x age,Prince Edward Island | 15 to 24,Long-term unemployed (people),255.625,36.4262,474.8238,0.4288,51.4281,27,Suppressed,FALSE
2025 Jan-Aug,6,Province x age,Prince Edward Island | 25 to 54,Long-term unemployed (people),797,430.5525,1163.4475,0.2299,85.9754,99,Marginal,TRUE
2025 Jan-Aug,6,Province x age,Prince Edward Island | 55 and over,Long-term unemployed (people),298.25,99.4255,497.0745,0.3333,46.6479,51,Marginal,TRUE
2025 Jan-Aug,6,Province x age,Quebec | 15 to 24,Long-term unemployed (people),8041.625,4484.104,11599.146,0.2212,834.6605,164,Marginal,TRUE
2025 Jan-Aug,6,Province x age,Quebec | 25 to 54,Long-term unemployed (people),32065.125,24612.7545,39517.4955,0.1162,1748.4645,553,Acceptable,TRUE
2025 Jan-Aug,6,Province x age,Quebec | 55 and over,Long-term unemployed (people),14851.125,10222.2311,19480.0189,0.1558,1086.0244,271,Marginal,TRUE
2025 Jan-Aug,6,Province x age,Saskatchewan | 15 to 24,Long-term unemployed (people),1451.625,727.1262,2176.1238,0.2495,169.9809,82,Marginal,TRUE
2025 Jan-Aug,6,Province x age,Saskatchewan | 25 to 54,Long-term unemployed (people),3079,2003.1268,4154.8732,0.1747,252.4198,163,Marginal,TRUE
2025 Jan-Aug,6,Province x age,Saskatchewan | 55 and over,Long-term unemployed (people),790.125,265.2549,1314.9951,0.3321,123.1443,47,Marginal,TRUE
2025 Jan-Aug,6,Province x age,Alberta | 15 to 24,Unemployed (people),66903.25,57196.43,76610.07,0.0725,2277.4002,967,Acceptable,TRUE
2025 Jan-Aug,6,Province x age,Alberta | 25 to 54,Unemployed (people),115008.875,101855.6995,128162.0505,0.0572,3085.9792,1683,Acceptable,TRUE
2025 Jan-Aug,6,Province x age,Alberta | 55 and over,Unemployed (people),25939.25,19919.3586,31959.1414,0.116,1412.3783,505,Acceptable,TRUE
2025 Jan-Aug,6,Province x age,British Columbia | 15 to 24,Unemployed (people),56304.5,47989.9311,64619.0689,0.0738,1950.7522,1277,Acceptable,TRUE
2025 Jan-Aug,6,Province x age,British Columbia | 25 to 54,Unemployed (people),110826.625,99579.1346,122074.1154,0.0507,2638.8701,2512,Acceptable,TRUE
2025 Jan-Aug,6,Province x age,British Columbia | 55 and over,Unemployed (people),30820.25,25714.7372,35925.7628,0.0828,1197.8481,834,Acceptable,TRUE
2025 Jan-Aug,6,Province x age,Manitoba | 15 to 24,Unemployed (people),15030.125,12393.4293,17666.8207,0.0877,618.6178,750,Acceptable,TRUE
2025 Jan-Aug,6,Province x age,Manitoba | 25 to 54,Unemployed (people),25276.625,21826.8485,28726.4015,0.0682,809.3816,1228,Acceptable,TRUE
2025 Jan-Aug,6,Province x age,Manitoba | 55 and over,Unemployed (people),7046.375,5443.716,8649.034,0.1137,376.0136,426,Acceptable,TRUE
2025 Jan-Aug,6,Province x age,New Brunswick | 15 to 24,Unemployed (people),8960.125,7323.2141,10597.0359,0.0913,384.0497,581,Acceptable,TRUE
2025 Jan-Aug,6,Province x age,New Brunswick | 25 to 54,Unemployed (people),16195.875,14098.3365,18293.4135,0.0648,492.1215,1071,Acceptable,TRUE
2025 Jan-Aug,6,Province x age,New Brunswick | 55 and over,Unemployed (people),7238.625,5839.8376,8637.4124,0.0966,328.1815,535,Acceptable,TRUE
2025 Jan-Aug,6,Province x age,Newfoundland and Labrador | 15 to 24,Unemployed (people),6065.75,4813.2306,7318.2694,0.1032,293.8643,524,Acceptable,TRUE
2025 Jan-Aug,6,Province x age,Newfoundland and Labrador | 25 to 54,Unemployed (people),15052.5,13069.7456,17035.2544,0.0659,465.191,1156,Acceptable,TRUE
2025 Jan-Aug,6,Province x age,Newfoundland and Labrador | 55 and over,Unemployed (people),7492.25,5983.7514,9000.7486,0.1007,353.9218,547,Acceptable,TRUE
2025 Jan-Aug,6,Province x age,Nova Scotia | 15 to 24,Unemployed (people),10520.125,8474.3306,12565.9194,0.0972,479.9813,489,Acceptable,TRUE
2025 Jan-Aug,6,Province x age,Nova Scotia | 25 to 54,Unemployed (people),20796.375,17920.0461,23672.7039,0.0692,674.8402,979,Acceptable,TRUE
2025 Jan-Aug,6,Province x age,Nova Scotia | 55 and over,Unemployed (people),7018.25,5444.4955,8592.0045,0.1121,369.232,376,Acceptable,TRUE
2025 Jan-Aug,6,Province x age,Ontario | 15 to 24,Unemployed (people),212824,195314.6967,230333.3033,0.0411,4108.0076,4214,Acceptable,TRUE
2025 Jan-Aug,6,Province x age,Ontario | 25 to 54,Unemployed (people),399451.625,373727.0105,425176.2395,0.0322,6035.4722,7319,Acceptable,TRUE
2025 Jan-Aug,6,Province x age,Ontario | 55 and over,Unemployed (people),96292.25,85294.6315,107289.8685,0.0571,2580.2455,2107,Acceptable,TRUE
2025 Jan-Aug,6,Province x age,Prince Edward Island | 15 to 24,Unemployed (people),1740.5,1177.5442,2303.4558,0.1617,132.0799,207,Marginal,TRUE
2025 Jan-Aug,6,Province x age,Prince Edward Island | 25 to 54,Unemployed (people),4358.875,3530.8358,5186.9142,0.095,194.2734,540,Acceptable,TRUE
2025 Jan-Aug,6,Province x age,Prince Edward Island | 55 and over,Unemployed (people),2087.5,1589.3884,2585.6116,0.1193,116.8662,327,Acceptable,TRUE
2025 Jan-Aug,6,Province x age,Quebec | 15 to 24,Unemployed (people),74015.75,63959.4526,84072.0474,0.0679,2359.3941,1606,Acceptable,TRUE
2025 Jan-Aug,6,Province x age,Quebec | 25 to 54,Unemployed (people),161684.375,145625.4704,177743.2796,0.0497,3767.7172,3061,Acceptable,TRUE
2025 Jan-Aug,6,Province x age,Quebec | 55 and over,Unemployed (people),58630.25,49961.4135,67299.0865,0.0739,2033.87,1277,Acceptable,TRUE
2025 Jan-Aug,6,Province x age,Saskatchewan | 15 to 24,Unemployed (people),10973.125,9097.9423,12848.3077,0.0854,439.9527,615,Acceptable,TRUE
2025 Jan-Aug,6,Province x age,Saskatchewan | 25 to 54,Unemployed (people),17583,14997.6285,20168.3715,0.0735,606.5762,928,Acceptable,TRUE
2025 Jan-Aug,6,Province x age,Saskatchewan | 55 and over,Unemployed (people),4837.375,3552.683,6122.067,0.1328,301.4126,276,Acceptable,TRUE
2026 Jan-Aug,7,Canada,Canada,Unemployment rate,6.7984,6.6064,6.9904,0.0141,0.045,37909,Acceptable,TRUE
2026 Jan-Aug,7,Canada,Canada,Long-term share of unemployment,24.0154,22.718,25.3129,0.027,0.3044,8299,Acceptable,TRUE
2026 Jan-Aug,7,Canada,Canada,Long-term unemployment rate,1.5524,1.4564,1.6484,0.0309,0.0225,8299,Acceptable,TRUE
2026 Jan-Aug,7,Canada,Canada,Long-term unemployed (people),351598.5,329816.8941,373380.1059,0.031,5110.3692,8299,Acceptable,TRUE
2026 Jan-Aug,7,Canada,Canada,Unemployed (people),1539712.5,1495936.9137,1583488.0863,0.0142,10270.5653,37909,Acceptable,TRUE
2026 Jan-Aug,7,Province,Alberta,Unemployment rate,6.9944,6.363,7.6257,0.0451,0.1481,2740,Acceptable,TRUE
2026 Jan-Aug,7,Province,British Columbia,Unemployment rate,6.6634,6.1547,7.1721,0.0382,0.1194,4343,Acceptable,TRUE
2026 Jan-Aug,7,Province,Manitoba,Unemployment rate,5.606,5.0435,6.1685,0.0502,0.132,2015,Acceptable,TRUE
2026 Jan-Aug,7,Province,New Brunswick,Unemployment rate,7.514,6.8698,8.1581,0.0429,0.1511,2480,Acceptable,TRUE
2026 Jan-Aug,7,Province,Newfoundland and Labrador,Unemployment rate,9.4828,8.6998,10.2658,0.0413,0.1837,2717,Acceptable,TRUE
2026 Jan-Aug,7,Province,Nova Scotia,Unemployment rate,6.8473,6.1877,7.5069,0.0482,0.1547,1906,Acceptable,TRUE
2026 Jan-Aug,7,Province,Ontario,Unemployment rate,7.3512,7.0239,7.6786,0.0223,0.0768,13074,Acceptable,TRUE
2026 Jan-Aug,7,Province,Prince Edward Island,Unemployment rate,7.5698,6.5929,8.5467,0.0645,0.2292,1096,Acceptable,TRUE
2026 Jan-Aug,7,Province,Quebec,Unemployment rate,5.8074,5.3655,6.2493,0.038,0.1037,5362,Acceptable,TRUE
2026 Jan-Aug,7,Province,Saskatchewan,Unemployment rate,6.1369,5.5902,6.6837,0.0445,0.1283,2176,Acceptable,TRUE
2026 Jan-Aug,7,Province,Alberta,Long-term share of unemployment,23.8417,19.9635,27.7199,0.0813,0.9099,641,Acceptable,TRUE
2026 Jan-Aug,7,Province,British Columbia,Long-term share of unemployment,23.1744,19.6955,26.6532,0.0751,0.8162,965,Acceptable,TRUE
2026 Jan-Aug,7,Province,Manitoba,Long-term share of unemployment,24.1179,19.3928,28.843,0.098,1.1086,446,Acceptable,TRUE
2026 Jan-Aug,7,Province,New Brunswick,Long-term share of unemployment,20.784,16.9037,24.6644,0.0933,0.9104,475,Acceptable,TRUE
2026 Jan-Aug,7,Province,Newfoundland and Labrador,Long-term share of unemployment,21.5604,17.8783,25.2425,0.0854,0.8639,542,Acceptable,TRUE
2026 Jan-Aug,7,Province,Nova Scotia,Long-term share of unemployment,22.5852,18.157,27.0134,0.098,1.0389,402,Acceptable,TRUE
2026 Jan-Aug,7,Province,Ontario,Long-term share of unemployment,27.4462,25.3431,29.5492,0.0383,0.4934,3357,Acceptable,TRUE
2026 Jan-Aug,7,Province,Prince Edward Island,Long-term share of unemployment,15.4789,10.3043,20.6535,0.1672,1.2141,157,Marginal,TRUE
2026 Jan-Aug,7,Province,Quebec,Long-term share of unemployment,17.6394,14.5893,20.6895,0.0865,0.7156,824,Acceptable,TRUE
2026 Jan-Aug,7,Province,Saskatchewan,Long-term share of unemployment,24.2148,19.8119,28.6177,0.0909,1.033,490,Acceptable,TRUE
2026 Jan-Aug,7,Province,Alberta,Long-term unemployment rate,1.5717,1.2815,1.8619,0.0923,0.0681,641,Acceptable,TRUE
2026 Jan-Aug,7,Province,British Columbia,Long-term unemployment rate,1.4715,1.2258,1.7173,0.0835,0.0577,965,Acceptable,TRUE
2026 Jan-Aug,7,Province,Manitoba,Long-term unemployment rate,1.2721,0.9857,1.5584,0.1125,0.0672,446,Acceptable,TRUE
2026 Jan-Aug,7,Province,New Brunswick,Long-term unemployment rate,1.451,1.1485,1.7535,0.1042,0.071,475,Acceptable,TRUE
2026 Jan-Aug,7,Province,Newfoundland and Labrador,Long-term unemployment rate,1.9121,1.5411,2.2831,0.097,0.0871,542,Acceptable,TRUE
2026 Jan-Aug,7,Province,Nova Scotia,Long-term unemployment rate,1.4357,1.1166,1.7547,0.1111,0.0749,402,Acceptable,TRUE
2026 Jan-Aug,7,Province,Ontario,Long-term unemployment rate,1.9403,1.7618,2.1189,0.046,0.0419,3357,Acceptable,TRUE
2026 Jan-Aug,7,Province,Prince Edward Island,Long-term unemployment rate,1.0738,0.6914,1.4561,0.178,0.0897,157,Marginal,TRUE
2026 Jan-Aug,7,Province,Quebec,Long-term unemployment rate,0.9653,0.7803,1.1502,0.0958,0.0434,824,Acceptable,TRUE
2026 Jan-Aug,7,Province,Saskatchewan,Long-term unemployment rate,1.3865,1.0994,1.6737,0.1036,0.0674,490,Acceptable,TRUE
2026 Jan-Aug,7,Province,Alberta,Long-term unemployed (people),45001.5,36660.5385,53342.4615,0.0927,1956.9444,641,Acceptable,TRUE
2026 Jan-Aug,7,Province,British Columbia,Long-term unemployed (people),46219.625,38493.8887,53945.3613,0.0836,1812.6012,965,Acceptable,TRUE
2026 Jan-Aug,7,Province,Manitoba,Long-term unemployed (people),10102,7827.2241,12376.7759,0.1126,533.7047,446,Acceptable,TRUE
2026 Jan-Aug,7,Province,New Brunswick,Long-term unemployed (people),6399.375,5066.8841,7731.8659,0.1041,312.6271,475,Acceptable,TRUE
2026 Jan-Aug,7,Province,Newfoundland and Labrador,Long-term unemployed (people),5184.625,4176.8064,6192.4436,0.0972,236.453,542,Acceptable,TRUE
2026 Jan-Aug,7,Province,Nova Scotia,Long-term unemployed (people),8198.75,6379.1924,10018.3076,0.111,426.902,402,Acceptable,TRUE
2026 Jan-Aug,7,Province,Ontario,Long-term unemployed (people),173114.125,157153.8643,189074.3857,0.0461,3744.5735,3357,Acceptable,TRUE
2026 Jan-Aug,7,Province,Prince Edward Island,Long-term unemployed (people),1116.125,717.3351,1514.9149,0.1786,93.5635,157,Marginal,TRUE
2026 Jan-Aug,7,Province,Quebec,Long-term unemployed (people),47118.875,38080.143,56157.607,0.0959,2120.6543,824,Acceptable,TRUE
2026 Jan-Aug,7,Province,Saskatchewan,Long-term unemployed (people),9143.5,7247.0636,11039.9364,0.1037,444.9392,490,Acceptable,TRUE
2026 Jan-Aug,7,Province,Alberta,Unemployed (people),200266.75,181982.3398,218551.1602,0.0457,4289.8621,2740,Acceptable,TRUE
2026 Jan-Aug,7,Province,British Columbia,Unemployed (people),209290.25,193184.9508,225395.5492,0.0385,3778.6022,4343,Acceptable,TRUE
2026 Jan-Aug,7,Province,Manitoba,Unemployed (people),44519.5,40020.2448,49018.7552,0.0505,1055.6088,2015,Acceptable,TRUE
2026 Jan-Aug,7,Province,New Brunswick,Unemployed (people),33139.5,30274.1581,36004.8419,0.0432,672.2624,2480,Acceptable,TRUE
2026 Jan-Aug,7,Province,Newfoundland and Labrador,Unemployed (people),25712.5,23556.279,27868.721,0.0419,505.8895,2717,Acceptable,TRUE
2026 Jan-Aug,7,Province,Nova Scotia,Unemployed (people),39103.625,35297.9885,42909.2615,0.0487,892.873,1906,Acceptable,TRUE
2026 Jan-Aug,7,Province,Ontario,Unemployed (people),655862,626409.1763,685314.8237,0.0225,6910.1793,13074,Acceptable,TRUE
2026 Jan-Aug,7,Province,Prince Edward Island,Unemployed (people),7868.375,6838.8634,8897.8866,0.0654,241.5425,1096,Acceptable,TRUE
2026 Jan-Aug,7,Province,Quebec,Unemployed (people),283480.375,261766.9392,305193.8108,0.0383,5094.3752,5362,Acceptable,TRUE
2026 Jan-Aug,7,Province,Saskatchewan,Unemployed (people),40469.625,36833.9554,44105.2946,0.0449,852.9956,2176,Acceptable,TRUE
2026 Jan-Aug,7,Age,15 to 24,Unemployment rate,13.7637,13.083,14.4444,0.0247,0.1597,10971,Acceptable,TRUE
2026 Jan-Aug,7,Age,25 to 54,Unemployment rate,5.8138,5.581,6.0466,0.02,0.0546,19743,Acceptable,TRUE
2026 Jan-Aug,7,Age,55 and over,Unemployment rate,5.1434,4.7997,5.4872,0.0334,0.0807,7195,Acceptable,TRUE
2026 Jan-Aug,7,Age,15 to 24,Long-term share of unemployment,18.2791,16.1597,20.3985,0.058,0.4972,1930,Acceptable,TRUE
2026 Jan-Aug,7,Age,25 to 54,Long-term share of unemployment,25.5913,23.7966,27.386,0.0351,0.4211,4540,Acceptable,TRUE
2026 Jan-Aug,7,Age,55 and over,Long-term share of unemployment,28.8628,25.5189,32.2067,0.0579,0.7845,1829,Acceptable,TRUE
2026 Jan-Aug,7,Age,15 to 24,Long-term unemployment rate,2.3796,2.0766,2.6825,0.0637,0.0711,1930,Acceptable,TRUE
2026 Jan-Aug,7,Age,25 to 54,Long-term unemployment rate,1.4202,1.3025,1.538,0.0415,0.0276,4540,Acceptable,TRUE
2026 Jan-Aug,7,Age,55 and over,Long-term unemployment rate,1.4055,1.2104,1.6006,0.0694,0.0458,1829,Acceptable,TRUE
2026 Jan-Aug,7,Age,15 to 24,Long-term unemployed (people),75957.125,66219.7623,85694.4877,0.0641,2284.5661,1930,Acceptable,TRUE
2026 Jan-Aug,7,Age,25 to 54,Long-term unemployed (people),211118.25,193606.2653,228630.2347,0.0415,4108.6367,4540,Acceptable,TRUE
2026 Jan-Aug,7,Age,55 and over,Long-term unemployed (people),64523.125,55513.2246,73533.0254,0.0698,2113.8899,1829,Acceptable,TRUE
2026 Jan-Aug,7,Age,15 to 24,Unemployed (people),439343.5,416701.3432,461985.6568,0.0258,5312.2704,10971,Acceptable,TRUE
2026 Jan-Aug,7,Age,25 to 54,Unemployed (people),864246.875,829503.6741,898990.0759,0.0201,8151.4,19743,Acceptable,TRUE
2026 Jan-Aug,7,Age,55 and over,Unemployed (people),236122.125,220124.835,252119.415,0.0339,3753.2612,7195,Acceptable,TRUE
2026 Jan-Aug,7,Gender,Men+,Unemployment rate,7.0791,6.8066,7.3516,0.0192,0.0639,21011,Acceptable,TRUE
2026 Jan-Aug,7,Gender,Women+,Unemployment rate,6.4849,6.2124,6.7574,0.021,0.0639,16898,Acceptable,TRUE
2026 Jan-Aug,7,Gender,Men+,Long-term share of unemployment,24.3611,22.5819,26.1402,0.0365,0.4174,4701,Acceptable,TRUE
2026 Jan-Aug,7,Gender,Women+,Long-term share of unemployment,23.5917,21.6593,25.5241,0.041,0.4534,3598,Acceptable,TRUE
2026 Jan-Aug,7,Gender,Men+,Long-term unemployment rate,1.6439,1.5052,1.7827,0.0422,0.0326,4701,Acceptable,TRUE
2026 Jan-Aug,7,Gender,Women+,Long-term unemployment rate,1.4503,1.3156,1.5849,0.0464,0.0316,3598,Acceptable,TRUE
2026 Jan-Aug,7,Gender,Men+,Long-term unemployed (people),196425.75,179835.4084,213016.0916,0.0422,3892.4022,4701,Acceptable,TRUE
2026 Jan-Aug,7,Gender,Women+,Long-term unemployed (people),155172.75,140780.4189,169565.0811,0.0464,3376.7081,3598,Acceptable,TRUE
2026 Jan-Aug,7,Gender,Men+,Unemployed (people),845854.5,813101.9101,878607.0899,0.0194,7684.3657,21011,Acceptable,TRUE
2026 Jan-Aug,7,Gender,Women+,Unemployed (people),693858,664478.5366,723237.4634,0.0212,6892.9676,16898,Acceptable,TRUE
2026 Jan-Aug,7,Immigrant status,"Immigrant, landed 10 years or less",Unemployment rate,9.3825,8.6147,10.1503,0.0409,0.1801,4406,Acceptable,TRUE
2026 Jan-Aug,7,Immigrant status,"Immigrant, landed over 10 years",Unemployment rate,6.0684,5.6222,6.5146,0.0368,0.1047,4720,Acceptable,TRUE
2026 Jan-Aug,7,Immigrant status,Non-immigrant (incl. non-permanent residents),Unemployment rate,6.614,6.3903,6.8377,0.0169,0.0525,28783,Acceptable,TRUE
2026 Jan-Aug,7,Immigrant status,"Immigrant, landed 10 years or less",Long-term share of unemployment,23.4663,19.8058,27.1268,0.078,0.8588,975,Acceptable,TRUE
2026 Jan-Aug,7,Immigrant status,"Immigrant, landed over 10 years",Long-term share of unemployment,29.6479,26.1011,33.1947,0.0598,0.8321,1284,Acceptable,TRUE
2026 Jan-Aug,7,Immigrant status,Non-immigrant (incl. non-permanent residents),Long-term share of unemployment,22.7538,21.2524,24.2552,0.033,0.3523,6040,Acceptable,TRUE
2026 Jan-Aug,7,Immigrant status,"Immigrant, landed 10 years or less",Long-term unemployment rate,2.1443,1.7608,2.5277,0.0894,0.09,975,Acceptable,TRUE
2026 Jan-Aug,7,Immigrant status,"Immigrant, landed over 10 years",Long-term unemployment rate,1.7348,1.4849,1.9848,0.072,0.0586,1284,Acceptable,TRUE
2026 Jan-Aug,7,Immigrant status,Non-immigrant (incl. non-permanent residents),Long-term unemployment rate,1.419,1.3146,1.5234,0.0368,0.0245,6040,Acceptable,TRUE
2026 Jan-Aug,7,Immigrant status,"Immigrant, landed 10 years or less",Long-term unemployed (people),50101.5,41012.4921,59190.5079,0.0907,2132.45,975,Acceptable,TRUE
2026 Jan-Aug,7,Immigrant status,"Immigrant, landed over 10 years",Long-term unemployed (people),72892.25,62343.6492,83440.8508,0.0724,2474.8976,1284,Acceptable,TRUE
2026 Jan-Aug,7,Immigrant status,Non-immigrant (incl. non-permanent residents),Long-term unemployed (people),228604.75,211633.645,245575.855,0.0371,3981.7363,6040,Acceptable,TRUE
2026 Jan-Aug,7,Immigrant status,"Immigrant, landed 10 years or less",Unemployed (people),219223.125,200466.6289,237979.6211,0.0428,4400.6222,4406,Acceptable,TRUE
2026 Jan-Aug,7,Immigrant status,"Immigrant, landed over 10 years",Unemployed (people),254973.125,235818.9902,274127.2598,0.0376,4493.9156,4720,Acceptable,TRUE
2026 Jan-Aug,7,Immigrant status,Non-immigrant (incl. non-permanent residents),Unemployed (people),1065516.25,1028840.3657,1102192.1343,0.0172,8604.8434,28783,Acceptable,TRUE
2026 Jan-Aug,7,Education,Bachelor's or above,Unemployment rate,4.8511,4.5659,5.1363,0.0294,0.0669,8339,Acceptable,TRUE
2026 Jan-Aug,7,Education,High school or less,Unemployment rate,10.9088,10.4409,11.3766,0.0214,0.1098,16055,Acceptable,TRUE
2026 Jan-Aug,7,Education,"Some postsecondary, certificate or diploma",Unemployment rate,6.0511,5.7595,6.3428,0.0241,0.0684,13515,Acceptable,TRUE
2026 Jan-Aug,7,Education,Bachelor's or above,Long-term share of unemployment,28.2254,25.4438,31.007,0.0493,0.6526,2169,Acceptable,TRUE
2026 Jan-Aug,7,Education,High school or less,Long-term share of unemployment,22.5118,20.6385,24.3852,0.0416,0.4395,3386,Acceptable,TRUE
2026 Jan-Aug,7,Education,"Some postsecondary, certificate or diploma",Long-term share of unemployment,22.4603,20.1193,24.8013,0.0521,0.5492,2744,Acceptable,TRUE
2026 Jan-Aug,7,Education,Bachelor's or above,Long-term unemployment rate,1.3029,1.1479,1.4578,0.0595,0.0364,2169,Acceptable,TRUE
2026 Jan-Aug,7,Education,High school or less,Long-term unemployment rate,2.3462,2.1289,2.5635,0.0463,0.051,3386,Acceptable,TRUE
2026 Jan-Aug,7,Education,"Some postsecondary, certificate or diploma",Long-term unemployment rate,1.2845,1.1366,1.4323,0.0575,0.0347,2744,Acceptable,TRUE
2026 Jan-Aug,7,Education,Bachelor's or above,Long-term unemployed (people),110005.375,96877.6996,123133.0504,0.0597,3079.9964,2169,Acceptable,TRUE
2026 Jan-Aug,7,Education,High school or less,Long-term unemployed (people),130682.875,118398.1678,142967.5822,0.047,2882.2204,3386,Acceptable,TRUE
2026 Jan-Aug,7,Education,"Some postsecondary, certificate or diploma",Long-term unemployed (people),110910.25,98018.8008,123801.6992,0.0581,3024.5733,2744,Acceptable,TRUE
2026 Jan-Aug,7,Education,Bachelor's or above,Unemployed (people),409598,385086.1672,434109.8328,0.0299,5750.9311,8339,Acceptable,TRUE
2026 Jan-Aug,7,Education,High school or less,Unemployed (people),607617.375,580327.2502,634907.4998,0.0225,6402.7699,16055,Acceptable,TRUE
2026 Jan-Aug,7,Education,"Some postsecondary, certificate or diploma",Unemployed (people),522497.125,496977.8958,548016.3542,0.0244,5987.285,13515,Acceptable,TRUE
2026 Jan-Aug,7,Age x immigrant status,"15 to 24 | Immigrant, landed 10 years or less",Unemployment rate,17.8318,15.0254,20.6381,0.0787,0.6584,1013,Acceptable,TRUE
2026 Jan-Aug,7,Age x immigrant status,"15 to 24 | Immigrant, landed over 10 years",Unemployment rate,16.1071,12.9164,19.2977,0.099,0.7486,644,Acceptable,TRUE
2026 Jan-Aug,7,Age x immigrant status,15 to 24 | Non-immigrant (incl. non-permanent residents),Unemployment rate,13.1911,12.4762,13.906,0.0271,0.1677,9314,Acceptable,TRUE
2026 Jan-Aug,7,Age x immigrant status,"25 to 54 | Immigrant, landed 10 years or less",Unemployment rate,8.1555,7.3814,8.9296,0.0475,0.1816,3116,Acceptable,TRUE
2026 Jan-Aug,7,Age x immigrant status,"25 to 54 | Immigrant, landed over 10 years",Unemployment rate,5.787,5.2245,6.3495,0.0486,0.132,2730,Acceptable,TRUE
2026 Jan-Aug,7,Age x immigrant status,25 to 54 | Non-immigrant (incl. non-permanent residents),Unemployment rate,5.3674,5.1008,5.6339,0.0248,0.0625,13897,Acceptable,TRUE
2026 Jan-Aug,7,Age x immigrant status,"55 and over | Immigrant, landed 10 years or less",Unemployment rate,12.6761,8.4934,16.8587,0.165,0.9813,277,Marginal,TRUE
2026 Jan-Aug,7,Age x immigrant status,"55 and over | Immigrant, landed over 10 years",Unemployment rate,4.9691,4.2591,5.679,0.0714,0.1666,1346,Acceptable,TRUE
2026 Jan-Aug,7,Age x immigrant status,55 and over | Non-immigrant (incl. non-permanent residents),Unemployment rate,4.9959,4.6086,5.3831,0.0388,0.0909,5572,Acceptable,TRUE
2026 Jan-Aug,7,Age x immigrant status,"15 to 24 | Immigrant, landed 10 years or less",Long-term share of unemployment,15.8108,9.5076,22.1141,0.1993,1.4789,158,Marginal,TRUE
2026 Jan-Aug,7,Age x immigrant status,"15 to 24 | Immigrant, landed over 10 years",Long-term share of unemployment,20.7379,11.8638,29.6121,0.214,2.082,105,Marginal,TRUE
2026 Jan-Aug,7,Age x immigrant status,15 to 24 | Non-immigrant (incl. non-permanent residents),Long-term share of unemployment,18.3435,16.0194,20.6676,0.0633,0.5453,1667,Acceptable,TRUE
2026 Jan-Aug,7,Age x immigrant status,"25 to 54 | Immigrant, landed 10 years or less",Long-term share of unemployment,24.6892,20.2632,29.1152,0.0896,1.0384,734,Acceptable,TRUE
2026 Jan-Aug,7,Age x immigrant status,"25 to 54 | Immigrant, landed over 10 years",Long-term share of unemployment,30.5618,25.8577,35.2658,0.077,1.1037,781,Acceptable,TRUE
2026 Jan-Aug,7,Age x immigrant status,25 to 54 | Non-immigrant (incl. non-permanent residents),Long-term share of unemployment,24.4918,22.3459,26.6377,0.0438,0.5035,3025,Acceptable,TRUE
2026 Jan-Aug,7,Age x immigrant status,"55 and over | Immigrant, landed 10 years or less",Long-term share of unemployment,35.3132,17.778,52.8484,0.2483,4.1141,83,Marginal,TRUE
2026 Jan-Aug,7,Age x immigrant status,"55 and over | Immigrant, landed over 10 years",Long-term share of unemployment,32.2666,25.2621,39.2711,0.1085,1.6434,398,Acceptable,TRUE
2026 Jan-Aug,7,Age x immigrant status,55 and over | Non-immigrant (incl. non-permanent residents),Long-term share of unemployment,26.7752,22.8838,30.6666,0.0727,0.913,1348,Acceptable,TRUE
2026 Jan-Aug,7,Age x immigrant status,"15 to 24 | Immigrant, landed 10 years or less",Long-term unemployment rate,2.7009,1.5791,3.8227,0.2077,0.2632,158,Marginal,TRUE
2026 Jan-Aug,7,Age x immigrant status,"15 to 24 | Immigrant, landed over 10 years",Long-term unemployment rate,3.1879,1.6588,4.7169,0.2398,0.3587,105,Marginal,TRUE
2026 Jan-Aug,7,Age x immigrant status,15 to 24 | Non-immigrant (incl. non-permanent residents),Long-term unemployment rate,2.2828,1.9672,2.5984,0.0691,0.074,1667,Acceptable,TRUE
2026 Jan-Aug,7,Age x immigrant status,"25 to 54 | Immigrant, landed 10 years or less",Long-term unemployment rate,1.9695,1.5661,2.373,0.1024,0.0946,734,Acceptable,TRUE
2026 Jan-Aug,7,Age x immigrant status,"25 to 54 | Immigrant, landed over 10 years",Long-term unemployment rate,1.7023,1.3869,2.0177,0.0926,0.074,781,Acceptable,TRUE
2026 Jan-Aug,7,Age x immigrant status,25 to 54 | Non-immigrant (incl. non-permanent residents),Long-term unemployment rate,1.2428,1.1162,1.3694,0.0509,0.0297,3025,Acceptable,TRUE
2026 Jan-Aug,7,Age x immigrant status,"55 and over | Immigrant, landed 10 years or less",Long-term unemployment rate,4.3705,1.6817,7.0593,0.3076,0.6308,83,Marginal,TRUE
2026 Jan-Aug,7,Age x immigrant status,"55 and over | Immigrant, landed over 10 years",Long-term unemployment rate,1.5604,1.1466,1.9742,0.1326,0.0971,398,Acceptable,TRUE
2026 Jan-Aug,7,Age x immigrant status,55 and over | Non-immigrant (incl. non-permanent residents),Long-term unemployment rate,1.2477,1.0453,1.4501,0.0811,0.0475,1348,Acceptable,TRUE
2026 Jan-Aug,7,Age x immigrant status,"15 to 24 | Immigrant, landed 10 years or less",Long-term unemployed (people),6828.25,3962.0697,9694.4303,0.2099,672.4591,158,Marginal,TRUE
2026 Jan-Aug,7,Age x immigrant status,"15 to 24 | Immigrant, landed over 10 years",Long-term unemployed (people),7157,3687.4438,10626.5562,0.2424,814.0223,105,Marginal,TRUE
2026 Jan-Aug,7,Age x immigrant status,15 to 24 | Non-immigrant (incl. non-permanent residents),Long-term unemployed (people),61971.875,53313.4472,70630.3028,0.0699,2031.4279,1667,Acceptable,TRUE
2026 Jan-Aug,7,Age x immigrant status,"25 to 54 | Immigrant, landed 10 years or less",Long-term unemployed (people),39206.625,31066.1706,47347.0794,0.1038,1909.9017,734,Acceptable,TRUE
2026 Jan-Aug,7,Age x immigrant status,"25 to 54 | Immigrant, landed over 10 years",Long-term unemployed (people),44091,35900.5132,52281.4868,0.0929,1921.6403,781,Acceptable,TRUE
2026 Jan-Aug,7,Age x immigrant status,25 to 54 | Non-immigrant (incl. non-permanent residents),Long-term unemployed (people),127820.625,114748.9476,140892.3024,0.0511,3066.8582,3025,Acceptable,TRUE
2026 Jan-Aug,7,Age x immigrant status,"55 and over | Immigrant, landed 10 years or less",Long-term unemployed (people),4066.625,1508.579,6624.671,0.3145,600.1651,83,Marginal,TRUE
2026 Jan-Aug,7,Age x immigrant status,"55 and over | Immigrant, landed over 10 years",Long-term unemployed (people),21644.25,15854.517,27433.983,0.1337,1358.3789,398,Acceptable,TRUE
2026 Jan-Aug,7,Age x immigrant status,55 and over | Non-immigrant (incl. non-permanent residents),Long-term unemployed (people),38812.25,32505.4132,45119.0868,0.0812,1479.701,1348,Acceptable,TRUE
2026 Jan-Aug,7,Age x immigrant status,"15 to 24 | Immigrant, landed 10 years or less",Unemployed (people),45081.25,37480.8054,52681.6946,0.0843,1783.2054,1013,Acceptable,TRUE
2026 Jan-Aug,7,Age x immigrant status,"15 to 24 | Immigrant, landed over 10 years",Unemployed (people),36161.75,28238.865,44084.635,0.1095,1858.8559,644,Acceptable,TRUE
2026 Jan-Aug,7,Age x immigrant status,15 to 24 | Non-immigrant (incl. non-permanent residents),Unemployed (people),358100.5,338033.0904,378167.9096,0.028,4708.1869,9314,Acceptable,TRUE
2026 Jan-Aug,7,Age x immigrant status,"25 to 54 | Immigrant, landed 10 years or less",Unemployed (people),162347.125,146297.9558,178396.2942,0.0494,3765.4331,3116,Acceptable,TRUE
2026 Jan-Aug,7,Age x immigrant status,"25 to 54 | Immigrant, landed over 10 years",Unemployed (people),149886,135072.6942,164699.3058,0.0494,3475.4766,2730,Acceptable,TRUE
2026 Jan-Aug,7,Age x immigrant status,25 to 54 | Non-immigrant (incl. non-permanent residents),Unemployed (people),552013.75,524411.6083,579615.8917,0.025,6475.9749,13897,Acceptable,TRUE
2026 Jan-Aug,7,Age x immigrant status,"55 and over | Immigrant, landed 10 years or less",Unemployed (people),11794.75,7616.0598,15973.4402,0.1771,980.3983,277,Marginal,TRUE
2026 Jan-Aug,7,Age x immigrant status,"55 and over | Immigrant, landed over 10 years",Unemployed (people),68925.375,58825.8218,79024.9282,0.0733,2369.5427,1346,Acceptable,TRUE
2026 Jan-Aug,7,Age x immigrant status,55 and over | Non-immigrant (incl. non-permanent residents),Unemployed (people),155402,143259.702,167544.298,0.0391,2848.8085,5572,Acceptable,TRUE
2026 Jan-Aug,7,Province x age,Alberta | 15 to 24,Unemployment rate,15.1438,12.8321,17.4555,0.0763,0.5424,875,Acceptable,TRUE
2026 Jan-Aug,7,Province x age,Alberta | 25 to 54,Unemployment rate,5.8759,5.1375,6.6143,0.0628,0.1732,1443,Acceptable,TRUE
2026 Jan-Aug,7,Province x age,Alberta | 55 and over,Unemployment rate,4.847,3.7115,5.9825,0.1171,0.2664,422,Acceptable,TRUE
2026 Jan-Aug,7,Province x age,British Columbia | 15 to 24,Unemployment rate,14.1754,12.1086,16.2422,0.0729,0.4849,1173,Acceptable,TRUE
2026 Jan-Aug,7,Province x age,British Columbia | 25 to 54,Unemployment rate,5.5852,4.9966,6.1738,0.0527,0.1381,2377,Acceptable,TRUE
2026 Jan-Aug,7,Province x age,British Columbia | 55 and over,Unemployment rate,5.4565,4.452,6.461,0.092,0.2357,793,Acceptable,TRUE
2026 Jan-Aug,7,Province x age,Manitoba | 15 to 24,Unemployment rate,11.7945,9.7966,13.7923,0.0847,0.4687,649,Acceptable,TRUE
2026 Jan-Aug,7,Province x age,Manitoba | 25 to 54,Unemployment rate,4.4309,3.8183,5.0435,0.0691,0.1437,1034,Acceptable,TRUE
2026 Jan-Aug,7,Province x age,Manitoba | 55 and over,Unemployment rate,4.4263,3.3283,5.5244,0.124,0.2576,332,Acceptable,TRUE
2026 Jan-Aug,7,Province x age,New Brunswick | 15 to 24,Unemployment rate,14.1625,11.8699,16.455,0.0809,0.5379,656,Acceptable,TRUE
2026 Jan-Aug,7,Province x age,New Brunswick | 25 to 54,Unemployment rate,6.102,5.3481,6.8558,0.0618,0.1769,1234,Acceptable,TRUE
2026 Jan-Aug,7,Province x age,New Brunswick | 55 and over,Unemployment rate,7.1766,5.94,8.4133,0.0862,0.2901,590,Acceptable,TRUE
2026 Jan-Aug,7,Province x age,Newfoundland and Labrador | 15 to 24,Unemployment rate,18.0342,15.1512,20.9173,0.0799,0.6764,689,Acceptable,TRUE
2026 Jan-Aug,7,Province x age,Newfoundland and Labrador | 25 to 54,Unemployment rate,6.9656,6.1183,7.8129,0.0608,0.1988,1226,Acceptable,TRUE
2026 Jan-Aug,7,Province x age,Newfoundland and Labrador | 55 and over,Unemployment rate,11.1055,9.4466,12.7644,0.0747,0.3892,802,Acceptable,TRUE
2026 Jan-Aug,7,Province x age,Nova Scotia | 15 to 24,Unemployment rate,13.5179,11.0902,15.9456,0.0898,0.5696,516,Acceptable,TRUE
2026 Jan-Aug,7,Province x age,Nova Scotia | 25 to 54,Unemployment rate,5.7712,5.0028,6.5397,0.0666,0.1803,997,Acceptable,TRUE
2026 Jan-Aug,7,Province x age,Nova Scotia | 55 and over,Unemployment rate,5.8033,4.5237,7.0828,0.1102,0.3002,393,Acceptable,TRUE
2026 Jan-Aug,7,Province x age,Ontario | 15 to 24,Unemployment rate,15.8352,14.6331,17.0373,0.038,0.282,4065,Acceptable,TRUE
2026 Jan-Aug,7,Province x age,Ontario | 25 to 54,Unemployment rate,6.3022,5.9075,6.6969,0.0313,0.0926,6995,Acceptable,TRUE
2026 Jan-Aug,7,Province x age,Ontario | 55 and over,Unemployment rate,4.8966,4.3433,5.4498,0.0565,0.1298,2014,Acceptable,TRUE
2026 Jan-Aug,7,Province x age,Prince Edward Island | 15 to 24,Unemployment rate,12.359,9.1458,15.5722,0.13,0.7539,273,Acceptable,TRUE
2026 Jan-Aug,7,Province x age,Prince Edward Island | 25 to 54,Unemployment rate,5.7552,4.66,6.8504,0.0951,0.257,499,Acceptable,TRUE
2026 Jan-Aug,7,Province x age,Prince Edward Island | 55 and over,Unemployment rate,9.2393,7.1002,11.3784,0.1158,0.5019,324,Acceptable,TRUE
2026 Jan-Aug,7,Province x age,Quebec | 15 to 24,Unemployment rate,9.4327,8.0522,10.8131,0.0732,0.3239,1407,Acceptable,TRUE
2026 Jan-Aug,7,Province x age,Quebec | 25 to 54,Unemployment rate,5.277,4.7469,5.8071,0.0502,0.1244,2796,Acceptable,TRUE
2026 Jan-Aug,7,Province x age,Quebec | 55 and over,Unemployment rate,4.9155,4.0865,5.7445,0.0843,0.1945,1159,Acceptable,TRUE
2026 Jan-Aug,7,Province x age,Saskatchewan | 15 to 24,Unemployment rate,12.4992,10.5059,14.4925,0.0797,0.4677,668,Acceptable,TRUE
2026 Jan-Aug,7,Province x age,Saskatchewan | 25 to 54,Unemployment rate,5.0155,4.3924,5.6386,0.0621,0.1462,1142,Acceptable,TRUE
2026 Jan-Aug,7,Province x age,Saskatchewan | 55 and over,Unemployment rate,4.9553,3.8393,6.0712,0.1126,0.2618,366,Acceptable,TRUE
2026 Jan-Aug,7,Province x age,Alberta | 15 to 24,Long-term share of unemployment,22.022,15.3087,28.7353,0.1524,1.5751,207,Marginal,TRUE
2026 Jan-Aug,7,Province x age,Alberta | 25 to 54,Long-term share of unemployment,23.7288,18.332,29.1256,0.1137,1.2662,316,Acceptable,TRUE
2026 Jan-Aug,7,Province x age,Alberta | 55 and over,Long-term share of unemployment,28.6468,17.6002,39.6934,0.1928,2.5917,118,Marginal,TRUE
2026 Jan-Aug,7,Province x age,British Columbia | 15 to 24,Long-term share of unemployment,16.2398,9.9902,22.4895,0.1924,1.4663,176,Marginal,TRUE
2026 Jan-Aug,7,Province x age,British Columbia | 25 to 54,Long-term share of unemployment,25.9738,21.2643,30.6833,0.0907,1.1049,587,Acceptable,TRUE
2026 Jan-Aug,7,Province x age,British Columbia | 55 and over,Long-term share of unemployment,25.074,17.037,33.1111,0.1603,1.8856,202,Marginal,TRUE
2026 Jan-Aug,7,Province x age,Manitoba | 15 to 24,Long-term share of unemployment,20.6294,13.451,27.8077,0.174,1.6842,127,Marginal,TRUE
2026 Jan-Aug,7,Province x age,Manitoba | 25 to 54,Long-term share of unemployment,24.9781,18.1341,31.8221,0.137,1.6057,226,Acceptable,TRUE
2026 Jan-Aug,7,Province x age,Manitoba | 55 and over,Long-term share of unemployment,29.1802,16.8806,41.4799,0.2108,2.8857,93,Marginal,TRUE
2026 Jan-Aug,7,Province x age,New Brunswick | 15 to 24,Long-term share of unemployment,19.4129,12.0661,26.7598,0.1892,1.7237,118,Marginal,TRUE
2026 Jan-Aug,7,Province x age,New Brunswick | 25 to 54,Long-term share of unemployment,20.6196,14.9661,26.273,0.1371,1.3264,229,Acceptable,TRUE
2026 Jan-Aug,7,Province x age,New Brunswick | 55 and over,Long-term share of unemployment,23.0292,15.174,30.8843,0.1705,1.843,128,Marginal,TRUE
2026 Jan-Aug,7,Province x age,Newfoundland and Labrador | 15 to 24,Long-term share of unemployment,23.9455,16.4729,31.4182,0.156,1.7532,160,Marginal,TRUE
2026 Jan-Aug,7,Province x age,Newfoundland and Labrador | 25 to 54,Long-term share of unemployment,18.4993,13.3459,23.6528,0.1393,1.2091,204,Acceptable,TRUE
2026 Jan-Aug,7,Province x age,Newfoundland and Labrador | 55 and over,Long-term share of unemployment,24.299,17.6126,30.9854,0.1376,1.5688,178,Acceptable,TRUE
2026 Jan-Aug,7,Province x age,Nova Scotia | 15 to 24,Long-term share of unemployment,11.0487,4.79,17.3074,0.2832,1.4684,54,Marginal,TRUE
2026 Jan-Aug,7,Province x age,Nova Scotia | 25 to 54,Long-term share of unemployment,26.2636,19.8816,32.6457,0.1215,1.4973,244,Acceptable,TRUE
2026 Jan-Aug,7,Province x age,Nova Scotia | 55 and over,Long-term share of unemployment,28.908,18.4065,39.4094,0.1816,2.4638,104,Marginal,TRUE
2026 Jan-Aug,7,Province x age,Ontario | 15 to 24,Long-term share of unemployment,19.7973,16.4987,23.0958,0.0833,0.7739,783,Acceptable,TRUE
2026 Jan-Aug,7,Province x age,Ontario | 25 to 54,Long-term share of unemployment,29.8509,26.876,32.8259,0.0498,0.698,1939,Acceptable,TRUE
2026 Jan-Aug,7,Province x age,Ontario | 55 and over,Long-term share of unemployment,34.2388,28.4408,40.0368,0.0847,1.3603,635,Acceptable,TRUE
2026 Jan-Aug,7,Province x age,Prince Edward Island | 15 to 24,Long-term share of unemployment,15.0887,4.9487,25.2287,0.336,2.379,38,Marginal,TRUE
2026 Jan-Aug,7,Province x age,Prince Edward Island | 25 to 54,Long-term share of unemployment,15.2427,7.7028,22.7826,0.2473,1.769,69,Marginal,TRUE
2026 Jan-Aug,7,Province x age,Prince Edward Island | 55 and over,Long-term share of unemployment,16.2447,6.6958,25.7937,0.2939,2.2404,50,Marginal,TRUE
2026 Jan-Aug,7,Province x age,Quebec | 15 to 24,Long-term share of unemployment,11.9925,6.7709,17.2141,0.2177,1.2251,156,Marginal,TRUE
2026 Jan-Aug,7,Province x age,Quebec | 25 to 54,Long-term share of unemployment,18.0598,14.037,22.0826,0.1114,0.9438,445,Acceptable,TRUE
2026 Jan-Aug,7,Province x age,Quebec | 55 and over,Long-term share of unemployment,23.8761,15.8878,31.8644,0.1673,1.8742,223,Marginal,TRUE
2026 Jan-Aug,7,Province x age,Saskatchewan | 15 to 24,Long-term share of unemployment,18.2202,10.9846,25.4557,0.1986,1.6976,111,Marginal,TRUE
2026 Jan-Aug,7,Province x age,Saskatchewan | 25 to 54,Long-term share of unemployment,26.6154,20.5013,32.7296,0.1149,1.4345,281,Acceptable,TRUE
2026 Jan-Aug,7,Province x age,Saskatchewan | 55 and over,Long-term share of unemployment,28.0774,17.4454,38.7093,0.1893,2.4945,98,Marginal,TRUE
2026 Jan-Aug,7,Province x age,Alberta | 15 to 24,Long-term unemployment rate,3.1487,2.0782,4.2191,0.17,0.2512,207,Marginal,TRUE
2026 Jan-Aug,7,Province x age,Alberta | 25 to 54,Long-term unemployment rate,1.3071,0.963,1.6512,0.1316,0.0807,316,Acceptable,TRUE
2026 Jan-Aug,7,Province x age,Alberta | 55 and over,Long-term unemployment rate,1.3344,0.7418,1.927,0.222,0.139,118,Marginal,TRUE
2026 Jan-Aug,7,Province x age,British Columbia | 15 to 24,Long-term unemployment rate,2.1774,1.2568,3.0979,0.2114,0.216,176,Marginal,TRUE
2026 Jan-Aug,7,Province x age,British Columbia | 25 to 54,Long-term unemployment rate,1.3865,1.0975,1.6756,0.1042,0.0678,587,Acceptable,TRUE
2026 Jan-Aug,7,Province x age,British Columbia | 55 and over,Long-term unemployment rate,1.3068,0.8383,1.7752,0.1793,0.1099,202,Marginal,TRUE
2026 Jan-Aug,7,Province x age,Manitoba | 15 to 24,Long-term unemployment rate,2.3081,1.3953,3.2209,0.1977,0.2142,127,Marginal,TRUE
2026 Jan-Aug,7,Province x age,Manitoba | 25 to 54,Long-term unemployment rate,1.0294,0.7082,1.3505,0.156,0.0753,226,Marginal,TRUE
2026 Jan-Aug,7,Province x age,Manitoba | 55 and over,Long-term unemployment rate,1.2424,0.6306,1.8542,0.2462,0.1435,93,Marginal,TRUE
2026 Jan-Aug,7,Province x age,New Brunswick | 15 to 24,Long-term unemployment rate,2.6085,1.5143,3.7027,0.2097,0.2567,118,Marginal,TRUE
2026 Jan-Aug,7,Province x age,New Brunswick | 25 to 54,Long-term unemployment rate,1.1636,0.817,1.5102,0.1489,0.0813,229,Acceptable,TRUE
2026 Jan-Aug,7,Province x age,New Brunswick | 55 and over,Long-term unemployment rate,1.5105,0.9216,2.0994,0.1949,0.1382,128,Marginal,TRUE
2026 Jan-Aug,7,Province x age,Newfoundland and Labrador | 15 to 24,Long-term unemployment rate,4.1533,2.6913,5.6152,0.176,0.343,160,Marginal,TRUE
2026 Jan-Aug,7,Province x age,Newfoundland and Labrador | 25 to 54,Long-term unemployment rate,1.195,0.8298,1.5602,0.1528,0.0857,204,Marginal,TRUE
2026 Jan-Aug,7,Province x age,Newfoundland and Labrador | 55 and over,Long-term unemployment rate,2.4901,1.6901,3.2901,0.1606,0.1877,178,Marginal,TRUE
2026 Jan-Aug,7,Province x age,Nova Scotia | 15 to 24,Long-term unemployment rate,1.3914,0.5682,2.2146,0.2958,0.1931,54,Marginal,TRUE
2026 Jan-Aug,7,Province x age,Nova Scotia | 25 to 54,Long-term unemployment rate,1.4099,1.0127,1.8071,0.1409,0.0932,244,Acceptable,TRUE
2026 Jan-Aug,7,Province x age,Nova Scotia | 55 and over,Long-term unemployment rate,1.5402,0.8679,2.2126,0.2183,0.1578,104,Marginal,TRUE
2026 Jan-Aug,7,Province x age,Ontario | 15 to 24,Long-term unemployment rate,2.9815,2.4372,3.5257,0.0913,0.1277,783,Acceptable,TRUE
2026 Jan-Aug,7,Province x age,Ontario | 25 to 54,Long-term unemployment rate,1.8201,1.5967,2.0435,0.0614,0.0524,1939,Acceptable,TRUE
2026 Jan-Aug,7,Province x age,Ontario | 55 and over,Long-term unemployment rate,1.6117,1.2721,1.9513,0.1054,0.0797,635,Acceptable,TRUE
2026 Jan-Aug,7,Province x age,Prince Edward Island | 15 to 24,Long-term unemployment rate,1.7274,0.493,2.9617,0.3573,0.2896,38,Suppressed,FALSE
2026 Jan-Aug,7,Province x age,Prince Edward Island | 25 to 54,Long-term unemployment rate,0.7867,0.3722,1.2012,0.2634,0.0973,69,Marginal,TRUE
2026 Jan-Aug,7,Province x age,Prince Edward Island | 55 and over,Long-term unemployment rate,1.4129,0.4976,2.3283,0.3239,0.2148,50,Marginal,TRUE
2026 Jan-Aug,7,Province x age,Quebec | 15 to 24,Long-term unemployment rate,1.0541,0.5693,1.539,0.23,0.1138,156,Marginal,TRUE
2026 Jan-Aug,7,Province x age,Quebec | 25 to 54,Long-term unemployment rate,0.9077,0.6863,1.1291,0.1219,0.0519,445,Acceptable,TRUE
2026 Jan-Aug,7,Province x age,Quebec | 55 and over,Long-term unemployment rate,1.0824,0.6565,1.5084,0.1968,0.0999,223,Marginal,TRUE
2026 Jan-Aug,7,Province x age,Saskatchewan | 15 to 24,Long-term unemployment rate,2.1572,1.2106,3.1038,0.2194,0.2221,111,Marginal,TRUE
2026 Jan-Aug,7,Province x age,Saskatchewan | 25 to 54,Long-term unemployment rate,1.2425,0.9112,1.5738,0.1333,0.0777,281,Acceptable,TRUE
2026 Jan-Aug,7,Province x age,Saskatchewan | 55 and over,Long-term unemployment rate,1.2705,0.7024,1.8385,0.2236,0.1333,98,Marginal,TRUE
2026 Jan-Aug,7,Province x age,Alberta | 15 to 24,Long-term unemployed (people),12707.875,8365.7195,17050.0305,0.1708,1018.7503,207,Marginal,TRUE
2026 Jan-Aug,7,Province x age,Alberta | 25 to 54,Long-term unemployed (people),25315.375,18641.2833,31989.4667,0.1318,1565.8658,316,Acceptable,TRUE
2026 Jan-Aug,7,Province x age,Alberta | 55 and over,Long-term unemployed (people),6978.25,3861.1687,10095.3313,0.2233,731.3252,118,Marginal,TRUE
2026 Jan-Aug,7,Province x age,British Columbia | 15 to 24,Long-term unemployed (people),8799.125,5060.0568,12538.1932,0.2125,877.2548,176,Marginal,TRUE
2026 Jan-Aug,7,Province x age,British Columbia | 25 to 54,Long-term unemployed (people),28806.25,22805.3099,34807.1901,0.1042,1407.932,587,Acceptable,TRUE
2026 Jan-Aug,7,Province x age,British Columbia | 55 and over,Long-term unemployed (people),8614.25,5508.7267,11719.7733,0.1803,728.6134,202,Marginal,TRUE
2026 Jan-Aug,7,Province x age,Manitoba | 15 to 24,Long-term unemployed (people),2927.125,1766.9145,4087.3355,0.1982,272.2069,127,Marginal,TRUE
2026 Jan-Aug,7,Province x age,Manitoba | 25 to 54,Long-term unemployed (people),5392,3708.4618,7075.5382,0.1561,394.9893,226,Marginal,TRUE
2026 Jan-Aug,7,Province x age,Manitoba | 55 and over,Long-term unemployed (people),1782.875,905.1249,2660.6251,0.2462,205.9365,93,Marginal,TRUE
2026 Jan-Aug,7,Province x age,New Brunswick | 15 to 24,Long-term unemployed (people),1674.875,971.9994,2377.7506,0.2098,164.9077,118,Marginal,TRUE
2026 Jan-Aug,7,Province x age,New Brunswick | 25 to 54,Long-term unemployed (people),3245.625,2279.5673,4211.6827,0.1488,226.6551,229,Acceptable,TRUE
2026 Jan-Aug,7,Province x age,New Brunswick | 55 and over,Long-term unemployed (people),1478.875,899.476,2058.274,0.1959,135.9378,128,Marginal,TRUE
2026 Jan-Aug,7,Province x age,Newfoundland and Labrador | 15 to 24,Long-term unemployed (people),1571.125,1015.5333,2126.7167,0.1768,130.3521,160,Marginal,TRUE
2026 Jan-Aug,7,Province x age,Newfoundland and Labrador | 25 to 54,Long-term unemployed (people),2026.625,1406.6853,2646.5647,0.1529,145.4494,204,Marginal,TRUE
2026 Jan-Aug,7,Province x age,Newfoundland and Labrador | 55 and over,Long-term unemployed (people),1586.875,1071.9833,2101.7667,0.1622,120.8031,178,Marginal,TRUE
2026 Jan-Aug,7,Province x age,Nova Scotia | 15 to 24,Long-term unemployed (people),1096.625,449.6172,1743.6328,0.295,151.8,54,Marginal,TRUE
2026 Jan-Aug,7,Province x age,Nova Scotia | 25 to 54,Long-term unemployed (people),5190.875,3731.027,6650.723,0.1406,342.5074,244,Acceptable,TRUE
2026 Jan-Aug,7,Province x age,Nova Scotia | 55 and over,Long-term unemployed (people),1911.25,1072.029,2750.471,0.2195,196.8968,104,Marginal,TRUE
2026 Jan-Aug,7,Province x age,Ontario | 15 to 24,Long-term unemployed (people),37245.625,30406.1974,44085.0526,0.0918,1604.6567,783,Acceptable,TRUE
2026 Jan-Aug,7,Province x age,Ontario | 25 to 54,Long-term unemployed (people),106633.125,93533.9775,119732.2725,0.0614,3073.3032,1939,Acceptable,TRUE
2026 Jan-Aug,7,Province x age,Ontario | 55 and over,Long-term unemployed (people),29235.375,23061.17,35409.58,0.1056,1448.5831,635,Acceptable,TRUE
2026 Jan-Aug,7,Province x age,Prince Edward Island | 15 to 24,Long-term unemployed (people),284.875,81.0311,488.7189,0.3578,47.8256,38,Suppressed,FALSE
2026 Jan-Aug,7,Province x age,Prince Edward Island | 25 to 54,Long-term unemployed (people),508,240.3369,775.6631,0.2634,62.7987,69,Marginal,TRUE
2026 Jan-Aug,7,Province x age,Prince Edward Island | 55 and over,Long-term unemployed (people),323.25,112.9425,533.5575,0.3253,49.3421,50,Marginal,TRUE
2026 Jan-Aug,7,Province x age,Quebec | 15 to 24,Long-term unemployed (people),7495.5,4038.0208,10952.9792,0.2306,811.1888,156,Marginal,TRUE
2026 Jan-Aug,7,Province x age,Quebec | 25 to 54,Long-term unemployed (people),28666.375,21654.2918,35678.4582,0.1223,1645.1649,445,Acceptable,TRUE
2026 Jan-Aug,7,Province x age,Quebec | 55 and over,Long-term unemployed (people),10957,6631.795,15282.205,0.1974,1014.7734,223,Marginal,TRUE
2026 Jan-Aug,7,Province x age,Saskatchewan | 15 to 24,Long-term unemployed (people),2154.375,1208.6979,3100.0521,0.2195,221.8734,111,Marginal,TRUE
2026 Jan-Aug,7,Province x age,Saskatchewan | 25 to 54,Long-term unemployed (people),5334,3909.604,6758.396,0.1335,334.1897,281,Acceptable,TRUE
2026 Jan-Aug,7,Province x age,Saskatchewan | 55 and over,Long-term unemployed (people),1655.125,913.1087,2397.1413,0.2242,174.0908,98,Marginal,TRUE
2026 Jan-Aug,7,Province x age,Alberta | 15 to 24,Unemployed (people),61119.875,51476.5326,70763.2174,0.0789,2262.5072,875,Acceptable,TRUE
2026 Jan-Aug,7,Province x age,Alberta | 25 to 54,Unemployed (people),113799.75,99412.729,128186.771,0.0632,3375.4622,1443,Acceptable,TRUE
2026 Jan-Aug,7,Province x age,Alberta | 55 and over,Unemployed (people),25347.125,19346.6348,31347.6152,0.1184,1407.8264,422,Acceptable,TRUE
2026 Jan-Aug,7,Province x age,British Columbia | 15 to 24,Unemployed (people),57285.25,48617.0621,65953.4379,0.0757,2033.7178,1173,Acceptable,TRUE
2026 Jan-Aug,7,Province x age,British Columbia | 25 to 54,Unemployed (people),116035.125,103813.3489,128256.9011,0.0527,2867.4556,2377,Acceptable,TRUE
2026 Jan-Aug,7,Province x age,British Columbia | 55 and over,Unemployed (people),35969.875,29309.8158,42629.9342,0.0926,1562.5735,793,Acceptable,TRUE
2026 Jan-Aug,7,Province x age,Manitoba | 15 to 24,Unemployed (people),14957.625,12365.3707,17549.8793,0.0867,608.191,649,Acceptable,TRUE
2026 Jan-Aug,7,Province x age,Manitoba | 25 to 54,Unemployed (people),23209.875,19985.8867,26433.8633,0.0695,756.4075,1034,Acceptable,TRUE
2026 Jan-Aug,7,Province x age,Manitoba | 55 and over,Unemployed (people),6352,4761.5623,7942.4377,0.1252,373.1462,332,Acceptable,TRUE
2026 Jan-Aug,7,Province x age,New Brunswick | 15 to 24,Unemployed (people),9093.375,7581.9838,10604.7662,0.0831,354.6004,656,Acceptable,TRUE
2026 Jan-Aug,7,Province x age,New Brunswick | 25 to 54,Unemployed (people),17019.75,14909.6571,19129.8429,0.062,495.067,1234,Acceptable,TRUE
2026 Jan-Aug,7,Province x age,New Brunswick | 55 and over,Unemployed (people),7026.375,5797.6347,8255.1153,0.0874,288.2853,590,Acceptable,TRUE
2026 Jan-Aug,7,Province x age,Newfoundland and Labrador | 15 to 24,Unemployed (people),6822.125,5704.8969,7939.3531,0.0819,262.1225,689,Acceptable,TRUE
2026 Jan-Aug,7,Province x age,Newfoundland and Labrador | 25 to 54,Unemployed (people),11813.125,10368.532,13257.718,0.0611,338.9283,1226,Acceptable,TRUE
2026 Jan-Aug,7,Province x age,Newfoundland and Labrador | 55 and over,Unemployed (people),7077.25,5985.0666,8169.4334,0.0772,256.2465,802,Acceptable,TRUE
2026 Jan-Aug,7,Province x age,Nova Scotia | 15 to 24,Unemployed (people),10654,8680.4854,12627.5146,0.0926,463.0232,516,Acceptable,TRUE
2026 Jan-Aug,7,Province x age,Nova Scotia | 25 to 54,Unemployed (people),21248.5,18419.13,24077.87,0.0666,663.8227,997,Acceptable,TRUE
2026 Jan-Aug,7,Province x age,Nova Scotia | 55 and over,Unemployed (people),7201.125,5587.8317,8814.4183,0.112,378.5086,393,Acceptable,TRUE
2026 Jan-Aug,7,Province x age,Ontario | 15 to 24,Unemployed (people),197818,182180.8911,213455.1089,0.0395,3668.7561,4065,Acceptable,TRUE
2026 Jan-Aug,7,Province x age,Ontario | 25 to 54,Unemployed (people),369223.25,346029.5602,392416.9398,0.0314,5441.6702,6995,Acceptable,TRUE
2026 Jan-Aug,7,Province x age,Ontario | 55 and over,Unemployed (people),88820.75,78671.2714,98970.2286,0.0571,2381.2561,2014,Acceptable,TRUE
2026 Jan-Aug,7,Province x age,Prince Edward Island | 15 to 24,Unemployed (people),2038.25,1493.9649,2582.5351,0.1335,127.6994,273,Acceptable,TRUE
2026 Jan-Aug,7,Province x age,Prince Edward Island | 25 to 54,Unemployed (people),3716.375,3009.2179,4423.5321,0.0951,165.9122,499,Acceptable,TRUE
2026 Jan-Aug,7,Province x age,Prince Edward Island | 55 and over,Unemployed (people),2113.75,1611.8478,2615.6522,0.1187,117.7556,324,Acceptable,TRUE
2026 Jan-Aug,7,Province x age,Quebec | 15 to 24,Unemployed (people),67072.25,57093,77051.5,0.0744,2341.3173,1407,Acceptable,TRUE
2026 Jan-Aug,7,Province x age,Quebec | 25 to 54,Unemployed (people),166649.75,149868.6215,183430.8785,0.0503,3937.1643,2796,Acceptable,TRUE
2026 Jan-Aug,7,Province x age,Quebec | 55 and over,Unemployed (people),49758.375,41231.7628,58284.9872,0.0857,2000.5015,1159,Acceptable,TRUE
2026 Jan-Aug,7,Province x age,Saskatchewan | 15 to 24,Unemployed (people),12482.75,10459.6567,14505.8433,0.081,474.6552,668,Acceptable,TRUE
2026 Jan-Aug,7,Province x age,Saskatchewan | 25 to 54,Unemployed (people),21531.375,18844.5082,24218.2418,0.0624,630.3888,1142,Acceptable,TRUE
2026 Jan-Aug,7,Province x age,Saskatchewan | 55 and over,Unemployed (people),6455.5,4987.268,7923.732,0.1137,344.4745,366,Acceptable,TRUE
